lead_id,created_date,company,industry,company_size,region,country,lead_source,campaign,utm_medium,lead_status,mql_date,sql_date,opportunity_id,opportunity_created_date,deal_stage,deal_amount_usd,close_date,owner,days_to_close
L-11793,2025-07-28,Atlas Systems,Logistics,1-50,APAC,Japan,Referral,Partner Referral,referral,MQL,2025-08-06,,,,,,,,
L-11877,2025-05-09,Iron Health,Retail,201-1000,LATAM,Mexico,Organic Search,SEO - Comparison Pages,organic,SQL,2025-05-29,2025-06-12,,,,,,Ben Carter,
L-12265,2025-01-06,Apex Retail,Manufacturing,1-50,APAC,Singapore,Paid Social,Meta Retargeting,paid_social,New,,,,,,,,,
L-10063,2025-08-01,Orbit Labs,Logistics,51-200,LATAM,Brazil,Content Syndication,Whitepaper Syndication,syndication,Disqualified,,,,,,,,,
L-12453,2026-05-13,Summit Networks,Education,201-1000,LATAM,Brazil,Referral,Customer Referral,referral,Converted,2026-05-21,2026-06-04,OPP-7453,2026-06-24,Proposal,13500,2026-08-27,Priya Shah,
L-10135,2026-01-07,Clear Media,Financial Services,51-200,North America,United States,Events,Regional Roadshow,event,MQL,2026-01-24,,,,,,,,
L-11318,2025-10-19,Vertex Networks,Financial Services,1001-5000,North America,United States,Paid Search,Competitor Keywords,cpc,New,,,,,,,,,
L-12413,2025-11-16,Quartz Systems,Media,1-50,EMEA,United Kingdom,Events,Regional Roadshow,event,Disqualified,,,,,,,,,
L-12405,2025-01-06,Cedar Networks,SaaS,51-200,EMEA,United Kingdom,Content Syndication,Whitepaper Syndication,syndication,Disqualified,,,,,,,,,
L-11900,2026-02-11,Pine Foods,Logistics,5000+,North America,United States,Events,Customer Dinner Series,event,New,,,,,,,,,
L-11397,2026-02-22,Maple Labs,Healthcare,201-1000,LATAM,Mexico,Organic Search,SEO - Comparison Pages,organic,SQL,2026-02-26,2026-03-03,,,,,,Ben Carter,
L-10599,2026-01-21,Nova Health,Media,201-1000,North America,Canada,Paid Search,Competitor Keywords,cpc,New,,,,,,,,,
L-12335,2025-05-22,Pine Works,SaaS,1-50,North America,Canada,Organic Search,SEO - Comparison Pages,organic,New,,,,,,,,,
L-10770,2026-05-20,Summit Systems,Financial Services,201-1000,North America,Canada,Paid Social,LinkedIn Thought Leadership,,MQL,2026-06-02,,,,,,,,
L-10245,2025-12-10,Crest Works,SaaS,201-1000,North America,Canada,Organic Search,SEO - Blog,organic,MQL,2025-12-18,,,,,,,,
L-10748,2025-02-25,Blue Health,Manufacturing,1001-5000,North America,United States,Organic Search,SEO - Comparison Pages,organic,SQL,2025-03-15,2025-04-08,,,,,,Tom Reilly,
L-11959,2026-03-02,Silver Labs,Retail,201-1000,EMEA,Netherlands,webinar,Webinar: RevOps 101,email,Converted,2026-03-23,2026-04-15,OPP-6959,2026-04-29,Closed Lost,45200,2026-06-25,Marcus Lee,57
L-11774,2025-09-01,North Partners,Retail,5000+,APAC,Singapore,Paid Social,LinkedIn Thought Leadership,paid_social,MQL,2025-09-20,,,,,,,,
L-10157,2025-12-27,Maple Logistics,Retail,1-50,EMEA,United Kingdom,Webinar,Webinar: Pipeline Masterclass,email,Converted,2026-01-11,2026-02-06,OPP-5157,2026-02-24,Closed Lost,29200,2026-04-12,Dana Okafor,47
L-11325,2025-03-04,Atlas Retail,Logistics,201-1000,EMEA,Netherlands,Webinar,Webinar: RevOps 101,email,MQL,2025-03-23,,,,,,,,
L-11962,2025-05-22,North Foods,Manufacturing,51-200,North America,United States,Content Syndication,Ebook: State of Marketing,syndication,New,,,,,,,,,
L-11435,2025-02-15,Apex Retail,Retail,201-1000,APAC,Singapore,Organic Search,SEO - Blog,organic,MQL,2025-03-08,,,,,,,,
L-11462,2025-08-19,Crest Health,Retail,1001-5000,North America,United States,Outbound,SDR Outbound - Enterprise,outbound,New,,,,,,,,,
L-11162,2025-11-16,Pine Foods,Manufacturing,1-50,EMEA,Germany,Webinar,Webinar: 2026 Benchmarks,email,New,,,,,,,,,
L-11540,2026-01-19,Nova Media,Media,1-50,North America,Canada,Paid Search,Competitor Keywords,cpc,New,,,,,,,,,
L-10733,2025-12-04,Maple Foods,SaaS,51-200,LATAM,Mexico,Paid Search,Generic - Analytics,cpc,Disqualified,,,,,,,,,
L-11285,2026-03-02,Cedar Logistics,Logistics,201-1000,EMEA,Netherlands,Events,Regional Roadshow,event,MQL,2026-03-03,,,,,,,,
L-10572,2025-04-27,Quartz Labs,Logistics,1-50,APAC,Singapore,Organic Search,SEO - Comparison Pages,organic,MQL,2025-04-30,,,,,,,,
L-10160,2026-05-03,Cedar Analytics,Logistics,201-1000,North America,Canada,Paid Search,Brand Search Q,cpc,New,,,,,,,,,
L-11082,2026-05-16,Clear Logistics,Education,1001-5000,North America,United States,Outbound,SDR Outbound - Mid-Market,outbound,New,,,,,,,,,
L-11157,2025-07-27,Harbor Partners,Logistics,1-50,EMEA,Germany,LinkedIn,LinkedIn Thought Leadership,paid_social,New,,,,,,,,,
L-12214,2025-10-22,Vertex Analytics,Education,51-200,North America,United States,Organic Search,SEO - Comparison Pages,organic,New,,,,,,,,,
L-10173,2025-10-11,Nova Logistics,Logistics,51-200,North America,Canada,Content Syndication,Ebook: State of Marketing,syndication,New,,,,,,,,,
L-10553,2026-04-15,Maple Robotics,Healthcare,1-50,EMEA,France,Events,Regional Roadshow,event,New,,,,,,,,,
L-11673,2025-09-28,Bright Works,SaaS,5000+,LATAM,Mexico,Webinar,Webinar: 2026 Benchmarks,email,Converted,2025-10-16,2025-10-31,OPP-6673,2025-11-13,Closed Lost,136900,2025-11-23,Sofia Martinez,10
L-11409,2026-05-19,Quartz Health,Manufacturing,5000+,EMEA,United Kingdom,Paid Social,LinkedIn Thought Leadership,paid_social,MQL,2026-05-29,,,,,,,,
L-11480,2025-12-04,Lumen Robotics,SaaS,201-1000,North America,United States,Webinar,Webinar: RevOps 101,email,MQL,2025-12-18,,,,,,,,
L-11493,2026-02-02,Cedar Robotics,Retail,51-200,EMEA,Netherlands,Paid Social,LinkedIn Thought Leadership,paid_social,New,,,,,,,,,
L-10431,2025-03-30,Lumen Labs,Education,201-1000,LATAM,Mexico,Events,Customer Dinner Series,event,New,,,,,,,,,
L-10267,2025-04-20,Orbit Partners,Retail,1-50,EMEA,United Kingdom,Content Syndication,Whitepaper Syndication,syndication,New,,,,,,,,,
L-12347,2025-05-30,Pine Retail,SaaS,51-200,North America,Canada,Paid Search,Brand Search Q,cpc,SQL,2025-06-09,2025-06-23,,,,,,Jake Chen,
L-10672,2025-12-19,Nova Group,Retail,51-200,North America,United States,PPC,Brand Search Q,cpc,MQL,2025-12-19,,,,,,,,
L-10328,2025-09-03,Summit Analytics,Education,51-200,LATAM,Brazil,Events,Customer Dinner Series,event,Disqualified,,,,,,,,,
L-10957,2026-05-23,Crest Retail,,1001-5000,APAC,Australia,Referral,Customer Referral,referral,MQL,2026-05-27,,,,,,,,
L-12368,2026-01-28,Blue Robotics,SaaS,201-1000,North America,Canada,Events,Customer Dinner Series,event,New,,,,,,,,,
L-12308,2026-03-19,Pine Robotics,SaaS,201-1000,North America,United States,Paid Social,LinkedIn Thought Leadership,paid_social,New,,,,,,,,,
L-11517,2025-12-11,Bright Analytics,Education,1001-5000,LATAM,Mexico,Paid Social,LinkedIn Lead Gen,paid_social,Disqualified,,,,,,,,,
L-11669,2025-03-04,Blue Capital,Financial Services,201-1000,EMEA,France,Organic Search,SEO - Comparison Pages,organic,New,,,,,,,,,
L-12334,2026-06-11,Maple Media,Education,201-1000,EMEA,United Kingdom,Paid Social,LinkedIn Thought Leadership,paid_social,MQL,2026-06-20,,,,,,,,
L-12464,2025-11-10,Pine Analytics,SaaS,51-200,North America,United States,Webinar,Webinar: Pipeline Masterclass,email,New,,,,,,,,,
L-11832,2026-05-10,Silver Systems,Manufacturing,201-1000,North America,United States,Events,SaaStr Booth,event,New,,,,,,,,,
L-10616,2025-05-23,Apex Media,Education,1001-5000,EMEA,Netherlands,Events,Customer Dinner Series,event,Converted,2025-05-23,2025-05-30,OPP-5616,2025-06-16,Closed Won,51300,2025-08-03,Aisha Patel,48
L-10653,2025-11-05,Bright Systems,Healthcare,201-1000,LATAM,Mexico,Webinar,Webinar: Pipeline Masterclass,email,Converted,2025-11-15,2025-11-27,OPP-5653,2025-12-06,Closed Lost,17400,2026-03-19,Sofia Martinez,103
L-12120,2026-05-07,Blue Analytics,Healthcare,51-200,EMEA,United Kingdom,Paid Search,Competitor Keywords,cpc,MQL,2026-05-10,,,,,,,,
L-10857,2025-04-25,Quartz Group,Retail,1-50,LATAM,Brazil,Paid Search,Brand Search Q,cpc,New,,,,,,,,,
L-11599,2026-06-02,Vertex Systems,SaaS,5000+,North America,Canada,Paid Search,Generic - Analytics,cpc,New,,,,,,,,,
L-10039,2026-01-02,Pine Group,Education,1-50,North America,United States,Paid Social,LinkedIn Lead Gen,paid_social,MQL,2026-01-14,,,,,,,,
L-12371,2026-05-27,Harbor Foods,Media,201-1000,EMEA,France,Paid Search,Generic - Analytics,cpc,SQL,2026-06-15,2026-07-02,,,,,,Aisha Patel,
L-11973,2026-02-17,Echo Learning,Manufacturing,201-1000,EMEA,France,Paid Search,Competitor Keywords,cpc,MQL,2026-02-26,,,,,,,,
L-10170,2025-11-20,Quartz Labs,Manufacturing,1001-5000,LATAM,Mexico,Paid Search,Brand Search Q,cpc,New,,,,,,,,,
L-12089,2026-04-08,Cedar Logistics,Healthcare,201-1000,APAC,Japan,Content Syndication,Ebook: State of Marketing,syndication,MQL,2026-04-15,,,,,,,,
L-11004,2025-12-07,Summit Logistics,Financial Services,1001-5000,APAC,Australia,Paid Social,Meta Retargeting,paid_social,MQL,2025-12-07,,,,,,,,
L-11000,2025-07-30,Apex Learning,Healthcare,51-200,North America,United States,Organic Search,SEO - Blog,organic,New,,,,,,,,,
L-10229,2025-12-23,Silver Logistics,Retail,201-1000,APAC,Japan,Events,Regional Roadshow,event,MQL,2025-12-24,,,,,,,,
L-12045,2026-03-20,Crest Capital,Logistics,1001-5000,EMEA,United Kingdom,Referral,Customer Referral,referral,Converted,2026-04-08,2026-05-04,OPP-7045,2026-05-19,Closed Lost,58200,2026-06-28,Aisha Patel,40
L-11453,2025-03-30,Summit Retail,Manufacturing,51-200,North America,Canada,Organic Search,SEO - Blog,organic,Disqualified,,,,,,,,,
L-11820,2026-02-06,Summit Labs,Financial Services,1-50,EMEA,Germany,Paid Social,Meta Retargeting,paid_social,Disqualified,,,,,,,,,
L-11846,2026-03-12,Echo Group,Retail,51-200,North America,United States,Organic Search,SEO - Blog,organic,Disqualified,,,,,,,,,
L-11378,2026-06-29,Nova Analytics,Logistics,51-200,North America,United States,Paid Social,LinkedIn Lead Gen,paid_social,New,,,,,,,,,
L-10969,2025-01-05,Bright Partners,Media,201-1000,EMEA,Netherlands,Events,Regional Roadshow,event,MQL,2025-01-05,,,,,,,,
L-12388,2025-03-09,North Media,Media,201-1000,EMEA,Germany,LinkedIn,Meta Retargeting,paid_social,New,,,,,,,,,
L-10417,2025-11-17,Bright Retail,Logistics,201-1000,North America,United States,Webinar,Webinar: Pipeline Masterclass,email,MQL,2025-11-29,,,,,,,,
L-10384,2026-05-31,Clear Group,SaaS,51-200,EMEA,Germany,Organic Search,SEO - Blog,organic,Converted,2026-06-13,2026-06-20,OPP-5384,2026-07-03,Demo,18500,2026-08-21,Sofia Martinez,
L-11199,2025-10-26,Nova Analytics,Retail,201-1000,North America,United States,Outbound,SDR Outbound - Mid-Market,outbound,MQL,2025-11-05,,,,,,,,
L-11489,2025-05-11,Echo Health,SaaS,5000+,APAC,Singapore,Paid Social,LinkedIn Lead Gen,paid_social,MQL,2025-05-22,,,,,,,,
L-12124,2025-12-08,Echo Systems,Financial Services,5000+,EMEA,Netherlands,Paid Search,Brand Search Q,cpc,SQL,2025-12-27,2025-12-31,,,,,,Priya Shah,
L-12348,2026-04-01,Blue Health,Financial Services,51-200,North America,Canada,Referral,Partner Referral,referral,MQL,2026-04-18,,,,,,,,
L-12364,2025-06-01,Clear Media,Retail,201-1000,North America,United States,Organic Search,SEO - Comparison Pages,organic,Disqualified,,,,,,,,,
L-10937,2026-05-03,Clear Learning,Financial Services,51-200,EMEA,France,Outbound,SDR Outbound - Enterprise,outbound,New,,,,,,,,,
L-11919,2025-08-24,Nova Works,Media,201-1000,North America,Canada,Organic Search,SEO - Blog,organic,New,,,,,,,,,
L-12369,2025-05-07,Vertex Learning,Healthcare,5000+,North America,Canada,Webinar,Webinar: RevOps 101,email,New,,,,,,,,,
L-11503,2026-03-28,Maple Labs,Education,1-50,North America,Canada,Paid Search,Generic - Analytics,cpc,New,,,,,,,,,
L-10685,2025-10-25,Harbor Partners,Logistics,1001-5000,LATAM,Mexico,Outbound,SDR Outbound - Enterprise,outbound,MQL,2025-10-26,,,,,,,,
L-11631,2026-05-17,Blue Learning,SaaS,201-1000,EMEA,United Kingdom,Paid Search,Brand Search Q,cpc,New,,,,,,,,,
L-10959,2026-02-28,Clear Works,Manufacturing,1001-5000,LATAM,Mexico,Paid Search,Generic - Analytics,cpc,MQL,2026-03-07,,,,,,,,
L-12403,2026-04-27,Bright Partners,Media,51-200,North America,Canada,Paid Search,Generic - Analytics,cpc,New,,,,,,,,,
L-10577,2026-05-17,Silver Group,SaaS,1-50,APAC,Japan,Events,SaaStr Booth,event,Converted,2026-06-05,2026-06-19,OPP-5577,2026-07-02,Demo,4600,2026-09-06,Sofia Martinez,
L-11694,2026-03-23,Iron Works,SaaS,51-200,North America,United States,Paid Social,Meta Retargeting,paid_social,MQL,2026-04-05,,,,,,,,
L-12324,2026-05-07,Silver Works,Manufacturing,51-200,EMEA,United Kingdom,Referral,Customer Referral,referral,MQL,2026-05-22,,,,,,,,
L-10579,2025-10-25,Lumen Systems,Media,51-200,EMEA,France,Referral,Partner Referral,referral,SQL,2025-11-07,2025-11-25,,,,,,Jake Chen,
L-11148,2026-05-15,Cedar Partners,Healthcare,1-50,North America,United States,Paid Social,LinkedIn Lead Gen,paid_social,SQL,2026-05-30,2026-06-13,,,,,,Dana Okafor,
L-11336,2025-09-05,Cedar Logistics,Healthcare,51-200,North America,United States,Paid Search,Generic - Analytics,cpc,MQL,2025-09-24,,,,,,,,
L-11193,2026-05-21,Pine Learning,Logistics,1-50,APAC,Australia,Paid Search,Brand Search Q,cpc,New,,,,,,,,,
L-10683,2025-05-18,Crest Retail,Retail,201-1000,North America,Canada,Organic Search,SEO - Comparison Pages,organic,Converted,2025-05-29,2025-06-05,OPP-5683,2025-06-22,Closed Won,40200,2025-07-19,Ben Carter,27
L-10193,2026-06-24,North Systems,Media,51-200,LATAM,Brazil,Content Syndication,Ebook: State of Marketing,syndication,New,,,,,,,,,
L-10147,2025-05-16,Orbit Analytics,,1-50,North America,United States,Webinar,Webinar: Pipeline Masterclass,email,MQL,2025-05-26,,,,,,,,
L-10785,2025-04-06,Harbor Systems,Media,1001-5000,LATAM,Mexico,Paid Social,Meta Retargeting,paid_social,New,,,,,,,,,
L-12370,2026-06-27,Lumen Learning,Financial Services,201-1000,North America,Canada,Paid Search,Generic - Analytics,cpc,New,,,,,,,,,
L-11723,2025-10-20,North Logistics,Healthcare,201-1000,North America,Canada,Outbound,SDR Outbound - Mid-Market,outbound,MQL,2025-10-27,,,,,,,,
L-11868,2025-01-27,North Logistics,Media,1-50,EMEA,United Kingdom,Events,Regional Roadshow,event,New,,,,,,,,,
L-11059,2025-10-25,Quartz Media,Healthcare,1-50,North America,United States,Events,Customer Dinner Series,event,New,,,,,,,,,
L-12275,2026-04-20,Silver Media,Logistics,51-200,EMEA,Netherlands,Referral,Partner Referral,referral,Converted,2026-04-21,2026-05-11,OPP-7275,2026-05-26,Proposal,13600,2026-07-20,Ben Carter,
L-11025,2025-04-29,Echo Logistics,Financial Services,201-1000,EMEA,Netherlands,Paid Search,Brand Search Q,cpc,SQL,2025-05-11,2025-06-10,,,,,,Aisha Patel,
L-11303,2026-01-22,Vertex Systems,SaaS,201-1000,APAC,Australia,Organic Search,SEO - Comparison Pages,organic,Disqualified,,,,,,,,,
L-12454,2025-11-27,Quartz Labs,Media,1-50,EMEA,Netherlands,Organic Search,SEO - Blog,organic,MQL,2025-11-28,,,,,,,,
L-10783,2026-03-30,Apex Retail,Healthcare,1001-5000,North America,Canada,Paid Search,Competitor Keywords,cpc,Converted,2026-04-08,2026-04-18,OPP-5783,2026-04-21,Proposal,18900,2026-07-11,Jake Chen,
L-12289,2026-03-16,Maple Media,Logistics,51-200,North America,United States,Webinar,Webinar: RevOps 101,email,SQL,2026-03-18,2026-03-25,,,,,,Sofia Martinez,
L-11086,2026-05-18,Iron Analytics,Manufacturing,201-1000,North America,United States,Webinar,Webinar: RevOps 101,email,Converted,2026-05-22,2026-05-27,OPP-6086,2026-06-14,Proposal,49200,2026-08-24,Aisha Patel,
L-11205,2026-02-04,Silver Capital,Media,51-200,North America,Canada,Events,SaaStr Booth,event,New,,,,,,,,,
L-11529,2025-10-09,Bright Media,Financial Services,51-200,North America,United States,Organic Search,SEO - Comparison Pages,organic,MQL,2025-10-09,,,,,,,,
L-12186,2026-06-15,Blue Health,Education,1-50,EMEA,France,Outbound,SDR Outbound - Enterprise,outbound,MQL,2026-06-28,,,,,,,,
L-12414,2025-12-24,Silver Capital,Education,51-200,EMEA,Germany,Referral,Partner Referral,referral,Converted,2026-01-04,2026-01-20,OPP-7414,2026-02-09,Closed Won,36400,2026-04-04,Jake Chen,54
L-12434,2025-12-18,Blue Foods,Media,1-50,EMEA,France,Outbound,SDR Outbound - Enterprise,outbound,New,,,,,,,,,
L-11847,2025-12-31,Atlas Group,Logistics,1-50,APAC,Singapore,Organic Search,SEO - Comparison Pages,organic,MQL,2026-01-08,,,,,,,,
L-12195,2025-12-28,Silver Capital,Education,51-200,EMEA,France,Referral,Customer Referral,referral,Converted,2026-01-10,2026-02-06,OPP-7195,2026-02-16,Closed Won,9300,2026-05-17,Sofia Martinez,90
L-10939,2025-08-11,Iron Labs,Media,51-200,EMEA,Germany,Webinar,Webinar: RevOps 101,email,New,,,,,,,,,
L-10333,2025-05-05,Summit Robotics,Retail,1001-5000,APAC,Singapore,Webinar,Webinar: RevOps 101,email,Disqualified,,,,,,,,,
L-11862,2025-12-30,Cedar Capital,Financial Services,1-50,North America,United States,Content Syndication,Ebook: State of Marketing,syndication,SQL,2026-01-04,2026-01-09,,,,,,Sofia Martinez,
L-12169,2025-02-11,Silver Analytics,Education,1001-5000,APAC,Singapore,Referral,Customer Referral,referral,New,,,,,,,,,
L-10804,2025-03-18,Vertex Foods,Manufacturing,51-200,EMEA,Germany,Events,Regional Roadshow,event,Converted,2025-03-20,2025-03-22,OPP-5804,2025-04-09,Closed Won,13200,2025-05-10,Dana Okafor,31
L-10980,2025-01-15,Nova Health,,51-200,North America,United States,Outbound,SDR Outbound - Enterprise,outbound,New,,,,,,,,,
L-11391,2026-04-03,Lumen Robotics,Media,201-1000,North America,United States,Paid Social,LinkedIn Lead Gen,paid_social,MQL,2026-04-12,,,,,,,,
L-12353,2025-07-10,Apex Logistics,Healthcare,1-50,North America,United States,Outbound,SDR Outbound - Enterprise,outbound,New,,,,,,,,,
L-11223,2026-01-10,Blue Works,Education,1-50,North America,United States,Paid Search,Generic - Analytics,cpc,New,,,,,,,,,
L-10043,2025-11-16,Apex Capital,Media,201-1000,EMEA,Germany,Referral,Customer Referral,referral,Converted,2025-11-24,2025-12-02,OPP-5043,2025-12-15,Closed Won,22700,2026-01-02,Ben Carter,18
L-12452,2026-02-02,Quartz Foods,Education,51-200,North America,United States,Outbound,SDR Outbound - Enterprise,outbound,New,,,,,,,,,
L-10574,2026-01-20,Crest Health,Media,5000+,North America,United States,Paid Search,Brand Search Q,cpc,New,,,,,,,,,
L-10889,2025-06-14,Echo Analytics,,201-1000,EMEA,France,Referral,Customer Referral,referral,Converted,2025-06-27,2025-07-03,OPP-5889,2025-07-10,Closed Lost,21600,2025-10-31,Ben Carter,113
L-12479,2026-04-26,Clear Networks,SaaS,1-50,EMEA,Netherlands,Events,Customer Dinner Series,event,New,,,,,,,,,
L-10902,2025-01-05,Iron Labs,Media,201-1000,North America,Canada,Paid Search,Generic - Analytics,cpc,Converted,2025-01-23,2025-02-05,OPP-5902,2025-02-11,Closed Lost,89800,2025-03-07,Ben Carter,24
L-12157,2025-08-06,Pine Analytics,Media,51-200,North America,Canada,Paid Search,Generic - Analytics,cpc,New,,,,,,,,,
L-11621,2025-06-10,Quartz Health,Media,1-50,LATAM,Mexico,Events,Customer Dinner Series,event,New,,,,,,,,,
L-11316,2026-01-31,Nova Foods,,201-1000,APAC,Australia,Organic Search,SEO - Blog,organic,New,,,,,,,,,
L-10955,2026-01-31,Blue Networks,Manufacturing,51-200,North America,United States,Paid Social,Meta Retargeting,paid_social,Disqualified,,,,,,,,,
L-11276,2025-07-24,Summit Media,Healthcare,51-200,North America,United States,Content Syndication,Ebook: State of Marketing,syndication,New,,,,,,,,,
L-10522,2026-05-24,Clear Media,Healthcare,1-50,North America,Canada,Paid Search,Competitor Keywords,cpc,Disqualified,,,,,,,,,
L-11943,2025-03-15,Maple Health,Financial Services,51-200,North America,United States,Referral,Partner Referral,referral,MQL,2025-03-16,,,,,,,,
L-10716,2025-12-16,Silver Works,Financial Services,5000+,EMEA,United Kingdom,Paid Social,Meta Retargeting,paid_social,Converted,2026-01-02,2026-01-30,OPP-5716,2026-02-17,Discovery,183800,2026-09-05,Priya Shah,
L-11499,2026-04-20,Clear Labs,Financial Services,1001-5000,North America,United States,Paid Search,Competitor Keywords,cpc,MQL,2026-04-21,,,,,,,,
L-12085,2025-09-08,Clear Analytics,Financial Services,201-1000,North America,United States,Paid Search,Generic - Analytics,cpc,MQL,2025-09-22,,,,,,,,
L-10138,2026-06-14,Bright Networks,Financial Services,1001-5000,North America,Canada,Organic Search,SEO - Blog,organic,SQL,2026-06-21,2026-07-09,,,,,,Sofia Martinez,
L-10823,2025-08-13,Clear Learning,Healthcare,1-50,EMEA,United Kingdom,Events,Regional Roadshow,event,MQL,2025-08-13,,,,,,,,
L-11658,2026-04-16,Echo Analytics,Healthcare,1-50,North America,United States,Webinar,Webinar: Pipeline Masterclass,email,New,,,,,,,,,
L-12350,2026-04-30,Vertex Capital,Healthcare,1-50,North America,Canada,Outbound,SDR Outbound - Enterprise,outbound,New,,,,,,,,,
L-10010,2025-06-27,Atlas Labs,Manufacturing,1-50,North America,United States,Webinar,Webinar: RevOps 101,email,New,,,,,,,,,
L-12310,2025-09-19,Apex Networks,Manufacturing,1-50,North America,United States,Outbound,SDR Outbound - Enterprise,outbound,MQL,2025-09-29,,,,,,,,
L-10646,2026-06-02,Apex Systems,Financial Services,5000+,APAC,Australia,Outbound,SDR Outbound - Enterprise,outbound,MQL,2026-06-14,,,,,,,,
L-11629,2026-04-11,Maple Labs,Healthcare,51-200,North America,United States,Paid Search,Competitor Keywords,cpc,Converted,2026-04-26,2026-05-06,OPP-6629,2026-05-22,Discovery,18000,2026-08-11,Aisha Patel,
L-12146,2025-08-12,Maple Partners,Healthcare,1-50,EMEA,France,Referral,Customer Referral,referral,Disqualified,,,,,,,,,
L-10205,2026-01-12,Vertex Media,Education,5000+,EMEA,Netherlands,Paid Search,Brand Search Q,cpc,Converted,2026-01-20,2026-02-14,OPP-5205,2026-02-27,Closed Lost,99200,2026-06-09,Tom Reilly,102
L-10189,2026-04-04,Vertex Retail,Retail,51-200,North America,United States,Paid Social,Meta Retargeting,paid_social,New,,,,,,,,,
L-11879,2025-10-21,Apex Partners,SaaS,51-200,APAC,Singapore,Paid Social,LinkedIn Thought Leadership,paid_social,MQL,2025-10-27,,,,,,,,
L-12386,2026-05-08,Echo Works,Education,201-1000,EMEA,Germany,Paid Social,LinkedIn Lead Gen,paid_social,New,,,,,,,,,
L-10688,2025-04-18,Iron Labs,Healthcare,201-1000,EMEA,United Kingdom,Paid Social,LinkedIn Thought Leadership,paid_social,New,,,,,,,,,
L-11876,2026-05-30,Bright Group,Manufacturing,201-1000,EMEA,France,Organic Search,SEO - Blog,organic,MQL,2026-05-30,,,,,,,,
L-10149,2025-04-19,Cedar Health,Media,1-50,LATAM,Mexico,Referral,Customer Referral,referral,Converted,2025-05-05,2025-05-29,OPP-5149,2025-05-30,Closed Lost,6900,2025-08-18,Sofia Martinez,80
L-10177,2025-05-10,Summit Media,Logistics,1-50,North America,United States,Organic Search,SEO - Comparison Pages,organic,New,,,,,,,,,
L-10684,2026-06-08,Apex Media,Manufacturing,201-1000,North America,United States,Organic Search,SEO - Blog,organic,Converted,2026-06-22,2026-07-03,OPP-5684,2026-07-19,Proposal,33000,2026-09-24,Aisha Patel,
L-10627,2026-01-28,Silver Media,Retail,1-50,APAC,Australia,Content Syndication,Whitepaper Syndication,syndication,Disqualified,,,,,,,,,
L-10200,2025-12-30,Echo Health,Manufacturing,51-200,North America,Canada,Events,Customer Dinner Series,event,New,,,,,,,,,
L-11320,2025-01-16,Pine Partners,Financial Services,5000+,LATAM,Brazil,Paid Social,LinkedIn Thought Leadership,paid_social,New,,,,,,,,,
L-10637,2026-03-21,Lumen Robotics,Healthcare,51-200,North America,Canada,Webinar,Webinar: RevOps 101,email,New,,,,,,,,,
L-11080,2025-08-05,Nova Logistics,,1-50,North America,United States,Webinar,Webinar: RevOps 101,email,New,,,,,,,,,
L-11740,2025-12-26,Nova Learning,Retail,51-200,EMEA,Germany,Outbound,SDR Outbound - Mid-Market,outbound,New,,,,,,,,,
L-12393,2026-06-12,Summit Group,Media,1-50,North America,Canada,Organic Search,SEO - Comparison Pages,organic,SQL,2026-06-17,2026-07-06,,,,,,Sofia Martinez,
L-11777,2026-04-08,Blue Health,Education,51-200,EMEA,France,Webinar,Webinar: RevOps 101,email,MQL,2026-04-15,,,,,,,,
L-10481,2025-12-25,Bright Retail,Retail,1-50,APAC,Australia,Events,SaaStr Booth,event,Converted,2026-01-15,2026-01-20,OPP-5481,2026-01-27,Closed Won,17000,2026-03-13,Dana Okafor,45
L-11402,2025-03-30,Bright Group,Media,1-50,EMEA,United Kingdom,Referral,Customer Referral,referral,New,,,,,,,,,
L-10678,2025-07-20,North Health,Education,201-1000,EMEA,Netherlands,Content Syndication,Whitepaper Syndication,syndication,MQL,2025-08-01,,,,,,,,
L-10659,2025-12-04,Vertex Partners,Retail,1001-5000,EMEA,Netherlands,Events,SaaStr Booth,event,MQL,2025-12-10,,,,,,,,
L-10792,2025-04-26,Vertex Foods,SaaS,51-200,EMEA,Germany,Content Syndication,Ebook: State of Marketing,syndication,New,,,,,,,,,
L-11304,2026-01-22,Blue Labs,Healthcare,51-200,LATAM,Mexico,Events,Customer Dinner Series,event,SQL,2026-02-11,2026-02-22,,,,,,Marcus Lee,
L-11858,2025-10-14,Quartz Foods,Logistics,5000+,LATAM,Brazil,Events,Customer Dinner Series,event,MQL,2025-10-14,,,,,,,,
L-10745,2025-05-10,Bright Capital,SaaS,51-200,North America,United States,Outbound,SDR Outbound - Mid-Market,outbound,New,,,,,,,,,
L-10639,2025-09-19,North Labs,Financial Services,51-200,North America,Canada,Content Syndication,Whitepaper Syndication,syndication,New,,,,,,,,,
L-12062,2026-05-01,Apex Labs,Education,1-50,LATAM,Brazil,Outbound,SDR Outbound - Enterprise,outbound,MQL,2026-05-20,,,,,,,,
L-11736,2026-03-25,Iron Capital,Media,5000+,APAC,Singapore,Paid Search,Competitor Keywords,cpc,Disqualified,,,,,,,,,
L-10049,2025-03-10,Echo Capital,Media,1-50,North America,Canada,Referral,Partner Referral,referral,SQL,2025-03-20,2025-03-28,,,,,,Jake Chen,
L-10440,2025-06-30,Orbit Networks,Healthcare,1-50,LATAM,Brazil,Paid Search,Generic - Analytics,cpc,SQL,2025-07-10,2025-08-03,,,,,,Sofia Martinez,
L-11711,2025-12-12,Vertex Networks,Education,51-200,EMEA,Netherlands,Events,Regional Roadshow,event,SQL,2025-12-27,2026-01-23,,,,,,Ben Carter,
L-10868,2025-08-12,Nova Labs,SaaS,201-1000,APAC,Australia,Organic Search,SEO - Blog,organic,New,,,,,,,,,
L-10234,2026-01-29,Nova Labs,Retail,201-1000,EMEA,United Kingdom,Paid Search,Competitor Keywords,cpc,MQL,2026-02-17,,,,,,,,
L-12294,2025-08-07,Clear Labs,Education,1001-5000,APAC,Japan,Content Syndication,Whitepaper Syndication,syndication,MQL,2025-08-14,,,,,,,,
L-10915,2025-09-06,Silver Group,Financial Services,51-200,EMEA,United Kingdom,Paid Social,LinkedIn Lead Gen,paid_social,New,,,,,,,,,
L-10899,2026-01-04,Cedar Robotics,SaaS,201-1000,EMEA,Netherlands,Organic Search,SEO - Blog,organic,New,,,,,,,,,
L-12071,2026-06-02,Vertex Group,Logistics,201-1000,North America,United States,Paid Social,LinkedIn Thought Leadership,paid_social,MQL,2026-06-06,,,,,,,,
L-11147,2026-05-30,Crest Partners,SaaS,51-200,North America,Canada,Organic Search,SEO - Blog,organic,New,,,,,,,,,
L-10492,2025-05-02,Echo Robotics,Financial Services,1001-5000,EMEA,Germany,Paid Social,LinkedIn Lead Gen,paid_social,New,,,,,,,,,
L-10031,2026-02-01,Lumen Systems,Education,201-1000,North America,Canada,Outbound,SDR Outbound - Enterprise,outbound,New,,,,,,,,,
L-12038,2025-06-15,Crest Media,Financial Services,5000+,EMEA,France,Outbound,SDR Outbound - Enterprise,,Converted,2025-07-06,2025-07-22,OPP-7038,2025-07-24,Closed Lost,62900,2025-12-28,Ben Carter,157
L-12307,2026-05-04,Summit Health,,201-1000,LATAM,Mexico,organic,SEO - Blog,organic,New,,,,,,,,,
L-11602,2025-09-07,Crest Foods,Healthcare,1-50,APAC,Australia,Paid Social,Meta Retargeting,paid_social,New,,,,,,,,,
L-10342,2025-09-13,Summit Capital,SaaS,1-50,EMEA,Germany,Paid Social,LinkedIn Lead Gen,paid_social,MQL,2025-09-18,,,,,,,,
L-12410,2026-06-08,Iron Group,Retail,51-200,LATAM,Mexico,Referral,Partner Referral,referral,Disqualified,,,,,,,,,
L-12044,2025-07-03,North Group,Logistics,201-1000,North America,Canada,Paid Search,Competitor Keywords,cpc,MQL,2025-07-22,,,,,,,,
L-11095,2025-08-07,Atlas Capital,Education,1-50,EMEA,United Kingdom,Referral,Partner Referral,referral,Converted,2025-08-11,2025-09-05,OPP-6095,2025-09-08,Closed Won,570000,2025-10-03,Marcus Lee,25
L-11566,2025-03-04,Orbit Media,Manufacturing,1001-5000,EMEA,Netherlands,Referral,Partner Referral,referral,Converted,2025-03-10,2025-04-06,OPP-6566,2025-04-24,Closed Lost,52500,2025-07-25,Dana Okafor,92
L-10597,2026-03-09,Harbor Group,Financial Services,1001-5000,North America,United States,Organic Search,SEO - Blog,organic,MQL,2026-03-22,,,,,,,,
L-11206,2026-01-21,North Systems,SaaS,51-200,EMEA,United Kingdom,Paid Search,Brand Search Q,cpc,Converted,2026-02-04,2026-03-01,OPP-6206,2026-03-12,Closed Won,28600,2026-05-02,Marcus Lee,51
L-12153,2025-11-30,Cedar Group,SaaS,201-1000,North America,Canada,Paid Social,Meta Retargeting,paid_social,MQL,2025-11-30,,,,,,,,
L-10974,2026-03-07,Harbor Partners,Education,201-1000,EMEA,Germany,Webinar,Webinar: Pipeline Masterclass,email,New,,,,,,,,,
L-10263,2025-11-22,Nova Health,Logistics,51-200,APAC,Australia,Paid Search,Brand Search Q,cpc,Converted,2025-12-02,2025-12-07,OPP-5263,2025-12-20,Closed Won,16400,2026-01-24,Marcus Lee,35
L-12161,2025-12-01,Clear Group,Media,1-50,North America,Canada,Content Syndication,Ebook: State of Marketing,syndication,New,,,,,,,,,
L-12187,2025-11-17,Maple Media,Education,1-50,EMEA,Germany,Paid Search,Generic - Analytics,cpc,MQL,2025-12-04,,,,,,,,
L-11017,2026-06-09,Crest Logistics,Financial Services,1-50,North America,United States,Webinar,Webinar: RevOps 101,email,SQL,2026-06-13,2026-06-17,,,,,,Marcus Lee,
L-10948,2026-02-22,Quartz Capital,SaaS,51-200,North America,United States,Organic Search,SEO - Blog,organic,New,,,,,,,,,
L-11666,2025-07-12,Summit Systems,Media,1001-5000,North America,United States,Events,SaaStr Booth,event,MQL,2025-07-18,,,,,,,,
L-11186,2025-01-23,Summit Retail,Financial Services,201-1000,North America,Canada,Organic Search,SEO - Comparison Pages,organic,MQL,2025-01-23,,,,,,,,
L-12331,2025-09-18,Crest Partners,Education,5000+,EMEA,Netherlands,Webinar,Webinar: RevOps 101,email,MQL,2025-09-23,,,,,,,,
L-10105,2026-04-04,Echo Health,Healthcare,1-50,North America,United States,Paid Social,LinkedIn Thought Leadership,paid_social,New,,,,,,,,,
L-10520,2025-05-16,Iron Networks,Education,201-1000,EMEA,France,Webinar,Webinar: RevOps 101,email,New,,,,,,,,,
L-10607,2026-02-14,Crest Logistics,Education,1-50,North America,Canada,Organic Search,SEO - Blog,organic,MQL,2026-02-27,,,,,,,,
L-11498,2026-02-24,Pine Robotics,Financial Services,201-1000,LATAM,Brazil,Paid Search,Brand Search Q,cpc,MQL,2026-03-10,,,,,,,,
L-12340,2025-07-10,Silver Works,SaaS,201-1000,LATAM,Brazil,Paid Social,LinkedIn Thought Leadership,paid_social,New,,,,,,,,,
L-12273,2026-04-29,Orbit Foods,SaaS,1-50,North America,Canada,Paid Search,Generic - Analytics,cpc,New,,,,,,,,,
L-10295,2025-01-20,Orbit Analytics,Logistics,51-200,North America,United States,Content Syndication,Ebook: State of Marketing,syndication,New,,,,,,,,,
L-11519,2025-04-14,Apex Robotics,Manufacturing,51-200,North America,Canada,Paid Search,Brand Search Q,cpc,Converted,2025-05-05,2025-06-04,OPP-6519,2025-06-21,Closed Lost,27500,2025-08-03,Dana Okafor,43
L-11992,2025-03-14,Crest Robotics,SaaS,201-1000,North America,United States,Paid Social,Meta Retargeting,paid_social,MQL,2025-03-14,,,,,,,,
L-11843,2025-04-07,Clear Robotics,Media,201-1000,North America,Canada,Organic Search,SEO - Blog,organic,Converted,2025-04-08,2025-04-11,OPP-6843,2025-04-25,Closed Won,53400,2025-07-04,Aisha Patel,70
L-11328,2026-03-06,Atlas Works,SaaS,201-1000,North America,United States,Paid Social,LinkedIn Thought Leadership,paid_social,MQL,2026-03-14,,,,,,,,
L-12316,2025-06-27,Nova Capital,Media,201-1000,North America,United States,Webinar,Webinar: 2026 Benchmarks,email,MQL,2025-07-03,,,,,,,,
L-12046,2025-06-08,Harbor Health,Financial Services,51-200,North America,Canada,Paid Social,LinkedIn Lead Gen,paid_social,New,,,,,,,,,
L-11419,2025-01-15,Harbor Retail,Logistics,51-200,North America,Canada,Events,Customer Dinner Series,event,New,,,,,,,,,
L-10447,2025-09-26,Apex Learning,Logistics,51-200,North America,United States,Events,Customer Dinner Series,event,MQL,2025-10-06,,,,,,,,
L-12181,2025-09-08,Summit Learning,SaaS,201-1000,North America,Canada,Webinar,Webinar: RevOps 101,email,Converted,2025-09-20,2025-10-11,OPP-7181,2025-10-31,Closed Lost,59700,2026-01-23,Jake Chen,84
L-10434,2025-10-20,Cedar Retail,Media,1001-5000,North America,United States,Webinar,Webinar: RevOps 101,email,Converted,2025-11-10,2025-11-29,OPP-5434,2025-12-10,Closed Lost,125500,2026-01-24,Priya Shah,45
L-11984,2025-02-28,Cedar Logistics,,1-50,North America,United States,Referral,Customer Referral,referral,Disqualified,,,,,,,,,
L-11782,2026-05-03,Apex Group,Manufacturing,51-200,LATAM,Brazil,Content Syndication,Whitepaper Syndication,syndication,New,,,,,,,,,
L-10635,2025-06-10,Bright Capital,Logistics,201-1000,North America,United States,Paid Search,Brand Search Q,cpc,New,,,,,,,,,
L-11715,2025-05-31,Echo Media,Healthcare,1001-5000,EMEA,United Kingdom,Paid Search,Competitor Keywords,cpc,Disqualified,,,,,,,,,
L-10115,2025-04-29,Nova Retail,Manufacturing,51-200,EMEA,Netherlands,Organic Search,SEO - Blog,organic,New,,,,,,,,,
L-11014,2026-05-18,Cedar Labs,Logistics,51-200,EMEA,United Kingdom,Paid Social,LinkedIn Thought Leadership,paid_social,New,,,,,,,,,
L-11985,2026-03-09,Silver Retail,Media,1-50,EMEA,Netherlands,Content Syndication,Whitepaper Syndication,syndication,New,,,,,,,,,
L-10056,2025-04-19,Bright Networks,Media,51-200,LATAM,Brazil,Webinar,Webinar: RevOps 101,,Converted,2025-05-03,2025-05-23,OPP-5056,2025-06-12,Closed Won,22500,2025-09-01,Aisha Patel,81
L-12342,2025-12-29,Pine Systems,Logistics,1-50,EMEA,Netherlands,paid_social,Meta Retargeting,paid_social,New,,,,,,,,,
L-10909,2025-06-05,Clear Networks,Retail,1001-5000,North America,United States,Events,SaaStr Booth,event,New,,,,,,,,,
L-11856,2025-03-05,Vertex Partners,Manufacturing,51-200,EMEA,Netherlands,Webinar,Webinar: RevOps 101,email,MQL,2025-03-15,,,,,,,,
L-11675,2025-02-04,Lumen Group,Manufacturing,1-50,LATAM,Mexico,Paid Search,Brand Search Q,cpc,SQL,2025-02-04,2025-02-11,,,,,,Tom Reilly,
L-10006,2026-01-30,North Media,Education,201-1000,North America,Canada,Events,Regional Roadshow,event,MQL,2026-02-17,,,,,,,,
L-12272,2025-06-09,Lumen Learning,Logistics,1-50,EMEA,France,Paid Social,Meta Retargeting,paid_social,New,,,,,,,,,
L-10692,2026-02-23,Clear Retail,Financial Services,51-200,EMEA,United Kingdom,Paid Search,Competitor Keywords,cpc,New,,,,,,,,,
L-10477,2025-07-15,Quartz Systems,Logistics,1-50,EMEA,Germany,Paid Social,LinkedIn Lead Gen,paid_social,MQL,2025-07-15,,,,,,,,
L-12002,2025-04-01,Orbit Media,Education,1-50,North America,United States,Paid Social,LinkedIn Lead Gen,paid_social,Converted,2025-04-14,2025-05-04,OPP-7002,2025-05-12,Closed Lost,11400,2025-06-12,Priya Shah,31
L-12389,2025-02-14,Blue Learning,Manufacturing,201-1000,EMEA,Netherlands,Outbound,SDR Outbound - Enterprise,outbound,Disqualified,,,,,,,,,
L-10052,2026-02-17,Iron Logistics,Retail,201-1000,LATAM,Mexico,Paid Social,Meta Retargeting,paid_social,New,,,,,,,,,
L-11076,2025-12-05,Nova Capital,Logistics,201-1000,North America,Canada,Paid Social,Meta Retargeting,paid_social,New,,,,,,,,,
L-10924,2025-11-30,Bright Learning,Retail,1-50,EMEA,France,Webinar,Webinar: Pipeline Masterclass,email,Converted,2025-12-03,2025-12-21,OPP-5924,2026-01-09,Closed Lost,16500,2026-02-09,Aisha Patel,31
L-10145,2025-05-13,Silver Retail,SaaS,5000+,North America,United States,Paid Search,Competitor Keywords,cpc,Converted,2025-05-20,2025-06-02,OPP-5145,2025-06-18,Closed Lost,186500,2025-10-04,Priya Shah,108
L-12134,2026-03-05,Nova Retail,Financial Services,201-1000,APAC,Japan,Paid Search,Competitor Keywords,cpc,New,,,,,,,,,
L-10778,2025-02-09,Harbor Media,Manufacturing,1001-5000,North America,Canada,Paid Social,LinkedIn Thought Leadership,paid_social,MQL,2025-02-21,,,,,,,,
L-10499,2025-11-30,Orbit Systems,Logistics,1-50,North America,United States,Events,Customer Dinner Series,event,New,,,,,,,,,
L-10152,2025-09-14,Quartz Foods,SaaS,51-200,EMEA,Germany,Paid Search,Generic - Analytics,cpc,MQL,2025-09-24,,,,,,,,
L-12361,2025-03-06,Silver Partners,Healthcare,201-1000,EMEA,Germany,Outbound,SDR Outbound - Mid-Market,outbound,Converted,2025-03-07,2025-03-18,OPP-7361,2025-04-02,Closed Lost,23400,2025-05-13,Priya Shah,41
L-12280,2025-02-26,Nova Group,Healthcare,1-50,North America,United States,Events,Customer Dinner Series,event,Converted,2025-03-03,2025-03-30,OPP-7280,2025-04-05,Closed Won,7800,2025-04-27,Priya Shah,22
L-10618,2025-05-08,Summit Partners,Education,51-200,North America,Canada,Content Syndication,Whitepaper Syndication,syndication,New,,,,,,,,,
L-12182,2025-10-28,Quartz Capital,Retail,1001-5000,North America,Canada,Referral,Partner Referral,referral,Disqualified,,,,,,,,,
L-11423,2026-03-26,Quartz Analytics,Media,1001-5000,EMEA,Germany,Organic Search,SEO - Comparison Pages,organic,New,,,,,,,,,
L-10059,2026-05-18,Silver Works,Manufacturing,1-50,North America,Canada,Events,SaaStr Booth,event,MQL,2026-05-27,,,,,,,,
L-11271,2026-02-22,Lumen Media,Financial Services,1-50,North America,Canada,Organic Search,SEO - Comparison Pages,organic,MQL,2026-03-03,,,,,,,,
L-10897,2025-10-01,Bright Retail,Media,51-200,APAC,Singapore,Paid Search,Competitor Keywords,cpc,MQL,2025-10-05,,,,,,,,
L-11130,2026-05-07,Crest Retail,Healthcare,51-200,North America,United States,Content Syndication,Ebook: State of Marketing,syndication,MQL,2026-05-28,,,,,,,,
L-12197,2026-03-29,Vertex Capital,Media,5000+,APAC,Japan,Paid Search,Generic - Analytics,cpc,MQL,2026-03-30,,,,,,,,
L-10739,2026-03-12,Echo Learning,SaaS,201-1000,North America,Canada,Paid Social,Meta Retargeting,paid_social,SQL,2026-03-27,2026-04-11,,,,,,Tom Reilly,
L-11069,2025-07-07,Bright Partners,Retail,1001-5000,North America,United States,Paid Social,LinkedIn Thought Leadership,paid_social,New,,,,,,,,,
L-10968,2026-03-09,Vertex Retail,Logistics,51-200,North America,Canada,Paid Social,Meta Retargeting,paid_social,MQL,2026-03-14,,,,,,,,
L-11944,2025-06-07,North Group,Media,1-50,EMEA,Germany,Outbound,SDR Outbound - Enterprise,outbound,MQL,2025-06-28,,,,,,,,
L-11952,2025-12-08,Clear Robotics,Media,201-1000,North America,Canada,Referral,Partner Referral,referral,SQL,2025-12-18,2025-12-25,,,,,,Ben Carter,
L-11735,2026-06-09,Iron Labs,Financial Services,201-1000,APAC,Japan,Paid Search,Competitor Keywords,cpc,New,,,,,,,,,
L-10870,2025-03-30,Cedar Partners,SaaS,1001-5000,North America,United States,Webinar,Webinar: Pipeline Masterclass,email,SQL,2025-03-30,2025-04-24,,,,,,Priya Shah,
L-11292,2026-02-04,Crest Works,Healthcare,1-50,North America,Canada,Webinar,Webinar: 2026 Benchmarks,email,New,,,,,,,,,
L-11040,2025-05-21,Atlas Robotics,Education,51-200,North America,United States,Referral,Partner Referral,referral,SQL,2025-05-24,2025-06-04,,,,,,Sofia Martinez,
L-11534,2025-08-26,Clear Group,SaaS,201-1000,LATAM,Mexico,Events,SaaStr Booth,event,New,,,,,,,,,
L-11745,2026-05-24,North Health,Financial Services,1001-5000,North America,United States,Webinar,Webinar: 2026 Benchmarks,email,New,,,,,,,,,
L-10058,2025-10-06,Crest Capital,Retail,1001-5000,EMEA,Netherlands,Content Syndication,Ebook: State of Marketing,syndication,New,,,,,,,,,
L-11609,2026-04-15,Maple Systems,Retail,51-200,North America,United States,Paid Search,Generic - Analytics,cpc,New,,,,,,,,,
L-12194,2025-05-17,Clear Labs,Manufacturing,1-50,North America,Canada,Paid Search,Brand Search Q,cpc,SQL,2025-06-03,2025-06-27,,,,,,Marcus Lee,
L-11541,2025-09-11,Iron Partners,Logistics,51-200,North America,Canada,Webinar,Webinar: Pipeline Masterclass,email,MQL,2025-09-30,,,,,,,,
L-10855,2026-04-23,Vertex Networks,Healthcare,51-200,EMEA,Germany,Organic Search,SEO - Blog,organic,Converted,2026-05-11,2026-06-04,OPP-5855,2026-06-14,Demo,34200,2026-09-12,Dana Okafor,
L-10947,2025-05-27,Nova Media,Healthcare,51-200,North America,Canada,Organic Search,SEO - Blog,organic,SQL,2025-05-31,2025-06-12,,,,,,Sofia Martinez,
L-12027,2026-04-30,Atlas Capital,Media,5000+,North America,United States,Paid Search,Generic - Analytics,cpc,MQL,2026-05-17,,,,,,,,
L-12411,2026-05-21,Lumen Foods,Financial Services,201-1000,North America,Canada,Events,Regional Roadshow,event,New,,,,,,,,,
L-11931,2025-02-24,Vertex Robotics,Education,201-1000,EMEA,France,Webinar,Webinar: RevOps 101,email,New,,,,,,,,,
L-10293,2026-05-14,Vertex Labs,Retail,1-50,LATAM,Brazil,Paid Social,LinkedIn Thought Leadership,paid_social,New,,,,,,,,,
L-11913,2026-04-21,Cedar Capital,Media,51-200,North America,United States,Paid Search,Generic - Analytics,cpc,MQL,2026-05-11,,,,,,,,
L-11581,2026-02-19,Cedar Robotics,Media,201-1000,North America,United States,Paid Search,Brand Search Q,cpc,Converted,2026-03-01,2026-03-24,OPP-6581,2026-04-01,Closed Won,3050000,2026-06-24,Aisha Patel,84
L-10837,2026-05-03,Maple Health,Manufacturing,1001-5000,North America,Canada,Content Syndication,Whitepaper Syndication,syndication,New,,,,,,,,,
L-11454,2026-01-25,Echo Learning,Media,201-1000,North America,United States,Events,Regional Roadshow,event,Converted,2026-01-30,2026-02-16,OPP-6454,2026-02-19,Closed Lost,27100,2026-04-18,Jake Chen,58
L-10644,2025-05-18,Cedar Foods,Retail,1001-5000,EMEA,Germany,Paid Search,Brand Search Q,cpc,MQL,2025-05-26,,,,,,,,
L-11450,2025-08-19,Blue Learning,Retail,201-1000,APAC,Australia,Events,SaaStr Booth,event,Disqualified,,,,,,,,,
L-11310,2025-08-09,Apex Retail,SaaS,1-50,North America,United States,Outbound,SDR Outbound - Enterprise,outbound,Disqualified,,,,,,,,,
L-10104,2025-08-06,Bright Networks,Retail,1-50,North America,Canada,Paid Social,Meta Retargeting,paid_social,New,,,,,,,,,
L-12317,2026-01-24,Iron Networks,Logistics,201-1000,EMEA,Germany,Referral,Customer Referral,referral,MQL,2026-01-31,,,,,,,,
L-11077,2025-10-19,Nova Health,Manufacturing,51-200,APAC,Japan,Referral,Partner Referral,referral,New,,,,,,,,,
L-11496,2025-11-18,Summit Labs,Manufacturing,1001-5000,North America,United States,Webinar,Webinar: 2026 Benchmarks,email,MQL,2025-11-26,,,,,,,,
L-11822,2026-06-19,North Capital,Education,1001-5000,LATAM,Mexico,Events,Customer Dinner Series,event,Converted,2026-06-19,2026-07-12,OPP-6822,2026-07-13,Proposal,58700,2026-11-10,Jake Chen,
L-11790,2025-03-30,Lumen Media,Healthcare,51-200,APAC,Japan,Organic Search,SEO - Comparison Pages,organic,New,,,,,,,,,
L-11033,2025-08-15,Crest Retail,Retail,201-1000,North America,Canada,Paid Search,Generic - Analytics,cpc,MQL,2025-08-30,,,,,,,,
L-10185,2025-04-13,North Networks,SaaS,1-50,APAC,Australia,Organic Search,SEO - Blog,organic,New,,,,,,,,,
L-10390,2025-04-22,Bright Networks,Healthcare,51-200,North America,United States,Paid Social,LinkedIn Lead Gen,paid_social,Converted,2025-04-23,2025-05-10,OPP-5390,2025-05-29,Closed Lost,23800,2025-08-01,Tom Reilly,64
L-11948,2025-12-11,Quartz Capital,Retail,51-200,North America,Canada,Paid Social,LinkedIn Thought Leadership,paid_social,New,,,,,,,,,
L-11784,2026-04-14,Lumen Media,Media,51-200,North America,United States,Paid Social,Meta Retargeting,paid_social,New,,,,,,,,,
L-12245,2025-08-09,Pine Logistics,,1-50,North America,Canada,Paid Search,Competitor Keywords,cpc,Converted,2025-08-29,2025-09-19,OPP-7245,2025-09-27,Closed Lost,5600,2025-11-13,Tom Reilly,47
L-10550,2025-09-13,Lumen Analytics,Manufacturing,1001-5000,EMEA,Germany,Referral,Customer Referral,referral,Converted,2025-09-20,2025-09-25,OPP-5550,2025-10-03,Closed Lost,91600,2025-10-13,Dana Okafor,10
L-11960,2025-10-09,Lumen Capital,Retail,51-200,EMEA,Germany,webinar,Webinar: 2026 Benchmarks,email,Converted,2025-10-12,2025-10-26,OPP-6960,2025-11-14,Closed Lost,9900,2026-01-03,Marcus Lee,50
L-12222,2025-07-15,Nova Retail,Retail,1001-5000,North America,Canada,Paid Search,Generic - Analytics,cpc,Converted,2025-07-30,2025-08-12,OPP-7222,2025-08-26,Closed Lost,104200,2025-10-24,Jake Chen,59
L-10994,2026-06-02,Vertex Learning,Logistics,5000+,LATAM,Brazil,Webinar,Webinar: 2026 Benchmarks,email,New,,,,,,,,,
L-11559,2026-04-10,Nova Logistics,Manufacturing,201-1000,North America,Canada,Paid Search,Competitor Keywords,cpc,Converted,2026-04-23,2026-04-28,OPP-6559,2026-05-13,Negotiation,46700,2026-09-15,Priya Shah,
L-11474,2026-02-07,Iron Robotics,Education,51-200,North America,Canada,Paid Search,Competitor Keywords,cpc,New,,,,,,,,,
L-11367,2025-03-29,Atlas Partners,Logistics,1001-5000,LATAM,Brazil,Paid Search,Brand Search Q,cpc,Converted,2025-04-19,2025-04-24,OPP-6367,2025-04-29,Closed Lost,70200,2025-08-13,Aisha Patel,106
L-10181,2026-05-21,Orbit Capital,Education,201-1000,North America,Canada,Webinar,Webinar: 2026 Benchmarks,email,MQL,2026-06-05,,,,,,,,
L-10045,2025-06-11,Atlas Learning,Manufacturing,1-50,LATAM,Mexico,Organic Search,SEO - Blog,organic,New,,,,,,,,,
L-11433,2025-08-31,Orbit Networks,Financial Services,5000+,North America,Canada,Outbound,SDR Outbound - Enterprise,outbound,MQL,2025-09-07,,,,,,,,
L-10930,2025-08-18,Harbor Robotics,Manufacturing,201-1000,North America,United States,Paid Search,Generic - Analytics,cpc,Converted,2025-09-07,2025-09-24,OPP-5930,2025-10-03,Closed Lost,27800,2025-12-01,Aisha Patel,59
L-10108,2026-04-27,Atlas Works,SaaS,201-1000,North America,Canada,Referral,Partner Referral,referral,Converted,2026-05-12,2026-05-15,OPP-5108,2026-05-26,Negotiation,38800,2026-08-08,Ben Carter,
L-10929,2026-03-13,Clear Partners,Education,51-200,EMEA,Germany,Paid Social,LinkedIn Thought Leadership,paid_social,New,,,,,,,,,
L-10114,2026-02-26,Echo Health,,201-1000,APAC,Australia,Organic Search,SEO - Blog,organic,MQL,2026-03-17,,,,,,,,
L-11967,2025-03-29,Silver Robotics,SaaS,201-1000,North America,United States,Referral,Customer Referral,referral,New,,,,,,,,,
L-10747,2026-06-25,Clear Partners,Manufacturing,201-1000,North America,Canada,Paid Search,Competitor Keywords,cpc,MQL,2026-06-28,,,,,,,,
L-10142,2025-10-06,Atlas Logistics,Education,1-50,North America,United States,Content Syndication,Whitepaper Syndication,syndication,New,,,,,,,,,
L-12058,2025-06-09,Silver Foods,SaaS,51-200,EMEA,Germany,Webinar,Webinar: RevOps 101,email,New,,,,,,,,,
L-10494,2026-05-13,Maple Labs,Media,1-50,LATAM,Mexico,Organic Search,SEO - Comparison Pages,organic,New,,,,,,,,,
L-10156,2026-02-14,Quartz Logistics,Retail,51-200,North America,Canada,Paid Social,LinkedIn Thought Leadership,paid_social,Disqualified,,,,,,,,,
L-11646,2026-01-21,Vertex Logistics,Logistics,51-200,North America,United States,Paid Search,Competitor Keywords,cpc,Converted,2026-01-24,2026-02-04,OPP-6646,2026-02-24,Closed Lost,19700,2026-03-25,Tom Reilly,29
L-11439,2026-06-13,Clear Foods,Retail,1-50,North America,Canada,Content Syndication,Ebook: State of Marketing,syndication,New,,,,,,,,,
L-10943,2026-04-13,Vertex Analytics,SaaS,51-200,North America,United States,Paid Social,LinkedIn Thought Leadership,paid_social,MQL,2026-04-26,,,,,,,,
L-12001,2026-05-14,Blue Partners,Retail,1-50,APAC,Australia,Paid Social,Meta Retargeting,paid_social,New,,,,,,,,,
L-12333,2025-10-03,Silver Labs,Logistics,51-200,North America,United States,Webinar,Webinar: RevOps 101,email,New,,,,,,,,,
L-11743,2025-04-29,Quartz Analytics,Education,51-200,North America,United States,Webinar,Webinar: 2026 Benchmarks,email,New,,,,,,,,,
L-10096,2026-03-31,Echo Capital,SaaS,5000+,APAC,Japan,Events,Customer Dinner Series,event,New,,,,,,,,,
L-10626,2025-05-06,Atlas Group,Retail,201-1000,North America,Canada,Content Syndication,Ebook: State of Marketing,syndication,MQL,2025-05-06,,,,,,,,
L-11864,2025-02-27,Quartz Group,Education,1-50,EMEA,United Kingdom,Webinar,Webinar: 2026 Benchmarks,email,New,,,,,,,,,
L-11883,2025-09-11,Vertex Group,Education,51-200,LATAM,Mexico,Paid Social,Meta Retargeting,paid_social,New,,,,,,,,,
L-12263,2025-06-17,Cedar Health,Media,201-1000,EMEA,United Kingdom,Referral,Partner Referral,referral,Converted,2025-06-30,2025-07-26,OPP-7263,2025-08-12,Closed Lost,28300,2025-09-30,Priya Shah,49
L-12271,2025-02-20,Crest Media,Logistics,1-50,North America,United States,Paid Social,LinkedIn Lead Gen,paid_social,New,,,,,,,,,
L-10102,2025-12-07,Bright Partners,SaaS,201-1000,North America,Canada,Webinar,Webinar: Pipeline Masterclass,email,New,,,,,,,,,
L-10111,2025-08-12,Echo Learning,Healthcare,201-1000,North America,Canada,Outbound,SDR Outbound - Mid-Market,outbound,New,,,,,,,,,
L-10273,2025-12-24,Echo Capital,Media,51-200,North America,United States,Paid Search,Competitor Keywords,cpc,New,,,,,,,,,
L-10570,2026-06-17,Pine Works,Manufacturing,51-200,North America,Canada,Paid Social,Meta Retargeting,paid_social,New,,,,,,,,,
L-11079,2025-06-04,Vertex Partners,Media,1001-5000,North America,Canada,Organic Search,SEO - Comparison Pages,organic,MQL,2025-06-16,,,,,,,,
L-11652,2025-12-26,Harbor Systems,Retail,51-200,North America,Canada,Organic Search,SEO - Comparison Pages,organic,Converted,2026-01-10,2026-01-20,OPP-6652,2026-02-03,Closed Won,15800,2026-03-01,Tom Reilly,26
L-10358,2026-04-03,Crest Retail,Retail,201-1000,LATAM,Mexico,Webinar,Webinar: 2026 Benchmarks,email,New,,,,,,,,,
L-10247,2025-10-11,Silver Foods,SaaS,1-50,APAC,Australia,Referral,Customer Referral,referral,MQL,2025-10-18,,,,,,,,
L-11072,2025-01-15,Iron Group,Logistics,1001-5000,North America,United States,Paid Search,Generic - Analytics,cpc,Converted,2025-01-27,2025-02-07,OPP-6072,2025-02-14,Closed Lost,38200,2025-06-17,Marcus Lee,123
L-10709,2026-04-23,Iron Labs,Media,51-200,APAC,Singapore,Content Syndication,Whitepaper Syndication,syndication,New,,,,,,,,,
L-11426,2026-02-22,Nova Learning,Logistics,1-50,North America,Canada,Outbound,SDR Outbound - Enterprise,outbound,New,,,,,,,,,
L-10385,2025-10-30,North Labs,Education,51-200,LATAM,Brazil,Content Syndication,Ebook: State of Marketing,syndication,MQL,2025-11-06,,,,,,,,
L-12304,2025-08-18,Silver Logistics,SaaS,1001-5000,EMEA,Germany,Paid Search,Generic - Analytics,cpc,Disqualified,,,,,,,,,
L-10521,2026-02-06,Summit Labs,Financial Services,51-200,North America,Canada,Paid Social,Meta Retargeting,paid_social,New,,,,,,,,,
L-10547,2025-07-16,Clear Partners,Media,51-200,North America,Canada,Events,Customer Dinner Series,event,MQL,2025-08-06,,,,,,,,
L-10772,2026-06-06,Blue Analytics,Healthcare,201-1000,North America,United States,Organic Search,SEO - Blog,organic,Disqualified,,,,,,,,,
L-11486,2025-11-20,Summit Robotics,Healthcare,51-200,North America,United States,Outbound,SDR Outbound - Mid-Market,outbound,New,,,,,,,,,
L-10787,2026-04-22,Harbor Retail,Logistics,1001-5000,EMEA,Netherlands,Paid Social,LinkedIn Lead Gen,paid_social,MQL,2026-04-25,,,,,,,,
L-10918,2025-06-09,Apex Robotics,Healthcare,51-200,EMEA,Netherlands,Organic Search,SEO - Blog,organic,Converted,2025-06-09,2025-07-04,OPP-5918,2025-07-19,Closed Won,37500,2025-08-23,Marcus Lee,35
L-11785,2025-06-16,Clear Labs,Media,51-200,North America,Canada,Paid Social,LinkedIn Thought Leadership,paid_social,New,,,,,,,,,
L-10162,2026-03-07,Lumen Networks,Education,1001-5000,APAC,Australia,Paid Search,Competitor Keywords,cpc,New,,,,,,,,,
L-10911,2025-08-27,Apex Systems,Healthcare,201-1000,APAC,Japan,Organic Search,SEO - Comparison Pages,organic,MQL,2025-09-13,,,,,,,,
L-12242,2025-11-14,Summit Systems,Education,1-50,APAC,Japan,Paid Social,LinkedIn Lead Gen,paid_social,New,,,,,,,,,
L-12154,2025-08-10,Maple Media,Education,1001-5000,EMEA,France,Outbound,SDR Outbound - Mid-Market,outbound,New,,,,,,,,,
L-10559,2026-05-03,Maple Systems,Education,201-1000,EMEA,Netherlands,Events,Customer Dinner Series,event,New,,,,,,,,,
L-11339,2025-04-02,Summit Media,Logistics,51-200,North America,United States,Webinar,Webinar: 2026 Benchmarks,email,MQL,2025-04-09,,,,,,,,
L-11964,2026-02-12,Silver Capital,Financial Services,1-50,North America,United States,Webinar,Webinar: Pipeline Masterclass,email,MQL,2026-02-25,,,,,,,,
L-12047,2026-02-13,Iron Health,Healthcare,51-200,North America,United States,Paid Search,Competitor Keywords,cpc,MQL,2026-03-04,,,,,,,,
L-10777,2025-12-18,North Logistics,Manufacturing,51-200,EMEA,United Kingdom,Content Syndication,Ebook: State of Marketing,syndication,New,,,,,,,,,
L-10970,2025-04-12,Lumen Labs,Education,5000+,EMEA,Germany,Webinar,Webinar: Pipeline Masterclass,email,MQL,2025-04-27,,,,,,,,
L-10415,2026-06-06,Clear Systems,Financial Services,201-1000,North America,Canada,Paid Social,LinkedIn Thought Leadership,paid_social,New,,,,,,,,,
L-12094,2025-03-23,Bright Foods,Financial Services,1-50,North America,United States,Organic Search,SEO - Comparison Pages,organic,New,,,,,,,,,
L-10379,2025-09-14,Atlas Works,Logistics,1-50,North America,Canada,Referral,Customer Referral,referral,Converted,2025-09-14,2025-10-03,OPP-5379,2025-10-07,Closed Lost,7900,2025-12-16,Priya Shah,70
L-10706,2026-05-30,Bright Partners,SaaS,201-1000,EMEA,Netherlands,paid search,Competitor Keywords,cpc,MQL,2026-06-08,,,,,,,,
L-10490,2025-08-26,Lumen Health,Retail,51-200,North America,Canada,Paid Social,LinkedIn Lead Gen,paid_social,Disqualified,,,,,,,,,
L-12095,2025-09-20,Lumen Analytics,Healthcare,1001-5000,North America,United States,Content Syndication,Whitepaper Syndication,syndication,MQL,2025-09-28,,,,,,,,
L-12429,2026-05-24,Blue Retail,Retail,1-50,EMEA,Netherlands,Webinar,Webinar: RevOps 101,email,Converted,2026-05-30,2026-06-23,OPP-7429,2026-07-01,Proposal,17500,2026-08-03,Jake Chen,
L-10067,2026-05-29,Quartz Retail,Retail,201-1000,North America,Canada,Paid Social,LinkedIn Thought Leadership,paid_social,MQL,2026-06-04,,,,,,,,
L-11971,2025-08-27,Summit Systems,Education,5000+,North America,Canada,Events,SaaStr Booth,event,Converted,2025-09-03,2025-09-15,OPP-6971,2025-09-29,Closed Lost,126800,2025-12-24,Tom Reilly,86
L-11159,2025-11-30,North Group,Manufacturing,201-1000,EMEA,Netherlands,Content Syndication,Whitepaper Syndication,syndication,New,,,,,,,,,
L-10788,2026-05-24,Cedar Group,,1-50,North America,United States,Content Syndication,Whitepaper Syndication,syndication,Converted,2026-06-07,2026-06-13,OPP-5788,2026-06-20,Negotiation,8300,2026-09-04,Ben Carter,
L-10332,2025-07-25,Crest Health,Education,201-1000,North America,Canada,Organic Search,SEO - Comparison Pages,organic,Converted,2025-08-04,2025-08-13,OPP-5332,2025-08-25,Closed Lost,62300,2025-10-14,Aisha Patel,50
L-10164,2025-06-24,Atlas Analytics,Financial Services,1-50,EMEA,Netherlands,Paid Social,LinkedIn Thought Leadership,paid_social,New,,,,,,,,,
L-11273,2025-09-09,Iron Analytics,Retail,201-1000,North America,United States,Paid Social,LinkedIn Thought Leadership,paid_social,MQL,2025-09-21,,,,,,,,
L-10604,2026-02-16,Clear Systems,Manufacturing,51-200,North America,Canada,Referral,Partner Referral,referral,SQL,2026-03-05,2026-03-14,,,,,,Sofia Martinez,
L-11304,2026-01-22,Blue Labs,Healthcare,51-200,LATAM,Mexico,Events,Customer Dinner Series,event,SQL,2026-02-11,2026-02-22,,,,,,Marcus Lee,
L-10123,2025-09-03,Pine Learning,SaaS,201-1000,LATAM,Mexico,Organic Search,SEO - Blog,organic,MQL,2025-09-24,,,,,,,,
L-11797,2026-03-16,Summit Media,Healthcare,1-50,North America,Canada,Webinar,Webinar: RevOps 101,email,MQL,2026-03-29,,,,,,,,
L-10322,2026-05-16,Cedar Partners,Healthcare,201-1000,LATAM,Mexico,Webinar,Webinar: 2026 Benchmarks,email,SQL,2026-05-25,2026-06-12,,,,,,Jake Chen,
L-12137,2025-05-10,Pine Foods,Logistics,1001-5000,EMEA,Netherlands,Webinar,Webinar: Pipeline Masterclass,email,Disqualified,,,,,,,,,
L-10179,2025-06-28,Clear Media,Retail,201-1000,APAC,Singapore,Content Syndication,Ebook: State of Marketing,syndication,New,,,,,,,,,
L-10041,2026-02-05,Blue Group,Manufacturing,201-1000,North America,Canada,Referral,Customer Referral,referral,MQL,2026-02-22,,,,,,,,
L-11605,2026-04-20,Clear Media,Manufacturing,51-200,LATAM,Brazil,Paid Social,Meta Retargeting,paid_social,New,,,,,,,,,
L-10877,2026-04-10,Blue Group,Media,201-1000,North America,Canada,Paid Social,LinkedIn Thought Leadership,paid_social,New,,,,,,,,,
L-10402,2025-04-07,Crest Logistics,Retail,201-1000,North America,United States,Paid Search,Brand Search Q,cpc,Converted,2025-04-20,2025-05-10,OPP-5402,2025-05-24,Closed Won,30800,2025-07-12,Marcus Lee,49
L-10325,2026-06-01,Cedar Labs,Healthcare,1-50,North America,United States,Content Syndication,Ebook: State of Marketing,syndication,MQL,2026-06-09,,,,,,,,
L-12193,2025-05-15,Apex Logistics,Retail,1-50,EMEA,United Kingdom,Paid Search,Competitor Keywords,cpc,New,,,,,,,,,
L-11354,2026-06-09,Crest Works,Retail,51-200,North America,Canada,Outbound,SDR Outbound - Enterprise,outbound,New,,,,,,,,,
L-10798,2026-01-13,Echo Robotics,Healthcare,51-200,North America,Canada,Webinar,Webinar: RevOps 101,email,Disqualified,,,,,,,,,
L-11845,2026-06-24,Summit Group,Financial Services,201-1000,EMEA,United Kingdom,Paid Search,Generic - Analytics,cpc,MQL,2026-06-29,,,,,,,,
L-10507,2025-09-29,Cedar Group,Financial Services,1-50,EMEA,France,Paid Social,Meta Retargeting,paid_social,New,,,,,,,,,
L-11728,2026-05-31,North Learning,Education,201-1000,North America,Canada,Outbound,SDR Outbound - Enterprise,outbound,MQL,2026-06-11,,,,,,,,
L-10336,2025-08-19,Echo Capital,Financial Services,1-50,LATAM,Brazil,Paid Search,Competitor Keywords,cpc,MQL,2025-09-06,,,,,,,,
L-10896,2026-05-15,Blue Retail,SaaS,51-200,EMEA,France,Outbound,SDR Outbound - Enterprise,outbound,MQL,2026-06-02,,,,,,,,
L-11134,2025-04-28,Summit Group,Education,51-200,EMEA,Netherlands,Webinar,Webinar: Pipeline Masterclass,email,New,,,,,,,,,
L-12254,2025-11-18,Pine Partners,Financial Services,1001-5000,LATAM,Brazil,Referral,Partner Referral,referral,New,,,,,,,,,
L-10377,2025-12-18,Orbit Partners,Media,51-200,North America,United States,Events,SaaStr Booth,event,New,,,,,,,,,
L-12319,2025-05-24,Iron Health,Manufacturing,1-50,North America,Canada,Paid Search,Competitor Keywords,cpc,MQL,2025-06-11,,,,,,,,
L-10202,2025-11-22,Atlas Learning,Retail,201-1000,LATAM,Mexico,Content Syndication,Whitepaper Syndication,syndication,Disqualified,,,,,,,,,
L-11299,2025-01-18,Harbor Partners,Healthcare,51-200,North America,United States,events,Customer Dinner Series,event,Converted,2025-01-31,2025-02-19,OPP-6299,2025-03-03,Closed Lost,20400,2025-06-05,Dana Okafor,94
L-11067,2026-05-14,Vertex Labs,Logistics,51-200,EMEA,Germany,Events,Customer Dinner Series,event,Disqualified,,,,,,,,,
L-12468,2026-05-31,Summit Health,Media,1001-5000,North America,Canada,Organic Search,SEO - Blog,organic,MQL,2026-06-15,,,,,,,,
L-11265,2025-04-19,Pine Networks,Retail,1-50,North America,Canada,Paid Social,Meta Retargeting,paid_social,New,,,,,,,,,
L-10337,2026-01-18,Harbor Labs,Retail,201-1000,North America,Canada,Outbound,SDR Outbound - Enterprise,outbound,Converted,2026-01-29,2026-02-21,OPP-5337,2026-03-05,Closed Lost,10600,2026-05-29,Tom Reilly,85
L-11975,2025-05-24,Iron Retail,Healthcare,51-200,APAC,Singapore,Paid Social,LinkedIn Lead Gen,paid_social,Disqualified,,,,,,,,,
L-12327,2025-01-02,Summit Labs,Education,1-50,North America,Canada,Organic Search,SEO - Comparison Pages,organic,New,,,,,,,,,
L-10480,2025-01-19,Summit Labs,Financial Services,201-1000,North America,United States,Referral,Customer Referral,referral,Disqualified,,,,,,,,,
L-11880,2025-06-20,Crest Works,Manufacturing,51-200,North America,Canada,Webinar,Webinar: Pipeline Masterclass,email,New,,,,,,,,,
L-11904,2026-06-11,Crest Partners,Healthcare,51-200,North America,United States,Content Syndication,Ebook: State of Marketing,syndication,New,,,,,,,,,
L-10196,2026-03-20,Apex Labs,Manufacturing,51-200,North America,Canada,Paid Search,Competitor Keywords,cpc,Disqualified,,,,,,,,,
L-11317,2025-09-12,Blue Retail,Media,201-1000,North America,Canada,Paid Social,LinkedIn Thought Leadership,paid_social,Disqualified,,,,,,,,,
L-10027,2025-11-29,Nova Foods,Financial Services,5000+,EMEA,Germany,Referral,Customer Referral,referral,MQL,2025-12-09,,,,,,,,
L-10255,2026-01-17,North Media,Retail,201-1000,APAC,Japan,Paid Social,Meta Retargeting,paid_social,New,,,,,,,,,
L-10876,2025-08-28,North Networks,Education,51-200,EMEA,United Kingdom,Webinar,Webinar: RevOps 101,email,New,,,,,,,,,
L-11389,2026-02-11,Echo Networks,SaaS,1-50,North America,Canada,Paid Social,LinkedIn Thought Leadership,paid_social,New,,,,,,,,,
L-10664,2025-10-09,Atlas Group,Manufacturing,201-1000,North America,Canada,Webinar,Webinar: RevOps 101,email,New,,,,,,,,,
L-11612,2025-09-09,Clear Labs,Education,1001-5000,EMEA,Netherlands,Webinar,Webinar: 2026 Benchmarks,email,MQL,2025-09-17,,,,,,,,
L-10357,2025-01-06,Maple Analytics,Education,51-200,EMEA,United Kingdom,Paid Search,Generic - Analytics,cpc,New,,,,,,,,,
L-11810,2026-03-05,Pine Capital,SaaS,201-1000,EMEA,Germany,Content Syndication,Whitepaper Syndication,syndication,New,,,,,,,,,
L-11909,2025-06-03,Blue Media,Logistics,51-200,EMEA,Netherlands,Outbound,SDR Outbound - Enterprise,outbound,New,,,,,,,,,
L-12482,2025-11-11,Cedar Foods,Manufacturing,51-200,North America,Canada,Organic Search,SEO - Comparison Pages,organic,MQL,2025-11-27,,,,,,,,
L-11039,2025-10-30,Nova Group,Manufacturing,51-200,North America,United States,Paid Search,Generic - Analytics,cpc,SQL,2025-11-11,2025-11-28,,,,,,Dana Okafor,
L-10425,2025-12-14,Echo Labs,Retail,51-200,North America,Canada,Organic Search,SEO - Blog,organic,Converted,2025-12-18,2025-12-31,OPP-5425,2026-01-02,Closed Lost,47200,2026-02-05,Priya Shah,34
L-10246,2026-05-26,Atlas Analytics,Retail,1001-5000,North America,United States,LinkedIn,LinkedIn Lead Gen,paid_social,Converted,2026-06-13,2026-06-18,OPP-5246,2026-06-29,Proposal,53200,2026-10-15,Dana Okafor,
L-12240,2025-11-08,Vertex Labs,Healthcare,1001-5000,North America,Canada,Paid Search,Brand Search Q,cpc,Converted,2025-11-20,2025-11-24,OPP-7240,2025-11-25,Closed Won,72900,2025-12-29,Ben Carter,34
L-10928,2025-11-30,Orbit Robotics,Media,201-1000,EMEA,France,Organic Search,SEO - Blog,organic,MQL,2025-12-11,,,,,,,,
L-10891,2025-06-12,Cedar Works,Healthcare,51-200,APAC,Japan,Paid Social,LinkedIn Lead Gen,paid_social,MQL,2025-06-23,,,,,,,,
L-10103,2026-04-12,Nova Partners,Media,1-50,APAC,Japan,Outbound,SDR Outbound - Enterprise,outbound,New,,,,,,,,,
L-12092,2026-01-27,Lumen Labs,Healthcare,51-200,North America,United States,Paid Social,Meta Retargeting,paid_social,MQL,2026-02-11,,,,,,,,
L-10807,2025-04-14,Harbor Robotics,Retail,1-50,North America,Canada,Paid Social,LinkedIn Lead Gen,paid_social,Disqualified,,,,,,,,,
L-11620,2026-04-26,Summit Capital,Financial Services,1-50,North America,United States,Webinar,Webinar: Pipeline Masterclass,email,New,,,,,,,,,
L-12093,2026-05-25,Nova Learning,Logistics,51-200,EMEA,United Kingdom,Paid Social,Meta Retargeting,paid_social,MQL,2026-05-30,,,,,,,,
L-10922,2025-01-07,Atlas Group,Healthcare,1-50,North America,United States,Content Syndication,Whitepaper Syndication,syndication,Disqualified,,,,,,,,,
L-10916,2026-06-03,Quartz Networks,Retail,1-50,North America,United States,Webinar,Webinar: 2026 Benchmarks,email,MQL,2026-06-12,,,,,,,,
L-10018,2026-05-26,Clear Foods,Media,1-50,North America,United States,Events,SaaStr Booth,event,Converted,2026-06-07,2026-07-04,OPP-5018,2026-07-22,Demo,12800,2026-09-15,Ben Carter,
L-12290,2026-03-26,Crest Partners,Manufacturing,201-1000,North America,Canada,Paid Search,Brand Search Q,cpc,Converted,2026-04-02,2026-04-09,OPP-7290,2026-04-10,Closed Lost,20600,2026-06-29,Priya Shah,80
L-11570,2025-09-29,Maple Foods,Healthcare,51-200,North America,United States,Events,SaaStr Booth,event,MQL,2025-09-30,,,,,,,,
L-10760,2025-11-21,North Systems,Manufacturing,51-200,North America,United States,Paid Social,LinkedIn Thought Leadership,paid_social,New,,,,,,,,,
L-10282,2025-09-06,Harbor Networks,Manufacturing,51-200,EMEA,France,Paid Search,Generic - Analytics,cpc,SQL,2025-09-08,2025-09-18,,,,,,Jake Chen,
L-10352,2025-03-13,Apex Analytics,Retail,1001-5000,North America,Canada,Paid Search,Brand Search Q,cpc,New,,,,,,,,,
L-11531,2025-09-26,Vertex Retail,Retail,51-200,APAC,Singapore,Content Syndication,Whitepaper Syndication,syndication,Disqualified,,,,,,,,,
L-11208,2026-03-29,Vertex Media,Education,201-1000,North America,Canada,Paid Social,LinkedIn Lead Gen,paid_social,New,,,,,,,,,
L-10275,2026-01-31,Atlas Media,Education,1-50,North America,Canada,Outbound,SDR Outbound - Mid-Market,outbound,Disqualified,,,,,,,,,
L-10999,2026-03-30,Maple Group,SaaS,1001-5000,North America,Canada,Events,SaaStr Booth,event,New,,,,,,,,,
L-10283,2025-06-24,Summit Networks,Retail,1001-5000,North America,United States,Content Syndication,Whitepaper Syndication,syndication,New,,,,,,,,,
L-11251,2026-01-19,Clear Group,Manufacturing,1-50,North America,Canada,Paid Social,LinkedIn Lead Gen,paid_social,New,,,,,,,,,
L-11949,2025-08-17,Apex Group,Financial Services,1001-5000,North America,Canada,Webinar,Webinar: 2026 Benchmarks,email,MQL,2025-08-27,,,,,,,,
L-11050,2026-02-06,Maple Partners,Financial Services,1-50,EMEA,France,Paid Social,LinkedIn Lead Gen,paid_social,Disqualified,,,,,,,,,
L-10609,2026-05-01,Quartz Learning,Media,201-1000,LATAM,Brazil,Webinar,Webinar: Pipeline Masterclass,email,MQL,2026-05-16,,,,,,,,
L-10710,2026-03-07,Clear Learning,Media,51-200,North America,United States,Paid Social,LinkedIn Lead Gen,paid_social,New,,,,,,,,,
L-11049,2025-07-02,Echo Retail,,1001-5000,North America,United States,Paid Social,Meta Retargeting,paid_social,MQL,2025-07-16,,,,,,,,
L-11175,2026-02-06,Cedar Group,Media,201-1000,North America,Canada,Paid Social,LinkedIn Lead Gen,paid_social,New,,,,,,,,,
L-10545,2026-03-21,North Analytics,Media,51-200,North America,United States,Events,Customer Dinner Series,event,Disqualified,,,,,,,,,
L-11761,2026-06-17,Summit Partners,,51-200,EMEA,United Kingdom,Paid Social,LinkedIn Thought Leadership,paid_social,New,,,,,,,,,
L-10629,2025-12-02,Summit Learning,Healthcare,201-1000,North America,United States,Content Syndication,Whitepaper Syndication,,New,,,,,,,,,
L-10429,2026-06-24,Silver Partners,Education,201-1000,LATAM,Mexico,Organic Search,SEO - Comparison Pages,organic,New,,,,,,,,,
L-11730,2026-06-07,Cedar Partners,Logistics,51-200,EMEA,United Kingdom,Events,Customer Dinner Series,event,MQL,2026-06-26,,,,,,,,
L-11084,2025-09-14,Quartz Group,SaaS,1001-5000,North America,United States,Organic Search,SEO - Blog,organic,MQL,2025-09-14,,,,,,,,
L-11460,2026-03-25,Harbor Networks,SaaS,51-200,North America,United States,Paid Social,LinkedIn Lead Gen,paid_social,New,,,,,,,,,
L-10894,2025-07-04,North Works,Media,1-50,North America,Canada,Events,Regional Roadshow,event,MQL,2025-07-09,,,,,,,,
L-12133,2025-05-23,Quartz Group,Retail,51-200,North America,United States,Events,SaaStr Booth,event,Converted,2025-05-29,2025-06-03,OPP-7133,2025-06-23,Closed Lost,30900,2025-08-12,Tom Reilly,50
L-10935,2025-09-13,Silver Analytics,Education,1001-5000,LATAM,Brazil,Webinar,Webinar: 2026 Benchmarks,email,MQL,2025-09-15,,,,,,,,
L-11855,2025-03-17,Atlas Works,SaaS,201-1000,LATAM,Mexico,Events,Customer Dinner Series,event,MQL,2025-04-04,,,,,,,,
L-12056,2026-01-14,Clear Logistics,Education,1001-5000,EMEA,Netherlands,Content Syndication,Ebook: State of Marketing,syndication,New,,,,,,,,,
L-10427,2025-03-14,Apex Media,Media,51-200,North America,United States,Paid Social,Meta Retargeting,paid_social,Disqualified,,,,,,,,,
L-12274,2026-03-28,Vertex Labs,Education,51-200,LATAM,Mexico,Events,SaaStr Booth,event,MQL,2026-04-11,,,,,,,,
L-10919,2026-05-02,Silver Learning,Manufacturing,1-50,North America,Canada,organic,SEO - Comparison Pages,organic,New,,,,,,,,,
L-10348,2025-03-08,Blue Learning,SaaS,51-200,North America,United States,Webinar,Webinar: RevOps 101,email,Converted,2025-03-28,2025-04-24,OPP-5348,2025-04-28,Closed Lost,8300,2025-06-22,Jake Chen,55
L-10859,2026-01-04,Atlas Partners,Financial Services,1-50,North America,United States,Paid Search,Brand Search Q,cpc,MQL,2026-01-18,,,,,,,,
L-10756,2025-05-08,Vertex Capital,Retail,51-200,APAC,Australia,Paid Social,LinkedIn Lead Gen,paid_social,MQL,2025-05-15,,,,,,,,
L-11668,2025-10-17,Iron Partners,Education,201-1000,North America,Canada,Paid Search,Brand Search Q,cpc,MQL,2025-10-21,,,,,,,,
L-10060,2026-06-03,North Robotics,Media,51-200,North America,Canada,Organic Search,SEO - Comparison Pages,organic,MQL,2026-06-10,,,,,,,,
L-10061,2026-04-14,Pine Works,SaaS,5000+,LATAM,Brazil,Webinar,Webinar: 2026 Benchmarks,email,MQL,2026-04-28,,,,,,,,
L-10971,2026-06-07,Vertex Networks,Retail,201-1000,EMEA,Germany,Paid Search,Competitor Keywords,cpc,Converted,2026-06-14,2026-07-08,OPP-5971,2026-07-18,Negotiation,38500,2026-10-03,Tom Reilly,
L-10240,2026-04-09,North Health,Retail,1-50,EMEA,United Kingdom,Webinar,Webinar: 2026 Benchmarks,email,MQL,2026-04-23,,,,,,,,
L-11220,2025-03-27,Orbit Retail,Healthcare,1-50,EMEA,Netherlands,Organic Search,SEO - Comparison Pages,organic,New,,,,,,,,,
L-11885,2025-07-10,Pine Group,Healthcare,1-50,North America,United States,Paid Search,Brand Search Q,cpc,New,,,,,,,,,
L-12049,2025-03-07,North Systems,Media,1-50,EMEA,Germany,Outbound,SDR Outbound - Mid-Market,outbound,SQL,2025-03-23,2025-04-06,,,,,,Jake Chen,
L-11884,2025-05-03,Vertex Networks,Logistics,51-200,North America,Canada,Organic Search,SEO - Comparison Pages,organic,New,,,,,,,,,
L-11890,2026-03-13,Quartz Foods,Logistics,201-1000,North America,United States,Webinar,Webinar: 2026 Benchmarks,email,MQL,2026-03-17,,,,,,,,
L-10835,2025-01-15,Echo Retail,Healthcare,201-1000,APAC,Singapore,Paid Social,LinkedIn Thought Leadership,paid_social,New,,,,,,,,,
L-10228,2025-04-02,Summit Logistics,Manufacturing,51-200,North America,United States,Content Syndication,Ebook: State of Marketing,syndication,New,,,,,,,,,
L-10350,2026-06-24,Summit Foods,Healthcare,201-1000,North America,United States,Webinar,Webinar: 2026 Benchmarks,email,New,,,,,,,,,
L-12481,2025-08-14,Blue Health,Financial Services,1001-5000,North America,Canada,Paid Social,LinkedIn Lead Gen,paid_social,MQL,2025-08-19,,,,,,,,
L-10589,2026-02-19,Nova Learning,SaaS,1001-5000,APAC,Japan,Outbound,SDR Outbound - Enterprise,outbound,MQL,2026-03-01,,,,,,,,
L-10510,2026-02-02,Orbit Systems,Manufacturing,1001-5000,North America,United States,Content Syndication,Whitepaper Syndication,syndication,New,,,,,,,,,
L-10331,2025-02-25,Cedar Group,Financial Services,201-1000,North America,United States,Paid Search,Brand Search Q,cpc,MQL,2025-02-27,,,,,,,,
L-11938,2025-06-17,Bright Media,SaaS,51-200,North America,Canada,Organic Search,SEO - Blog,organic,Disqualified,,,,,,,,,
L-11796,2025-02-22,Harbor Analytics,Financial Services,51-200,North America,Canada,Paid Social,LinkedIn Lead Gen,paid_social,New,,,,,,,,,
L-12311,2026-06-23,Crest Networks,Retail,201-1000,North America,Canada,Paid Social,LinkedIn Thought Leadership,paid_social,New,,,,,,,,,
L-12238,2025-06-24,Nova Logistics,Manufacturing,201-1000,North America,Canada,Webinar,Webinar: Pipeline Masterclass,email,SQL,2025-07-08,2025-07-22,,,,,,Ben Carter,
L-10645,2025-01-21,Bright Group,Retail,51-200,EMEA,France,Content Syndication,Whitepaper Syndication,syndication,MQL,2025-02-01,,,,,,,,
L-11128,2026-06-16,Blue Analytics,SaaS,51-200,North America,United States,Content Syndication,Whitepaper Syndication,syndication,MQL,2026-06-30,,,,,,,,
L-11821,2026-05-29,Bright Works,Manufacturing,51-200,LATAM,Mexico,Outbound,SDR Outbound - Enterprise,outbound,New,,,,,,,,,
L-11120,2025-11-24,Crest Retail,SaaS,201-1000,North America,Canada,Paid Search,Generic - Analytics,cpc,MQL,2025-12-05,,,,,,,,
L-10695,2025-02-06,Maple Media,Manufacturing,201-1000,North America,Canada,Paid Search,Competitor Keywords,cpc,New,,,,,,,,,
L-10459,2026-01-23,Echo Labs,,51-200,EMEA,United Kingdom,Content Syndication,Whitepaper Syndication,syndication,New,,,,,,,,,
L-10082,2026-02-07,North Analytics,Logistics,1-50,North America,United States,Webinar,Webinar: Pipeline Masterclass,email,SQL,2026-02-24,2026-03-12,,,,,,Jake Chen,
L-11425,2026-03-20,Lumen Media,Manufacturing,201-1000,North America,United States,Paid Search,Generic - Analytics,cpc,Disqualified,,,,,,,,,
L-12473,2026-05-06,Blue Systems,Financial Services,5000+,North America,United States,Content Syndication,Whitepaper Syndication,syndication,New,,,,,,,,,
L-11476,2025-08-14,Nova Capital,Healthcare,201-1000,EMEA,United Kingdom,Content Syndication,Ebook: State of Marketing,syndication,New,,,,,,,,,
L-11546,2025-08-01,Nova Retail,Retail,1-50,North America,United States,Paid Search,Generic - Analytics,,New,,,,,,,,,
L-10518,2025-10-17,Crest Labs,Manufacturing,1-50,North America,United States,Content Syndication,Ebook: State of Marketing,syndication,MQL,2025-10-31,,,,,,,,
L-10409,2025-07-17,North Capital,Manufacturing,5000+,North America,Canada,Outbound,SDR Outbound - Enterprise,outbound,New,,,,,,,,,
L-10261,2025-04-13,Iron Capital,Healthcare,1-50,LATAM,Mexico,Content Syndication,Whitepaper Syndication,syndication,MQL,2025-04-19,,,,,,,,
L-10668,2025-03-01,Vertex Foods,Retail,201-1000,North America,Canada,Content Syndication,Ebook: State of Marketing,syndication,MQL,2025-03-04,,,,,,,,
L-11401,2026-05-16,Quartz Capital,SaaS,201-1000,North America,Canada,Paid Search,Brand Search Q,cpc,New,,,,,,,,,
L-11098,2026-02-24,Pine Analytics,Financial Services,201-1000,LATAM,Brazil,Organic Search,SEO - Blog,organic,MQL,2026-03-07,,,,,,,,
L-11714,2026-01-13,Clear Learning,Healthcare,1001-5000,North America,United States,Content Syndication,Ebook: State of Marketing,syndication,MQL,2026-01-22,,,,,,,,
L-12168,2025-03-22,Harbor Retail,Media,5000+,North America,United States,Paid Search,Competitor Keywords,cpc,New,,,,,,,,,
L-10578,2025-04-01,Silver Robotics,Financial Services,51-200,APAC,Singapore,Organic Search,SEO - Blog,organic,New,,,,,,,,,
L-10972,2026-06-25,Bright Media,Education,5000+,North America,United States,Events,SaaStr Booth,event,SQL,2026-06-27,2026-06-30,,,,,,Aisha Patel,
L-12091,2025-08-28,North Networks,Education,201-1000,North America,Canada,Paid Search,Brand Search Q,cpc,New,,,,,,,,,
L-10613,2025-08-27,Summit Networks,Logistics,1001-5000,North America,Canada,Events,Customer Dinner Series,event,Converted,2025-09-06,2025-09-27,OPP-5613,2025-10-10,Closed Lost,54800,2025-12-13,Aisha Patel,64
L-12217,2025-08-31,Cedar Media,Healthcare,1001-5000,North America,United States,Referral,Customer Referral,referral,Converted,2025-09-10,2025-10-01,OPP-7217,2025-10-12,Closed Won,3570000,2025-12-14,Aisha Patel,63
L-11062,2026-02-06,Silver Robotics,Financial Services,1-50,LATAM,Mexico,Organic Search,SEO - Blog,organic,Disqualified,,,,,,,,,
L-11161,2025-12-14,Crest Health,Logistics,201-1000,EMEA,France,Webinar,Webinar: Pipeline Masterclass,email,New,,,,,,,,,
L-12064,2025-10-17,Bright Partners,Logistics,1001-5000,EMEA,Netherlands,Organic Search,SEO - Comparison Pages,,Disqualified,,,,,,,,,
L-11543,2026-06-02,Silver Logistics,Healthcare,1001-5000,EMEA,United Kingdom,Content Syndication,Whitepaper Syndication,syndication,Converted,2026-06-08,2026-06-26,OPP-6543,2026-06-30,Discovery,44100,2026-08-20,Jake Chen,
L-11613,2025-05-14,Silver Partners,Logistics,51-200,APAC,Japan,Organic Search,SEO - Blog,organic,New,,,,,,,,,
L-10982,2026-06-16,Pine Media,Financial Services,201-1000,North America,United States,Paid Search,Brand Search Q,cpc,New,,,,,,,,,
L-10854,2025-01-31,Harbor Health,Logistics,201-1000,North America,Canada,Webinar,Webinar: 2026 Benchmarks,email,MQL,2025-02-05,,,,,,,,
L-10237,2025-02-22,Atlas Networks,Education,201-1000,North America,United States,Content Syndication,Whitepaper Syndication,syndication,New,,,,,,,,,
L-12315,2025-07-07,Echo Health,SaaS,1-50,EMEA,Netherlands,Webinar,Webinar: 2026 Benchmarks,email,New,,,,,,,,,
L-10531,2026-04-16,Lumen Logistics,Healthcare,51-200,LATAM,Mexico,Paid Social,LinkedIn Thought Leadership,paid_social,Disqualified,,,,,,,,,
L-12028,2025-10-29,Blue Foods,Education,1-50,North America,Canada,Content Syndication,Whitepaper Syndication,syndication,New,,,,,,,,,
L-11267,2025-12-27,Echo Media,Financial Services,51-200,LATAM,Brazil,Organic Search,SEO - Blog,organic,MQL,2025-12-28,,,,,,,,
L-11359,2025-04-27,Maple Robotics,Logistics,201-1000,EMEA,United Kingdom,Paid Social,LinkedIn Lead Gen,paid_social,New,,,,,,,,,
L-11713,2026-05-11,Blue Logistics,Retail,51-200,North America,Canada,Events,SaaStr Booth,event,New,,,,,,,,,
L-12113,2025-01-23,North Retail,SaaS,51-200,EMEA,Netherlands,Paid Search,Brand Search Q,cpc,MQL,2025-01-31,,,,,,,,
L-10351,2025-03-19,Echo Learning,SaaS,201-1000,APAC,Australia,Organic Search,SEO - Comparison Pages,organic,Disqualified,,,,,,,,,
L-11158,2026-06-06,Iron Logistics,Manufacturing,51-200,APAC,Singapore,Organic Search,SEO - Blog,organic,MQL,2026-06-06,,,,,,,,
L-10900,2025-07-25,North Capital,SaaS,201-1000,APAC,Australia,Events,SaaStr Booth,event,MQL,2025-08-01,,,,,,,,
L-10780,2025-02-03,Apex Learning,Retail,201-1000,North America,United States,Paid Search,Generic - Analytics,cpc,New,,,,,,,,,
L-11514,2025-06-29,Vertex Media,Healthcare,201-1000,EMEA,Netherlands,Paid Social,LinkedIn Lead Gen,paid_social,Disqualified,,,,,,,,,
L-12438,2026-04-24,Lumen Labs,SaaS,201-1000,North America,United States,Paid Search,Generic - Analytics,cpc,New,,,,,,,,,
L-10394,2026-01-25,Iron Networks,Media,51-200,North America,Canada,Content Syndication,Ebook: State of Marketing,syndication,New,,,,,,,,,
L-10989,2025-07-28,Iron Works,Financial Services,51-200,North America,Canada,Paid Search,Generic - Analytics,cpc,New,,,,,,,,,
L-11116,2025-06-09,Lumen Group,,5000+,North America,Canada,Content Syndication,Whitepaper Syndication,syndication,New,,,,,,,,,
L-10740,2026-02-21,Pine Learning,Retail,51-200,North America,Canada,Paid Search,Brand Search Q,cpc,New,,,,,,,,,
L-11406,2025-06-22,Atlas Works,Healthcare,5000+,EMEA,Netherlands,Organic Search,SEO - Blog,organic,Disqualified,,,,,,,,,
L-10090,2025-09-22,Apex Group,Financial Services,201-1000,North America,United States,Paid Search,Brand Search Q,cpc,MQL,2025-10-12,,,,,,,,
L-12492,2026-01-13,Orbit Networks,Healthcare,1-50,North America,Canada,Paid Social,LinkedIn Thought Leadership,paid_social,New,,,,,,,,,
L-10650,2025-10-27,Crest Capital,SaaS,51-200,LATAM,Brazil,Paid Social,LinkedIn Lead Gen,paid_social,New,,,,,,,,,
L-11135,2026-06-22,Quartz Capital,Media,1-50,EMEA,France,Content Syndication,Whitepaper Syndication,syndication,MQL,2026-06-30,,,,,,,,
L-12070,2025-08-28,Harbor Learning,SaaS,1001-5000,APAC,Singapore,Paid Search,Brand Search Q,cpc,New,,,,,,,,,
L-11002,2025-02-28,Lumen Robotics,SaaS,51-200,North America,Canada,Webinar,Webinar: RevOps 101,email,MQL,2025-03-19,,,,,,,,
L-12256,2025-01-13,Silver Retail,Logistics,51-200,EMEA,United Kingdom,Paid Search,Generic - Analytics,cpc,New,,,,,,,,,
L-11444,2025-11-25,Crest Group,Healthcare,51-200,North America,United States,Paid Search,Brand Search Q,cpc,MQL,2025-11-25,,,,,,,,
L-10204,2025-11-21,Orbit Works,Healthcare,51-200,APAC,Australia,Events,SaaStr Booth,event,New,,,,,,,,,
L-11593,2025-05-07,Blue Robotics,Education,51-200,North America,United States,Paid Social,Meta Retargeting,paid_social,New,,,,,,,,,
L-12099,2025-05-03,Maple Robotics,SaaS,51-200,North America,Canada,Content Syndication,Whitepaper Syndication,syndication,Disqualified,,,,,,,,,
L-10910,2025-11-12,Silver Analytics,SaaS,201-1000,North America,United States,Organic Search,SEO - Blog,organic,MQL,2025-11-15,,,,,,,,
L-12202,2025-05-14,Apex Analytics,Education,1-50,EMEA,Germany,Organic Search,SEO - Blog,organic,MQL,2025-05-30,,,,,,,,
L-11987,2026-05-20,Nova Retail,Healthcare,5000+,EMEA,Germany,Webinar,Webinar: Pipeline Masterclass,email,MQL,2026-06-10,,,,,,,,
L-12448,2026-04-04,Orbit Retail,Manufacturing,51-200,North America,Canada,Paid Social,Meta Retargeting,paid_social,New,,,,,,,,,
L-11398,2026-05-06,Atlas Networks,Education,201-1000,North America,Canada,Organic Search,SEO - Blog,organic,Disqualified,,,,,,,,,
L-11936,2025-01-15,Lumen Partners,Healthcare,1-50,North America,United States,Paid Social,LinkedIn Lead Gen,paid_social,New,,,,,,,,,
L-11481,2025-02-08,Pine Learning,Financial Services,1-50,North America,United States,Content Syndication,Ebook: State of Marketing,syndication,New,,,,,,,,,
L-12213,2026-03-10,North Partners,Education,1-50,North America,Canada,Organic Search,SEO - Comparison Pages,organic,New,,,,,,,,,
L-10077,2026-03-01,Silver Media,Retail,201-1000,North America,Canada,Paid Search,Brand Search Q,cpc,New,,,,,,,,,
L-12374,2026-02-15,Crest Networks,Retail,51-200,North America,Canada,Paid Social,Meta Retargeting,paid_social,New,,,,,,,,,
L-10674,2025-07-28,Vertex Partners,Healthcare,201-1000,LATAM,Brazil,Webinar,Webinar: Pipeline Masterclass,email,Converted,2025-08-07,2025-08-21,OPP-5674,2025-08-28,Closed Lost,32800,2025-11-18,Jake Chen,82
L-12351,2025-12-06,Apex Foods,Healthcare,1-50,North America,United States,Paid Search,Generic - Analytics,cpc,New,,,,,,,,,
L-11262,2025-11-01,Orbit Foods,Financial Services,51-200,North America,Canada,Paid Social,Meta Retargeting,paid_social,New,,,,,,,,,
L-12354,2025-12-01,Apex Learning,Retail,1-50,LATAM,Brazil,Paid Search,Competitor Keywords,cpc,New,,,,,,,,,
L-11976,2026-01-15,Blue Retail,SaaS,1-50,North America,United States,Organic Search,SEO - Blog,organic,MQL,2026-02-04,,,,,,,,
L-10502,2026-06-10,Summit Retail,Financial Services,1-50,North America,United States,Paid Search,Generic - Analytics,cpc,Disqualified,,,,,,,,,
L-11051,2026-03-05,Apex Networks,Media,201-1000,North America,United States,Webinar,Webinar: RevOps 101,email,MQL,2026-03-24,,,,,,,,
L-12320,2025-05-14,Harbor Labs,Education,1-50,North America,United States,Events,Regional Roadshow,event,MQL,2025-05-21,,,,,,,,
L-11150,2026-06-05,Lumen Labs,Education,51-200,North America,United States,Webinar,Webinar: 2026 Benchmarks,email,MQL,2026-06-13,,,,,,,,
L-12144,2025-07-20,Silver Analytics,Manufacturing,1001-5000,North America,United States,Paid Search,Competitor Keywords,cpc,New,,,,,,,,,
L-11023,2026-05-01,Apex Foods,Financial Services,51-200,LATAM,Mexico,Paid Social,LinkedIn Thought Leadership,paid_social,SQL,2026-05-22,2026-05-24,,,,,,Tom Reilly,
L-12380,2025-07-17,Orbit Foods,Media,1001-5000,EMEA,Netherlands,Outbound,SDR Outbound - Enterprise,outbound,Converted,2025-07-23,2025-08-02,OPP-7380,2025-08-18,Closed Lost,58500,2025-11-17,Sofia Martinez,91
L-10184,2025-10-29,Quartz Learning,Logistics,201-1000,North America,Canada,Webinar,Webinar: Pipeline Masterclass,email,New,,,,,,,,,
L-11512,2025-09-11,Atlas Media,Media,201-1000,North America,Canada,Paid Social,Meta Retargeting,paid_social,New,,,,,,,,,
L-11305,2025-07-27,Maple Logistics,Logistics,201-1000,APAC,Japan,Organic Search,SEO - Comparison Pages,organic,Disqualified,,,,,,,,,
L-12339,2025-03-24,Bright Health,Manufacturing,51-200,North America,United States,Paid Social,LinkedIn Lead Gen,paid_social,New,,,,,,,,,
L-10025,2025-06-24,Blue Systems,Healthcare,201-1000,North America,United States,Content Syndication,Ebook: State of Marketing,syndication,New,,,,,,,,,
L-11126,2025-07-30,Quartz Retail,Manufacturing,201-1000,North America,United States,Outbound,SDR Outbound - Enterprise,outbound,New,,,,,,,,,
L-10861,2025-08-17,Iron Capital,Logistics,51-200,North America,United States,Organic Search,SEO - Blog,organic,New,,,,,,,,,
L-12148,2025-04-09,Echo Labs,Financial Services,5000+,EMEA,Netherlands,Events,SaaStr Booth,event,Converted,2025-04-11,2025-04-19,OPP-7148,2025-05-09,Closed Lost,49400,2025-10-17,Jake Chen,161
L-11365,2025-04-30,Blue Systems,Manufacturing,1001-5000,EMEA,Germany,Outbound,SDR Outbound - Mid-Market,outbound,SQL,2025-05-16,2025-06-06,,,,,,Tom Reilly,
L-10864,2026-02-09,Apex Networks,Retail,1001-5000,LATAM,Mexico,Paid Search,Competitor Keywords,cpc,New,,,,,,,,,
L-10498,2026-06-04,Harbor Retail,SaaS,1001-5000,North America,Canada,Content Syndication,Whitepaper Syndication,syndication,MQL,2026-06-21,,,,,,,,
L-11844,2025-11-15,Blue Works,Healthcare,201-1000,North America,United States,Webinar,Webinar: Pipeline Masterclass,email,New,,,,,,,,,
L-11886,2025-06-23,Silver Labs,Financial Services,201-1000,North America,United States,Content Syndication,Ebook: State of Marketing,syndication,New,,,,,,,,,
L-11634,2026-05-19,Crest Group,,201-1000,North America,United States,Paid Social,LinkedIn Thought Leadership,paid_social,SQL,2026-05-23,2026-06-17,,,,,,Ben Carter,
L-11871,2026-04-16,Nova Learning,Media,1-50,APAC,Australia,Organic Search,SEO - Comparison Pages,organic,New,,,,,,,,,
L-10436,2025-05-29,Clear Robotics,Healthcare,1-50,EMEA,Netherlands,Paid Social,LinkedIn Thought Leadership,paid_social,MQL,2025-06-13,,,,,,,,
L-12484,2025-04-30,Apex Media,Financial Services,201-1000,APAC,Australia,Webinar,Webinar: RevOps 101,email,SQL,2025-04-30,2025-05-15,,,,,,Aisha Patel,
L-10370,2025-08-29,Iron Capital,Education,201-1000,North America,Canada,LinkedIn,LinkedIn Thought Leadership,paid_social,New,,,,,,,,,
L-10215,2025-01-30,Crest Learning,Logistics,51-200,EMEA,United Kingdom,Paid Social,LinkedIn Thought Leadership,paid_social,MQL,2025-02-16,,,,,,,,
L-10582,2026-04-02,Blue Systems,Logistics,201-1000,EMEA,Germany,Paid Social,LinkedIn Lead Gen,paid_social,Disqualified,,,,,,,,,
L-10932,2025-05-06,Bright Labs,Logistics,1-50,APAC,Japan,Referral,Partner Referral,referral,Converted,2025-05-23,2025-06-21,OPP-5932,2025-06-22,Closed Lost,6300,2025-08-09,Tom Reilly,48
L-12422,2025-10-13,Crest Labs,SaaS,1-50,APAC,Singapore,Content Syndication,Ebook: State of Marketing,syndication,New,,,,,,,,,
L-10784,2026-03-10,Crest Retail,SaaS,1001-5000,LATAM,Mexico,Organic Search,SEO - Comparison Pages,organic,MQL,2026-03-29,,,,,,,,
L-10505,2025-07-19,Silver Media,SaaS,1-50,North America,United States,Events,Regional Roadshow,event,MQL,2025-07-24,,,,,,,,
L-12200,2026-02-11,Summit Capital,Education,1-50,EMEA,Netherlands,Content Syndication,Ebook: State of Marketing,syndication,New,,,,,,,,,
L-12032,2026-02-01,Bright Analytics,,1-50,EMEA,Netherlands,Events,Regional Roadshow,event,MQL,2026-02-12,,,,,,,,
L-10841,2026-04-13,Maple Capital,Financial Services,1-50,APAC,Australia,Paid Search,Generic - Analytics,cpc,MQL,2026-04-19,,,,,,,,
L-12008,2026-06-15,Quartz Capital,Media,51-200,North America,United States,Content Syndication,Ebook: State of Marketing,syndication,SQL,2026-07-03,2026-07-07,,,,,,Jake Chen,
L-10501,2025-11-16,Apex Logistics,Logistics,201-1000,EMEA,United Kingdom,Paid Social,LinkedIn Lead Gen,paid_social,New,,,,,,,,,
L-10182,2026-03-29,Clear Group,Education,201-1000,North America,Canada,Content Syndication,Ebook: State of Marketing,syndication,New,,,,,,,,,
L-11703,2025-03-29,Crest Foods,Logistics,201-1000,EMEA,Netherlands,Paid Search,Brand Search Q,cpc,Disqualified,,,,,,,,,
L-11057,2026-03-24,Bright Group,Financial Services,1001-5000,LATAM,Brazil,Paid Search,Brand Search Q,cpc,SQL,2026-04-12,2026-05-03,,,,,,Jake Chen,
L-10933,2026-05-13,Harbor Networks,SaaS,5000+,EMEA,Netherlands,Paid Search,Competitor Keywords,cpc,New,,,,,,,,,
L-12412,2025-05-06,Orbit Works,SaaS,1-50,North America,United States,Paid Search,Brand Search Q,cpc,MQL,2025-05-17,,,,,,,,
L-11583,2025-01-26,Bright Logistics,SaaS,51-200,North America,United States,Webinar,Webinar: 2026 Benchmarks,email,New,,,,,,,,,
L-11651,2025-10-06,Clear Robotics,SaaS,201-1000,EMEA,Netherlands,Organic Search,SEO - Blog,organic,Converted,2025-10-18,2025-11-13,OPP-6651,2025-11-19,Closed Won,34800,2026-01-26,Priya Shah,68
L-10214,2025-11-02,Atlas Retail,Financial Services,201-1000,North America,United States,Organic Search,SEO - Blog,organic,New,,,,,,,,,
L-11313,2025-07-28,Bright Partners,Manufacturing,51-200,North America,Canada,Paid Search,Brand Search Q,cpc,MQL,2025-08-03,,,,,,,,
L-11657,2025-02-17,Pine Systems,Retail,201-1000,APAC,Australia,Content Syndication,Whitepaper Syndication,syndication,New,,,,,,,,,
L-10588,2025-12-04,Lumen Partners,Logistics,1-50,North America,Canada,Event,SaaStr Booth,event,MQL,2025-12-19,,,,,,,,
L-11592,2026-05-31,Vertex Logistics,Healthcare,51-200,North America,United States,Content Syndication,Whitepaper Syndication,syndication,New,,,,,,,,,
L-11606,2025-10-08,Crest Networks,Healthcare,51-200,North America,Canada,Outbound,SDR Outbound - Mid-Market,outbound,New,,,,,,,,,
L-11758,2026-02-07,Blue Analytics,Logistics,1-50,North America,Canada,Organic Search,SEO - Blog,organic,SQL,2026-02-27,2026-03-19,,,,,,Tom Reilly,
L-11191,2026-03-07,Orbit Learning,,51-200,EMEA,Germany,Organic Search,SEO - Comparison Pages,organic,MQL,2026-03-21,,,,,,,,
L-10265,2026-04-15,Silver Foods,Logistics,51-200,North America,United States,Paid Search,Brand Search Q,cpc,MQL,2026-04-20,,,,,,,,
L-10941,2025-10-13,Iron Retail,Financial Services,1-50,EMEA,Netherlands,Paid Search,Generic - Analytics,cpc,MQL,2025-10-31,,,,,,,,
L-11440,2026-03-24,Orbit Retail,SaaS,1-50,EMEA,Netherlands,Paid Search,Brand Search Q,cpc,New,,,,,,,,,
L-11968,2025-01-06,Apex Analytics,Healthcare,51-200,APAC,Australia,Outbound,SDR Outbound - Enterprise,outbound,New,,,,,,,,,
L-10985,2025-05-16,Blue Analytics,Media,201-1000,North America,Canada,Events,Regional Roadshow,event,New,,,,,,,,,
L-10359,2026-04-26,Nova Capital,Retail,51-200,North America,Canada,Organic Search,SEO - Comparison Pages,organic,New,,,,,,,,,
L-10594,2025-04-01,Harbor Media,SaaS,51-200,North America,Canada,Paid Social,LinkedIn Lead Gen,paid_social,New,,,,,,,,,
L-12284,2026-04-13,Pine Networks,Education,51-200,LATAM,Mexico,Paid Search,Generic - Analytics,cpc,New,,,,,,,,,
L-11617,2025-04-11,Iron Systems,SaaS,201-1000,North America,Canada,Outbound,SDR Outbound - Enterprise,outbound,MQL,2025-05-01,,,,,,,,
L-10086,2025-04-04,Clear Works,Retail,1-50,EMEA,Germany,Webinar,Webinar: 2026 Benchmarks,email,New,,,,,,,,,
L-11442,2025-01-17,Bright Labs,SaaS,51-200,North America,Canada,Content Syndication,Whitepaper Syndication,syndication,Converted,2025-02-03,2025-02-14,OPP-6442,2025-02-17,Closed Lost,11700,2025-03-25,Tom Reilly,36
L-10542,2026-05-19,Blue Networks,Education,51-200,North America,United States,Paid Search,Competitor Keywords,cpc,New,,,,,,,,,
L-10666,2026-05-07,Apex Learning,Retail,1001-5000,North America,Canada,Paid Search,Competitor Keywords,cpc,New,,,,,,,,,
L-12421,2025-08-20,Maple Partners,Healthcare,1001-5000,APAC,Japan,Webinar,Webinar: 2026 Benchmarks,email,New,,,,,,,,,
L-10231,2025-11-23,Apex Labs,Healthcare,51-200,LATAM,Brazil,Paid Search,Competitor Keywords,cpc,MQL,2025-11-24,,,,,,,,
L-11322,2026-03-19,North Foods,Education,5000+,North America,United States,Referral,Partner Referral,referral,Converted,2026-04-05,2026-04-30,OPP-6322,2026-05-10,Closed Lost,131300,2026-06-15,Sofia Martinez,36
L-11329,2025-05-05,Iron Robotics,Media,1001-5000,North America,Canada,Content Syndication,Whitepaper Syndication,syndication,MQL,2025-05-16,,,,,,,,
L-12159,2026-05-18,Maple Analytics,Logistics,5000+,North America,United States,Paid Search,Competitor Keywords,cpc,MQL,2026-05-29,,,,,,,,
L-10486,2026-04-26,Clear Analytics,SaaS,51-200,North America,United States,Outbound,SDR Outbound - Enterprise,outbound,New,,,,,,,,,
L-11422,2025-12-24,Lumen Health,Financial Services,1-50,EMEA,United Kingdom,Paid Social,LinkedIn Lead Gen,paid_social,MQL,2025-12-29,,,,,,,,
L-11576,2025-04-19,Pine Works,Media,1-50,EMEA,Germany,Paid Search,Brand Search Q,cpc,Disqualified,,,,,,,,,
L-11183,2025-12-06,Bright Learning,Retail,1-50,North America,United States,Paid Social,LinkedIn Thought Leadership,paid_social,Disqualified,,,,,,,,,
L-10241,2026-03-15,Harbor Logistics,Manufacturing,1-50,North America,Canada,Paid Social,LinkedIn Thought Leadership,paid_social,New,,,,,,,,,
L-11894,2025-09-29,Harbor Works,Education,51-200,North America,United States,Organic Search,SEO - Comparison Pages,organic,MQL,2025-10-12,,,,,,,,
L-11500,2025-09-05,Echo Logistics,Logistics,5000+,North America,Canada,Paid Search,Competitor Keywords,cpc,Converted,2025-09-23,2025-10-12,OPP-6500,2025-10-15,Closed Lost,172300,2026-04-30,Tom Reilly,197
L-12267,2025-03-10,Quartz Works,SaaS,51-200,EMEA,Germany,Paid Social,Meta Retargeting,paid_social,New,,,,,,,,,
L-10711,2026-04-28,Iron Works,Financial Services,1001-5000,North America,Canada,Paid Search,Generic - Analytics,cpc,SQL,2026-05-02,2026-05-29,,,,,,Tom Reilly,
L-12226,2026-01-25,Apex Robotics,Financial Services,1001-5000,North America,Canada,Organic Search,SEO - Blog,organic,MQL,2026-01-31,,,,,,,,
L-12122,2025-10-19,Crest Partners,Logistics,51-200,North America,United States,Events,SaaStr Booth,event,MQL,2025-11-05,,,,,,,,
L-11760,2026-01-21,Cedar Capital,Education,51-200,APAC,Japan,Outbound,SDR Outbound - Enterprise,outbound,New,,,,,,,,,
L-10360,2025-01-11,Cedar Systems,Financial Services,1-50,North America,Canada,Events,Regional Roadshow,event,Converted,2025-01-29,2025-02-23,OPP-5360,2025-03-02,Closed Won,7200,2025-06-05,Tom Reilly,95
L-11413,2025-07-22,Pine Group,,1-50,North America,United States,Referral,Partner Referral,referral,MQL,2025-08-10,,,,,,,,
L-12426,2025-11-07,North Retail,Media,201-1000,APAC,Singapore,Outbound,SDR Outbound - Mid-Market,outbound,New,,,,,,,,,
L-11963,2025-10-27,Orbit Systems,,1-50,North America,Canada,Paid Search,Brand Search Q,cpc,New,,,,,,,,,
L-11380,2025-09-14,Apex Retail,Financial Services,51-200,North America,Canada,Paid Social,LinkedIn Thought Leadership,paid_social,MQL,2025-09-14,,,,,,,,
L-10094,2025-11-28,Bright Partners,,201-1000,North America,Canada,Webinar,Webinar: RevOps 101,,MQL,2025-12-07,,,,,,,,
L-11042,2025-09-06,Silver Works,Healthcare,1-50,LATAM,Mexico,Outbound,SDR Outbound - Enterprise,outbound,Disqualified,,,,,,,,,
L-11925,2026-06-15,Vertex Learning,Financial Services,201-1000,EMEA,United Kingdom,Content Syndication,Ebook: State of Marketing,syndication,New,,,,,,,,,
L-11007,2025-05-24,Vertex Works,Healthcare,51-200,North America,United States,Paid Search,Brand Search Q,cpc,New,,,,,,,,,
L-12436,2025-08-13,Cedar Media,Education,1001-5000,North America,Canada,Content Syndication,Ebook: State of Marketing,syndication,MQL,2025-08-26,,,,,,,,
L-11647,2025-11-22,Blue Group,Retail,201-1000,North America,Canada,Organic Search,SEO - Blog,organic,New,,,,,,,,,
L-11702,2025-12-31,Pine Labs,SaaS,1-50,North America,United States,Outbound,SDR Outbound - Mid-Market,outbound,New,,,,,,,,,
L-10751,2025-05-02,Summit Robotics,Manufacturing,1-50,North America,United States,Paid Search,Competitor Keywords,cpc,Disqualified,,,,,,,,,
L-12130,2026-04-27,Lumen Logistics,Healthcare,1001-5000,North America,United States,Paid Social,LinkedIn Thought Leadership,paid_social,New,,,,,,,,,
L-11841,2025-12-06,Quartz Media,Media,201-1000,North America,Canada,Content Syndication,Ebook: State of Marketing,syndication,New,,,,,,,,,
L-11672,2025-04-05,Maple Networks,Manufacturing,5000+,APAC,Singapore,Organic Search,SEO - Comparison Pages,organic,MQL,2025-04-21,,,,,,,,
L-10097,2025-05-08,Blue Health,Financial Services,51-200,North America,Canada,Content Syndication,Ebook: State of Marketing,syndication,MQL,2025-05-28,,,,,,,,
L-11839,2025-12-20,Pine Group,Manufacturing,1-50,North America,Canada,Organic Search,SEO - Comparison Pages,organic,New,,,,,,,,,
L-10843,2025-06-24,Cedar Media,Financial Services,51-200,EMEA,Germany,Paid Social,Meta Retargeting,,Converted,2025-07-11,2025-07-22,OPP-5843,2025-08-06,Closed Lost,20700,2025-09-21,Marcus Lee,46
L-11565,2026-04-23,Cedar Logistics,SaaS,51-200,EMEA,Germany,Paid Search,Competitor Keywords,cpc,New,,,,,,,,,
L-10280,2025-01-20,Summit Capital,Financial Services,201-1000,North America,United States,Events,SaaStr Booth,event,MQL,2025-01-29,,,,,,,,
L-12252,2026-02-01,Apex Logistics,Media,201-1000,EMEA,Netherlands,Webinar,Webinar: Pipeline Masterclass,email,MQL,2026-02-01,,,,,,,,
L-11301,2026-03-31,Bright Analytics,Retail,51-200,LATAM,Mexico,Paid Social,Meta Retargeting,paid_social,New,,,,,,,,,
L-11483,2025-08-03,Blue Systems,Logistics,1-50,North America,United States,Paid Search,Competitor Keywords,cpc,MQL,2025-08-07,,,,,,,,
L-10411,2025-07-22,Summit Works,Retail,51-200,North America,United States,Webinar,Webinar: 2026 Benchmarks,email,New,,,,,,,,,
L-11195,2026-05-14,Summit Capital,Manufacturing,201-1000,North America,United States,Content Syndication,Ebook: State of Marketing,syndication,New,,,,,,,,,
L-10038,2026-05-17,Atlas Analytics,Retail,1-50,APAC,Japan,Organic Search,SEO - Comparison Pages,organic,New,,,,,,,,,
L-10679,2025-02-03,Cedar Health,Manufacturing,201-1000,LATAM,Mexico,Outbound,SDR Outbound - Enterprise,outbound,New,,,,,,,,,
L-10171,2026-06-19,Vertex Retail,Media,51-200,LATAM,Mexico,Webinar,Webinar: Pipeline Masterclass,email,New,,,,,,,,,
L-12184,2025-07-17,Silver Systems,SaaS,1-50,EMEA,Germany,Paid Search,Generic - Analytics,cpc,MQL,2025-08-02,,,,,,,,
L-10442,2025-10-02,Orbit Systems,,51-200,North America,United States,Paid Social,LinkedIn Lead Gen,paid_social,New,,,,,,,,,
L-10601,2025-09-04,Crest Labs,Manufacturing,1001-5000,North America,Canada,Paid Search,Competitor Keywords,cpc,New,,,,,,,,,
L-10660,2025-07-31,Iron Systems,Financial Services,201-1000,North America,United States,Outbound,SDR Outbound - Mid-Market,outbound,Converted,2025-08-06,2025-08-20,OPP-5660,2025-08-30,Closed Won,39500,2025-12-17,Sofia Martinez,109
L-12449,2025-01-15,Lumen Group,Logistics,201-1000,EMEA,Netherlands,Paid Search,Competitor Keywords,cpc,Disqualified,,,,,,,,,
L-11372,2026-03-17,Nova Retail,Healthcare,201-1000,EMEA,Germany,Webinar,Webinar: 2026 Benchmarks,email,MQL,2026-03-28,,,,,,,,
L-10012,2026-04-11,Apex Systems,Logistics,1-50,APAC,Australia,Paid Social,LinkedIn Thought Leadership,paid_social,Disqualified,,,,,,,,,
L-10203,2026-04-19,Silver Logistics,Manufacturing,201-1000,North America,United States,Events,Customer Dinner Series,event,Converted,2026-05-01,2026-05-22,OPP-5203,2026-06-09,Negotiation,36600,2026-08-15,Ben Carter,
L-10809,2026-01-18,Cedar Group,Logistics,1001-5000,North America,United States,Webinar,Webinar: Pipeline Masterclass,email,MQL,2026-01-26,,,,,,,,
L-11457,2026-02-24,Cedar Partners,Manufacturing,51-200,LATAM,Brazil,Paid Search,Competitor Keywords,cpc,SQL,2026-02-28,2026-03-29,,,,,,Ben Carter,
L-10976,2025-12-17,Nova Robotics,Education,1-50,North America,Canada,Content Syndication,Whitepaper Syndication,syndication,New,,,,,,,,,
L-12175,2026-03-26,Nova Learning,Manufacturing,51-200,North America,Canada,Paid Social,Meta Retargeting,paid_social,MQL,2026-04-05,,,,,,,,
L-11312,2025-08-09,Orbit Analytics,Manufacturing,1-50,North America,Canada,Paid Search,Generic - Analytics,cpc,MQL,2025-08-14,,,,,,,,
L-10137,2026-04-07,Atlas Retail,Education,5000+,EMEA,Germany,Paid Search,Generic - Analytics,cpc,New,,,,,,,,,
L-11826,2025-02-09,Crest Works,Healthcare,1001-5000,EMEA,Germany,Content Syndication,Whitepaper Syndication,syndication,SQL,2025-02-23,2025-03-06,,,,,,Dana Okafor,
L-12440,2026-06-06,Echo Labs,Media,51-200,North America,Canada,Content Syndication,Ebook: State of Marketing,syndication,Disqualified,,,,,,,,,
L-10737,2025-01-29,Pine Systems,Media,1001-5000,LATAM,Mexico,Webinar,Webinar: RevOps 101,email,MQL,2025-02-19,,,,,,,,
L-10869,2026-01-29,Vertex Learning,Financial Services,201-1000,North America,Canada,Content Syndication,Whitepaper Syndication,syndication,Disqualified,,,,,,,,,
L-12362,2026-03-15,Maple Analytics,Healthcare,201-1000,EMEA,Netherlands,Webinar,Webinar: Pipeline Masterclass,email,New,,,,,,,,,
L-10551,2026-05-16,Pine Capital,Financial Services,51-200,North America,United States,Paid Search,Generic - Analytics,cpc,Disqualified,,,,,,,,,
L-12021,2025-05-11,Orbit Foods,SaaS,51-200,North America,Canada,Events,Regional Roadshow,event,New,,,,,,,,,
L-10516,2025-11-29,Pine Analytics,Logistics,1-50,North America,United States,Organic Search,SEO - Comparison Pages,organic,MQL,2025-12-14,,,,,,,,
L-11910,2026-04-15,Cedar Group,SaaS,1001-5000,North America,Canada,Webinar,Webinar: 2026 Benchmarks,email,Disqualified,,,,,,,,,
L-11779,2025-01-05,Cedar Retail,Manufacturing,51-200,North America,United States,Paid Social,LinkedIn Lead Gen,paid_social,New,,,,,,,,,
L-12407,2025-07-25,Echo Works,Media,201-1000,APAC,Australia,Paid Search,Generic - Analytics,cpc,New,,,,,,,,,
L-11766,2025-09-05,Vertex Labs,,51-200,North America,Canada,Events,SaaStr Booth,event,New,,,,,,,,,
L-11887,2026-06-29,Quartz Foods,SaaS,201-1000,APAC,Japan,Paid Search,Brand Search Q,cpc,New,,,,,,,,,
L-11096,2026-06-24,Crest Foods,SaaS,1-50,North America,Canada,Webinar,Webinar: Pipeline Masterclass,email,Converted,2026-06-26,2026-07-04,OPP-6096,2026-07-22,Discovery,10500,2026-09-06,Sofia Martinez,
L-12050,2026-02-16,Echo Retail,Retail,1001-5000,APAC,Australia,Webinar,Webinar: 2026 Benchmarks,email,MQL,2026-03-04,,,,,,,,
L-12140,2025-01-10,Cedar Media,SaaS,51-200,North America,Canada,Events,Customer Dinner Series,event,New,,,,,,,,,
L-10124,2026-03-14,Orbit Group,,51-200,North America,Canada,Content Syndication,Whitepaper Syndication,syndication,New,,,,,,,,,
L-12435,2026-05-17,Nova Capital,SaaS,1-50,LATAM,Mexico,Paid Search,Competitor Keywords,cpc,MQL,2026-05-30,,,,,,,,
L-10563,2026-04-13,Orbit Capital,Retail,1-50,North America,United States,Webinar,Webinar: 2026 Benchmarks,email,SQL,2026-04-18,2026-05-09,,,,,,Aisha Patel,
L-11776,2025-12-27,Iron Analytics,Retail,51-200,North America,Canada,Paid Search,Competitor Keywords,cpc,Converted,2026-01-04,2026-01-21,OPP-6776,2026-02-02,Closed Won,17800,2026-03-17,Dana Okafor,43
L-10143,2026-06-24,Maple Networks,Healthcare,51-200,EMEA,France,Paid Social,LinkedIn Lead Gen,paid_social,New,,,,,,,,,
L-10387,2025-09-27,Iron Networks,Education,201-1000,North America,Canada,Paid Social,LinkedIn Thought Leadership,paid_social,New,,,,,,,,,
L-10461,2026-02-20,Iron Works,SaaS,1-50,North America,Canada,Webinar,Webinar: RevOps 101,email,New,,,,,,,,,
L-11363,2025-06-10,North Logistics,SaaS,1001-5000,EMEA,France,Organic Search,SEO - Comparison Pages,organic,MQL,2025-06-22,,,,,,,,
L-11463,2025-12-16,Apex Robotics,Manufacturing,1-50,North America,Canada,Content Syndication,Whitepaper Syndication,syndication,SQL,2026-01-05,2026-01-25,,,,,,Ben Carter,
L-11701,2026-05-01,North Learning,Retail,5000+,North America,United States,Paid Social,LinkedIn Thought Leadership,paid_social,New,,,,,,,,,
L-11747,2025-05-15,Harbor Systems,SaaS,1-50,North America,United States,Paid Search,Competitor Keywords,cpc,New,,,,,,,,,
L-11955,2025-03-19,Atlas Systems,SaaS,51-200,North America,United States,Referral,Partner Referral,referral,Converted,2025-03-25,2025-04-08,OPP-6955,2025-04-14,Closed Lost,55100,2025-06-28,Priya Shah,75
L-10421,2025-03-12,Iron Learning,Healthcare,201-1000,EMEA,United Kingdom,Paid Social,LinkedIn Lead Gen,paid_social,New,,,,,,,,,
L-10395,2026-05-30,Harbor Partners,Media,201-1000,LATAM,Mexico,Referral,Partner Referral,referral,Converted,2026-06-05,2026-06-24,OPP-5395,2026-07-09,Discovery,31600,2026-08-31,Sofia Martinez,
L-10413,2026-03-11,Atlas Learning,Manufacturing,51-200,North America,United States,Referral,Partner Referral,referral,Converted,2026-03-16,2026-04-06,OPP-5413,2026-04-26,Closed Lost,14400,2026-06-12,Sofia Martinez,47
L-12329,2025-09-17,Summit Retail,Healthcare,1-50,North America,United States,Paid Search,Brand Search Q,cpc,MQL,2025-09-29,,,,,,,,
L-10019,2025-07-14,Cedar Labs,SaaS,201-1000,North America,Canada,Outbound,SDR Outbound - Enterprise,outbound,SQL,2025-07-30,2025-08-06,,,,,,Marcus Lee,
L-11908,2025-06-02,Lumen Capital,Manufacturing,51-200,LATAM,Mexico,Referral,Partner Referral,referral,Converted,2025-06-12,2025-06-29,OPP-6908,2025-07-19,Closed Lost,16700,2025-09-22,Jake Chen,65
L-10007,2025-07-23,Atlas Health,Manufacturing,51-200,APAC,Australia,Webinar,Webinar: Pipeline Masterclass,email,New,,,,,,,,,
L-11662,2025-06-09,Crest Group,Retail,51-200,North America,Canada,Referral,Partner Referral,referral,Converted,2025-06-23,2025-07-05,OPP-6662,2025-07-21,Closed Won,14000,2025-10-05,Priya Shah,76
L-11149,2025-02-08,Quartz Logistics,Logistics,51-200,EMEA,United Kingdom,Paid Search,Brand Search Q,cpc,MQL,2025-02-12,,,,,,,,
L-10483,2025-10-23,Crest Robotics,Manufacturing,1-50,North America,Canada,Paid Search,Generic - Analytics,cpc,New,,,,,,,,,
L-12378,2026-03-03,Apex Foods,Logistics,51-200,North America,United States,Paid Search,Generic - Analytics,cpc,MQL,2026-03-11,,,,,,,,
L-10318,2026-04-25,Harbor Media,Retail,1-50,EMEA,Germany,Organic Search,SEO - Comparison Pages,organic,Converted,2026-05-16,2026-05-23,OPP-5318,2026-06-06,Discovery,7500,2026-08-19,Marcus Lee,
L-10996,2026-05-02,Atlas Logistics,Education,201-1000,EMEA,France,Webinar,Webinar: RevOps 101,email,MQL,2026-05-11,,,,,,,,
L-10885,2025-01-25,Maple Media,Education,201-1000,North America,United States,Webinar,Webinar: 2026 Benchmarks,email,Disqualified,,,,,,,,,
L-11256,2025-03-27,Summit Labs,Financial Services,1001-5000,EMEA,Germany,Organic Search,SEO - Blog,organic,MQL,2025-03-28,,,,,,,,
L-11787,2026-01-10,Atlas Networks,Media,201-1000,EMEA,France,Events,SaaStr Booth,event,MQL,2026-01-20,,,,,,,,
L-11371,2025-08-12,Blue Media,Retail,201-1000,APAC,Japan,Paid Social,LinkedIn Thought Leadership,paid_social,New,,,,,,,,,
L-10840,2025-10-23,Clear Analytics,Healthcare,51-200,North America,United States,Paid Search,Competitor Keywords,cpc,MQL,2025-11-05,,,,,,,,
L-10758,2026-01-11,Summit Capital,SaaS,1-50,North America,United States,Paid search,Brand Search Q,cpc,New,,,,,,,,,
L-12023,2025-04-09,Summit Media,Retail,201-1000,APAC,Australia,Paid Social,Meta Retargeting,paid_social,New,,,,,,,,,
L-11788,2026-03-31,Lumen Logistics,Manufacturing,51-200,North America,United States,paid search,Generic - Analytics,cpc,New,,,,,,,,,
L-11863,2025-01-01,Iron Networks,Manufacturing,1-50,EMEA,France,Organic Search,SEO - Blog,organic,MQL,2025-01-10,,,,,,,,
L-10297,2025-07-13,Quartz Group,Retail,51-200,North America,United States,Paid Search,Brand Search Q,cpc,New,,,,,,,,,
L-12086,2026-05-21,Cedar Analytics,Education,1-50,LATAM,Brazil,Organic Search,SEO - Blog,organic,Disqualified,,,,,,,,,
L-10450,2025-12-08,Crest Media,Manufacturing,201-1000,North America,Canada,Paid Search,Generic - Analytics,cpc,New,,,,,,,,,
L-11241,2026-01-17,Crest Robotics,Healthcare,201-1000,North America,United States,Events,Regional Roadshow,event,MQL,2026-01-24,,,,,,,,
L-11448,2025-11-16,Echo Retail,SaaS,201-1000,North America,United States,Webinar,Webinar: RevOps 101,email,MQL,2025-12-03,,,,,,,,
L-11100,2026-06-11,Harbor Learning,Logistics,201-1000,North America,Canada,Webinar,Webinar: 2026 Benchmarks,email,Converted,2026-06-26,2026-07-21,OPP-6100,2026-07-27,Negotiation,18600,2026-08-30,Tom Reilly,
L-10951,2026-03-31,Atlas Labs,Logistics,1-50,North America,Canada,Paid Search,Competitor Keywords,cpc,New,,,,,,,,,
L-10617,2025-03-18,Apex Health,Manufacturing,1-50,North America,Canada,Paid Search,Generic - Analytics,cpc,MQL,2025-04-06,,,,,,,,
L-10235,2025-07-21,Summit Learning,SaaS,201-1000,North America,United States,Content Syndication,Whitepaper Syndication,syndication,New,,,,,,,,,
L-11036,2026-01-03,Crest Health,SaaS,201-1000,North America,Canada,Event,SaaStr Booth,event,MQL,2026-01-16,,,,,,,,
L-11764,2025-09-11,Orbit Partners,Retail,5000+,North America,Canada,Content Syndication,Ebook: State of Marketing,syndication,Disqualified,,,,,,,,,
L-11795,2025-07-17,Silver Group,Media,201-1000,North America,Canada,Outbound,SDR Outbound - Enterprise,outbound,New,,,,,,,,,
L-11455,2026-05-20,Summit Systems,Education,201-1000,North America,Canada,Paid Social,Meta Retargeting,paid_social,New,,,,,,,,,
L-10220,2026-04-28,Cedar Foods,Retail,1001-5000,North America,Canada,Paid Search,Competitor Keywords,cpc,Converted,2026-05-18,2026-06-02,OPP-5220,2026-06-05,Negotiation,45400,2026-08-01,Aisha Patel,
L-11518,2025-12-03,Blue Labs,Healthcare,201-1000,North America,Canada,Paid Social,LinkedIn Thought Leadership,paid_social,New,,,,,,,,,
L-12073,2025-02-04,Echo Health,Manufacturing,51-200,North America,Canada,Referral,Partner Referral,referral,Converted,2025-02-18,2025-03-20,OPP-7073,2025-04-04,Closed Lost,33400,2025-05-06,Ben Carter,32
L-10598,2025-01-08,Iron Systems,Manufacturing,51-200,North America,Canada,Events,Customer Dinner Series,event,New,,,,,,,,,
L-11850,2026-03-09,Echo Media,Education,51-200,APAC,Australia,Paid Social,LinkedIn Lead Gen,paid_social,New,,,,,,,,,
L-11946,2025-03-29,Cedar Foods,Media,1-50,EMEA,France,Paid Search,Competitor Keywords,cpc,SQL,2025-04-07,2025-04-21,,,,,,Sofia Martinez,
L-10975,2025-03-17,Quartz Media,Retail,1-50,APAC,Singapore,Webinar,Webinar: 2026 Benchmarks,email,SQL,2025-03-31,2025-04-16,,,,,,Sofia Martinez,
L-10528,2026-03-05,Maple Foods,Logistics,201-1000,LATAM,Mexico,Paid Search,Generic - Analytics,cpc,New,,,,,,,,,
L-10225,2026-01-28,Lumen Learning,Financial Services,201-1000,APAC,Singapore,Paid Search,Brand Search Q,,MQL,2026-01-30,,,,,,,,
L-10448,2026-04-07,Bright Capital,Media,5000+,North America,Canada,Paid Search,Competitor Keywords,cpc,Disqualified,,,,,,,,,
L-11026,2025-10-13,Pine Learning,Manufacturing,1001-5000,North America,United States,Paid Search,Generic - Analytics,cpc,New,,,,,,,,,
L-12007,2026-03-19,Clear Capital,Healthcare,51-200,EMEA,United Kingdom,Paid Search,Generic - Analytics,cpc,New,,,,,,,,,
L-11601,2025-11-20,Blue Learning,,201-1000,North America,Canada,Paid Social,Meta Retargeting,paid_social,New,,,,,,,,,
L-10622,2025-02-06,Iron Labs,SaaS,5000+,EMEA,Netherlands,Events,Regional Roadshow,event,Converted,2025-02-27,2025-03-12,OPP-5622,2025-03-29,Closed Won,87600,2025-06-30,Tom Reilly,93
L-10512,2026-06-10,Echo Works,SaaS,51-200,North America,Canada,Outbound,SDR Outbound - Mid-Market,outbound,Converted,2026-06-23,2026-07-06,OPP-5512,2026-07-18,Negotiation,14500,2026-08-27,Priya Shah,
L-12287,2026-06-07,Vertex Labs,Financial Services,201-1000,North America,United States,Webinar,Webinar: Pipeline Masterclass,email,New,,,,,,,,,
L-11527,2025-08-13,Nova Health,Financial Services,201-1000,North America,United States,Referral,Customer Referral,referral,Converted,2025-09-01,2025-09-19,OPP-6527,2025-10-01,Closed Won,90800,2025-12-30,Dana Okafor,90
L-10587,2025-09-19,Atlas Retail,Logistics,1001-5000,EMEA,United Kingdom,Paid Search,Competitor Keywords,cpc,New,,,,,,,,,
L-10376,2026-04-04,Blue Learning,Logistics,51-200,North America,Canada,Event,Regional Roadshow,event,MQL,2026-04-17,,,,,,,,
L-11656,2025-06-07,Atlas Retail,Financial Services,1-50,EMEA,United Kingdom,Paid Search,Competitor Keywords,cpc,Disqualified,,,,,,,,,
L-11227,2025-08-03,Apex Logistics,SaaS,1-50,North America,Canada,Referral,Customer Referral,referral,New,,,,,,,,,
L-10728,2025-07-22,Apex Health,SaaS,1-50,EMEA,United Kingdom,Paid Search,Generic - Analytics,cpc,MQL,2025-08-06,,,,,,,,
L-10055,2026-06-13,Apex Partners,Logistics,1001-5000,North America,United States,Paid Social,LinkedIn Thought Leadership,paid_social,Disqualified,,,,,,,,,
L-10414,2025-10-18,Harbor Health,Media,201-1000,EMEA,Netherlands,Organic Search,SEO - Comparison Pages,organic,SQL,2025-10-24,2025-11-08,,,,,,Priya Shah,
L-10525,2026-03-10,Lumen Labs,Retail,1-50,North America,United States,Paid Search,Brand Search Q,cpc,New,,,,,,,,,
L-11791,2025-09-11,Vertex Media,Financial Services,1001-5000,EMEA,United Kingdom,Paid Search,Competitor Keywords,cpc,MQL,2025-09-29,,,,,,,,
L-10814,2025-05-27,Apex Partners,Manufacturing,51-200,North America,United States,Webinar,Webinar: RevOps 101,email,SQL,2025-06-13,2025-07-04,,,,,,Marcus Lee,
L-12131,2026-04-12,Lumen Systems,Media,1-50,APAC,Japan,Organic Search,SEO - Comparison Pages,organic,New,,,,,,,,,
L-10537,2025-11-01,Blue Media,SaaS,201-1000,North America,Canada,organic,SEO - Blog,organic,MQL,2025-11-11,,,,,,,,
L-11038,2026-02-07,Orbit Media,Education,201-1000,North America,Canada,Webinar,Webinar: 2026 Benchmarks,email,New,,,,,,,,,
L-11901,2025-10-12,Atlas Partners,Logistics,51-200,North America,Canada,Organic Search,SEO - Comparison Pages,organic,SQL,2025-10-28,2025-11-25,,,,,,Priya Shah,
L-11989,2026-03-20,Orbit Media,Manufacturing,51-200,EMEA,Germany,Webinar,Webinar: RevOps 101,email,Disqualified,,,,,,,,,
L-11803,2026-06-14,Pine Systems,Healthcare,1-50,EMEA,Netherlands,Outbound,SDR Outbound - Enterprise,outbound,New,,,,,,,,,
L-12243,2026-05-25,Clear Media,Media,51-200,North America,Canada,Organic Search,SEO - Blog,organic,MQL,2026-06-15,,,,,,,,
L-10735,2025-03-08,Quartz Labs,Financial Services,1-50,North America,Canada,Organic Search,SEO - Blog,organic,Converted,2025-03-19,2025-04-03,OPP-5735,2025-04-12,Closed Lost,5400,2025-06-09,Dana Okafor,58
L-10565,2026-02-20,Blue Analytics,Manufacturing,1-50,EMEA,Germany,Paid Search,Generic - Analytics,cpc,New,,,,,,,,,
L-11582,2025-09-12,Iron Labs,Media,201-1000,EMEA,Netherlands,Events,SaaStr Booth,event,MQL,2025-09-20,,,,,,,,
L-10718,2025-03-10,Bright Networks,Manufacturing,201-1000,North America,Canada,Paid Social,LinkedIn Thought Leadership,paid_social,SQL,2025-03-31,2025-04-11,,,,,,Priya Shah,
L-10556,2025-01-21,North Learning,Retail,201-1000,APAC,Singapore,Outbound,SDR Outbound - Mid-Market,outbound,MQL,2025-02-01,,,,,,,,
L-12328,2025-10-02,Lumen Labs,SaaS,51-200,EMEA,United Kingdom,Referral,Partner Referral,referral,MQL,2025-10-11,,,,,,,,
L-11840,2025-02-17,Clear Systems,Logistics,1001-5000,EMEA,United Kingdom,Organic Search,SEO - Comparison Pages,organic,MQL,2025-02-19,,,,,,,,
L-12250,2026-03-22,Cedar Media,Manufacturing,201-1000,North America,Canada,Organic Search,SEO - Comparison Pages,organic,MQL,2026-03-30,,,,,,,,
L-12295,2025-05-29,Apex Foods,Manufacturing,201-1000,North America,Canada,Organic Search,SEO - Comparison Pages,organic,New,,,,,,,,,
L-10803,2025-02-13,Vertex Learning,Financial Services,51-200,LATAM,Mexico,Outbound,SDR Outbound - Mid-Market,,New,,,,,,,,,
L-11561,2025-04-21,Quartz Retail,Manufacturing,1-50,EMEA,United Kingdom,Events,Regional Roadshow,event,Converted,2025-04-22,2025-05-20,OPP-6561,2025-05-28,Closed Won,11300,2025-07-13,Jake Chen,46
L-11252,2025-04-25,Iron Capital,Media,1-50,North America,United States,Paid Social,LinkedIn Lead Gen,paid_social,New,,,,,,,,,
L-11547,2025-12-02,Bright Robotics,Education,5000+,North America,United States,Webinar,Webinar: RevOps 101,email,New,,,,,,,,,
L-12158,2025-12-14,Bright Retail,SaaS,51-200,North America,Canada,Webinar,Webinar: RevOps 101,email,MQL,2025-12-22,,,,,,,,
L-11473,2025-05-06,Atlas Robotics,Education,1-50,North America,Canada,Paid Search,Brand Search Q,cpc,MQL,2025-05-19,,,,,,,,
L-10649,2025-09-01,Maple Retail,Financial Services,201-1000,North America,Canada,Referral,Customer Referral,referral,MQL,2025-09-16,,,,,,,,
L-10211,2026-04-03,Apex Capital,Financial Services,51-200,EMEA,France,Content Syndication,Ebook: State of Marketing,syndication,MQL,2026-04-06,,,,,,,,
L-10765,2026-04-26,Summit Partners,Logistics,201-1000,North America,Canada,Outbound,SDR Outbound - Enterprise,outbound,MQL,2026-05-09,,,,,,,,
L-12081,2026-01-16,Quartz Logistics,Media,201-1000,APAC,Singapore,Outbound,SDR Outbound - Mid-Market,outbound,New,,,,,,,,,
L-11742,2026-03-14,Lumen Retail,Media,1-50,APAC,Japan,Events,Regional Roadshow,event,New,,,,,,,,,
L-12472,2025-12-29,Orbit Networks,Logistics,201-1000,North America,Canada,Organic Search,SEO - Comparison Pages,organic,MQL,2026-01-08,,,,,,,,
L-11410,2026-05-01,Lumen Partners,Healthcare,51-200,EMEA,Netherlands,Content Syndication,Whitepaper Syndication,syndication,New,,,,,,,,,
L-12500,2026-02-05,Quartz Group,Education,1001-5000,North America,Canada,webinar,Webinar: 2026 Benchmarks,email,SQL,2026-02-15,2026-03-09,,,,,,Tom Reilly,
L-11996,2026-06-03,Cedar Retail,Manufacturing,1-50,North America,United States,Paid Social,Meta Retargeting,paid_social,MQL,2026-06-18,,,,,,,,
L-10631,2026-06-03,Lumen Analytics,Healthcare,1001-5000,North America,Canada,Paid Search,Competitor Keywords,cpc,MQL,2026-06-04,,,,,,,,
L-10443,2025-10-13,Atlas Retail,Retail,201-1000,EMEA,Germany,Organic Search,SEO - Blog,organic,New,,,,,,,,,
L-11022,2026-03-19,Bright Logistics,Logistics,1-50,North America,United States,Organic Search,SEO - Blog,organic,New,,,,,,,,,
L-11897,2025-08-26,Quartz Analytics,Retail,51-200,North America,United States,Webinar,Webinar: 2026 Benchmarks,email,MQL,2025-08-26,,,,,,,,
L-12406,2025-09-11,Iron Networks,SaaS,1001-5000,APAC,Japan,Paid Search,Brand Search Q,cpc,MQL,2025-09-14,,,,,,,,
L-11167,2026-06-14,Clear Media,Manufacturing,5000+,North America,Canada,Events,Regional Roadshow,event,New,,,,,,,,,
L-10805,2025-10-06,Nova Analytics,Retail,51-200,North America,United States,Webinar,Webinar: RevOps 101,email,New,,,,,,,,,
L-10284,2026-02-17,Lumen Partners,,5000+,North America,United States,Webinar,Webinar: RevOps 101,email,New,,,,,,,,,
L-11270,2025-06-27,Echo Capital,Manufacturing,1-50,EMEA,Germany,Paid Search,Generic - Analytics,cpc,New,,,,,,,,,
L-10827,2025-02-14,Lumen Logistics,Manufacturing,1-50,EMEA,Germany,Paid Social,Meta Retargeting,paid_social,MQL,2025-02-22,,,,,,,,
L-11872,2026-06-03,Apex Analytics,Logistics,201-1000,LATAM,Mexico,Referral,Customer Referral,referral,SQL,2026-06-23,2026-06-28,,,,,,Tom Reilly,
L-11293,2026-02-14,Vertex Media,Media,51-200,APAC,Japan,Organic Search,SEO - Comparison Pages,,New,,,,,,,,,
L-12442,2026-05-20,Clear Capital,Retail,201-1000,EMEA,Germany,Paid Social,LinkedIn Thought Leadership,paid_social,New,,,,,,,,,
L-12376,2025-06-10,Bright Learning,Media,51-200,APAC,Singapore,Webinar,Webinar: RevOps 101,email,New,,,,,,,,,
L-11851,2025-07-24,Lumen Systems,Media,1-50,LATAM,Brazil,Organic Search,SEO - Comparison Pages,organic,Disqualified,,,,,,,,,
L-11505,2025-08-18,Pine Analytics,SaaS,201-1000,EMEA,Netherlands,Paid Search,Competitor Keywords,cpc,MQL,2025-08-24,,,,,,,,
L-10628,2025-10-26,Vertex Systems,Manufacturing,201-1000,North America,Canada,Content Syndication,Ebook: State of Marketing,syndication,New,,,,,,,,,
L-10815,2026-01-12,Clear Logistics,SaaS,51-200,APAC,Singapore,Content Syndication,Whitepaper Syndication,syndication,MQL,2026-01-20,,,,,,,,
L-11748,2025-08-09,Nova Group,Manufacturing,1-50,APAC,Singapore,Outbound,SDR Outbound - Enterprise,outbound,MQL,2025-08-21,,,,,,,,
L-10071,2026-01-25,Quartz Foods,SaaS,5000+,EMEA,United Kingdom,Organic Search,SEO - Blog,organic,New,,,,,,,,,
L-10973,2026-06-27,Pine Robotics,Healthcare,1-50,North America,United States,Referral,Customer Referral,referral,Converted,2026-06-28,2026-07-12,OPP-5973,2026-07-29,Proposal,11900,2026-09-20,Priya Shah,
L-11207,2026-01-11,Clear Robotics,Logistics,201-1000,EMEA,United Kingdom,Outbound,SDR Outbound - Mid-Market,outbound,SQL,2026-01-17,2026-01-20,,,,,,Priya Shah,
L-11255,2025-10-12,Summit Robotics,SaaS,201-1000,EMEA,Germany,Paid Search,Generic - Analytics,cpc,New,,,,,,,,,
L-10320,2025-02-28,Maple Systems,Financial Services,51-200,LATAM,Mexico,Content Syndication,Whitepaper Syndication,syndication,MQL,2025-03-07,,,,,,,,
L-11966,2025-02-20,Crest Systems,Retail,5000+,North America,Canada,Organic Search,SEO - Blog,organic,SQL,2025-03-07,2025-03-31,,,,,,Marcus Lee,
L-11709,2025-03-22,Blue Capital,Education,1-50,North America,Canada,Referral,Customer Referral,referral,New,,,,,,,,,
L-10361,2025-06-05,Bright Systems,Healthcare,1001-5000,North America,Canada,Events,Customer Dinner Series,event,MQL,2025-06-22,,,,,,,,
L-10314,2026-02-12,Lumen Media,,1001-5000,North America,United States,Content Syndication,Ebook: State of Marketing,syndication,Disqualified,,,,,,,,,
L-12391,2025-12-14,Atlas Robotics,Retail,51-200,North America,Canada,Outbound,SDR Outbound - Mid-Market,outbound,New,,,,,,,,,
L-10612,2025-04-14,Silver Logistics,Financial Services,1-50,APAC,Japan,Webinar,Webinar: 2026 Benchmarks,email,Converted,2025-05-01,2025-05-30,OPP-5612,2025-06-18,Closed Lost,7200,2025-06-28,Priya Shah,10
L-10808,2025-03-01,Vertex Robotics,Education,1-50,EMEA,Netherlands,Outbound,SDR Outbound - Enterprise,outbound,MQL,2025-03-01,,,,,,,,
L-11860,2025-10-19,Vertex Analytics,Manufacturing,1-50,EMEA,United Kingdom,Events,SaaStr Booth,event,New,,,,,,,,,
L-10146,2025-07-07,Pine Learning,Education,1-50,North America,Canada,Paid Search,Competitor Keywords,cpc,MQL,2025-07-08,,,,,,,,
L-10365,2025-06-23,Echo Group,Education,1-50,North America,United States,Organic Search,SEO - Comparison Pages,organic,MQL,2025-07-06,,,,,,,,
L-11705,2026-06-19,Blue Capital,Healthcare,51-200,APAC,Australia,Organic Search,SEO - Blog,organic,New,,,,,,,,,
L-11574,2026-02-04,Harbor Systems,Manufacturing,1001-5000,EMEA,France,Events,SaaStr Booth,event,MQL,2026-02-07,,,,,,,,
L-11176,2025-08-28,Crest Logistics,Healthcare,5000+,EMEA,Netherlands,Referral,Partner Referral,referral,Converted,2025-09-08,2025-09-10,OPP-6176,2025-09-25,Closed Won,,2026-03-12,Ben Carter,168
L-10397,2025-12-05,Summit Health,Manufacturing,1-50,North America,Canada,Webinar,Webinar: RevOps 101,email,MQL,2025-12-13,,,,,,,,
L-10991,2025-07-24,Blue Media,Media,201-1000,EMEA,United Kingdom,Paid Social,Meta Retargeting,paid_social,New,,,,,,,,,
L-11010,2026-04-14,Apex Capital,Media,1001-5000,North America,Canada,Organic Search,SEO - Blog,organic,New,,,,,,,,,
L-10125,2025-02-22,North Media,Retail,51-200,North America,United States,Events,Regional Roadshow,event,New,,,,,,,,,
L-12269,2026-05-11,Vertex Labs,Education,1-50,APAC,Australia,Paid Social,Meta Retargeting,paid_social,MQL,2026-05-18,,,,,,,,
L-10651,2025-06-08,Iron Robotics,,51-200,North America,Canada,Paid Search,Generic - Analytics,cpc,Converted,2025-06-10,2025-06-28,OPP-5651,2025-06-30,Closed Lost,18000,2025-08-18,Jake Chen,49
L-10004,2026-05-24,Harbor Works,Retail,51-200,EMEA,United Kingdom,Paid Search,Brand Search Q,cpc,New,,,,,,,,,
L-11278,2026-06-29,Apex Systems,Logistics,51-200,North America,Canada,Paid Search,Competitor Keywords,cpc,MQL,2026-07-15,,,,,,,,
L-11187,2026-05-16,Harbor Robotics,Retail,51-200,EMEA,Netherlands,paid_social,LinkedIn Lead Gen,paid_social,Disqualified,,,,,,,,,
L-11510,2026-05-08,Atlas Health,Education,5000+,North America,United States,Content Syndication,Whitepaper Syndication,syndication,New,,,,,,,,,
L-10264,2025-08-01,Orbit Analytics,Manufacturing,51-200,EMEA,France,Outbound,SDR Outbound - Enterprise,outbound,MQL,2025-08-13,,,,,,,,
L-11314,2026-04-12,Atlas Learning,Logistics,51-200,LATAM,Brazil,Paid Social,LinkedIn Lead Gen,paid_social,MQL,2026-04-17,,,,,,,,
L-12080,2025-09-18,Pine Networks,Retail,51-200,EMEA,France,Outbound,SDR Outbound - Enterprise,outbound,New,,,,,,,,,
L-10956,2025-07-29,North Networks,Media,201-1000,North America,United States,Webinar,Webinar: Pipeline Masterclass,email,Converted,2025-08-01,2025-08-07,OPP-5956,2025-08-16,Closed Lost,26700,2025-11-25,Ben Carter,101
L-12111,2025-01-29,Vertex Networks,Healthcare,1-50,EMEA,Netherlands,Webinar,Webinar: Pipeline Masterclass,email,SQL,2025-01-29,2025-02-18,,,,,,Marcus Lee,
L-10493,2026-04-26,Blue Learning,Media,51-200,North America,United States,Paid Search,Brand Search Q,cpc,SQL,2026-05-14,2026-06-03,,,,,,Dana Okafor,
L-12209,2025-03-01,Crest Learning,SaaS,1-50,North America,Canada,Content Syndication,Ebook: State of Marketing,syndication,Disqualified,,,,,,,,,
L-10671,2025-06-30,Orbit Logistics,Logistics,1-50,EMEA,United Kingdom,Organic Search,SEO - Blog,organic,MQL,2025-07-09,,,,,,,,
L-12109,2025-06-10,Clear Analytics,Media,51-200,EMEA,Netherlands,Events,Customer Dinner Series,event,Converted,2025-06-30,2025-07-24,OPP-7109,2025-08-07,Closed Won,20300,2025-09-21,Dana Okafor,45
L-10098,2025-03-13,Iron Group,Manufacturing,51-200,North America,Canada,Organic Search,SEO - Blog,organic,New,,,,,,,,,
L-11692,2025-04-04,Blue Networks,Media,5000+,North America,Canada,Organic Search,SEO - Comparison Pages,organic,New,,,,,,,,,
L-11608,2026-05-08,North Partners,,51-200,LATAM,Mexico,Paid Search,Generic - Analytics,cpc,Disqualified,,,,,,,,,
L-11294,2026-04-11,Atlas Systems,Manufacturing,201-1000,EMEA,Germany,Webinar,Webinar: RevOps 101,email,New,,,,,,,,,
L-11520,2026-01-14,Iron Foods,SaaS,1-50,North America,Canada,Content Syndication,Whitepaper Syndication,syndication,New,,,,,,,,,
L-12400,2026-03-12,Clear Learning,SaaS,1-50,APAC,Australia,Content Syndication,Ebook: State of Marketing,syndication,New,,,,,,,,,
L-11604,2026-02-26,Atlas Analytics,Logistics,201-1000,EMEA,Germany,Referral,Customer Referral,referral,Converted,2026-03-07,2026-03-23,OPP-6604,2026-04-10,Closed Lost,30300,2026-05-08,Aisha Patel,28
L-11648,2025-06-20,North Robotics,Healthcare,201-1000,North America,Canada,Paid Search,Competitor Keywords,cpc,New,,,,,,,,,
L-10106,2026-03-08,Echo Group,Education,1001-5000,EMEA,Germany,organic,SEO - Comparison Pages,organic,MQL,2026-03-22,,,,,,,,
L-11360,2025-07-30,Nova Health,Financial Services,201-1000,APAC,Australia,Webinar,Webinar: RevOps 101,email,Disqualified,,,,,,,,,
L-10619,2025-02-14,Maple Media,Media,201-1000,North America,United States,Paid Social,Meta Retargeting,paid_social,MQL,2025-02-28,,,,,,,,
L-11815,2025-10-18,Quartz Retail,Financial Services,201-1000,North America,Canada,Outbound,SDR Outbound - Mid-Market,outbound,Converted,2025-10-21,2025-11-08,OPP-6815,2025-11-17,Closed Lost,22100,2026-02-16,Dana Okafor,91
L-10569,2026-05-03,Summit Analytics,Healthcare,51-200,North America,Canada,Paid Search,Brand Search Q,cpc,New,,,,,,,,,
L-11152,2025-04-01,Atlas Capital,Education,201-1000,EMEA,France,Paid Search,Competitor Keywords,cpc,SQL,2025-04-22,2025-05-07,,,,,,Marcus Lee,
L-12174,2026-03-11,North Media,SaaS,1-50,EMEA,United Kingdom,Webinar,Webinar: RevOps 101,email,New,,,,,,,,,
L-11238,2025-07-04,Maple Systems,Logistics,1-50,EMEA,France,Organic Search,SEO - Comparison Pages,organic,New,,,,,,,,,
L-10842,2026-05-22,Nova Media,Media,1-50,LATAM,Mexico,Paid Social,Meta Retargeting,paid_social,Disqualified,,,,,,,,,
L-12206,2026-01-18,Summit Foods,SaaS,201-1000,APAC,Australia,Paid Search,Brand Search Q,cpc,New,,,,,,,,,
L-11016,2026-04-23,Blue Analytics,Logistics,1-50,EMEA,Netherlands,Organic Search,SEO - Comparison Pages,organic,MQL,2026-05-14,,,,,,,,
L-10074,2025-06-12,Pine Retail,Manufacturing,1-50,North America,United States,Outbound,SDR Outbound - Mid-Market,outbound,New,,,,,,,,,
L-10213,2025-04-13,Harbor Labs,Logistics,51-200,North America,United States,Paid Social,LinkedIn Lead Gen,paid_social,New,,,,,,,,,
L-10321,2026-01-20,Echo Networks,Logistics,51-200,LATAM,Brazil,Paid Social,LinkedIn Lead Gen,paid_social,New,,,,,,,,,
L-12076,2026-01-05,Quartz Capital,Retail,1-50,North America,United States,Paid Search,Brand Search Q,cpc,New,,,,,,,,,
L-10641,2026-01-17,Orbit Foods,SaaS,1-50,APAC,Singapore,Paid Search,Competitor Keywords,cpc,MQL,2026-01-23,,,,,,,,
L-12123,2025-06-07,Echo Robotics,Retail,51-200,North America,Canada,Paid Search,Generic - Analytics,cpc,MQL,2025-06-09,,,,,,,,
L-10133,2025-05-28,Clear Systems,Financial Services,201-1000,LATAM,Brazil,Webinar,Webinar: 2026 Benchmarks,email,MQL,2025-06-11,,,,,,,,
L-12387,2025-09-15,Nova Media,Media,51-200,North America,Canada,paid_social,LinkedIn Thought Leadership,paid_social,Converted,2025-09-18,2025-10-15,OPP-7387,2025-10-29,Closed Lost,11500,2025-12-02,Tom Reilly,34
L-10741,2025-03-20,Crest Capital,Financial Services,201-1000,North America,United States,Content Syndication,Ebook: State of Marketing,syndication,MQL,2025-03-21,,,,,,,,
L-12471,2025-10-20,Iron Systems,Manufacturing,51-200,North America,Canada,Organic Search,SEO - Blog,organic,Converted,2025-11-04,2025-11-07,OPP-7471,2025-11-12,Closed Lost,53600,2025-11-24,Sofia Martinez,12
L-11404,2026-04-24,North Robotics,Media,201-1000,North America,Canada,Webinar,Webinar: RevOps 101,email,Converted,2026-05-11,2026-05-21,OPP-6404,2026-06-05,Negotiation,34500,2026-08-30,Aisha Patel,
L-12054,2025-10-29,Summit Labs,Media,1-50,APAC,Japan,Paid Search,Brand Search Q,cpc,MQL,2025-11-19,,,,,,,,
L-12409,2025-02-11,Atlas Capital,Manufacturing,51-200,LATAM,Brazil,Organic Search,SEO - Comparison Pages,organic,New,,,,,,,,,
L-12466,2025-09-27,Summit Retail,Healthcare,51-200,North America,United States,Paid Search,Brand Search Q,cpc,MQL,2025-09-28,,,,,,,,
L-10724,2025-04-17,Nova Partners,Healthcare,51-200,North America,United States,Events,SaaStr Booth,event,MQL,2025-04-26,,,,,,,,
L-10329,2025-02-06,Apex Analytics,Retail,51-200,North America,Canada,Webinar,Webinar: Pipeline Masterclass,email,MQL,2025-02-26,,,,,,,,
L-11905,2025-12-21,Orbit Systems,Financial Services,51-200,North America,Canada,Webinar,Webinar: RevOps 101,email,Disqualified,,,,,,,,,
L-10508,2025-07-16,Summit Retail,Education,51-200,North America,United States,Outbound,SDR Outbound - Enterprise,outbound,New,,,,,,,,,
L-11202,2025-08-16,Cedar Systems,SaaS,1-50,APAC,Japan,Webinar,Webinar: Pipeline Masterclass,email,New,,,,,,,,,
L-11118,2025-11-28,North Labs,Retail,1001-5000,North America,United States,Paid Search,Brand Search Q,cpc,Disqualified,,,,,,,,,
L-12018,2026-02-11,Summit Group,SaaS,1-50,North America,Canada,Events,Customer Dinner Series,event,SQL,2026-03-01,2026-03-15,,,,,,Jake Chen,
L-11494,2026-04-24,Summit Networks,Logistics,5000+,EMEA,Germany,Paid search,Generic - Analytics,cpc,MQL,2026-05-03,,,,,,,,
L-10046,2026-02-16,Crest Labs,Manufacturing,1-50,North America,Canada,Events,Regional Roadshow,event,New,,,,,,,,,
L-10726,2026-01-17,Harbor Learning,Retail,201-1000,North America,Canada,Paid Search,Generic - Analytics,cpc,New,,,,,,,,,
L-10388,2025-12-19,Atlas Analytics,Manufacturing,1-50,North America,Canada,Referral,Customer Referral,referral,SQL,2026-01-08,2026-02-02,,,,,,Dana Okafor,
L-11235,2026-03-20,Maple Capital,Manufacturing,51-200,North America,Canada,Referral,Partner Referral,referral,Disqualified,,,,,,,,,
L-12306,2026-01-02,Apex Partners,Education,201-1000,North America,Canada,Content Syndication,Ebook: State of Marketing,syndication,Disqualified,,,,,,,,,
L-10983,2025-02-05,Clear Learning,Healthcare,201-1000,North America,United States,Webinar,Webinar: RevOps 101,email,Converted,2025-02-11,2025-03-03,OPP-5983,2025-03-21,Closed Lost,44600,2025-04-24,Ben Carter,34
L-11683,2025-12-18,Vertex Partners,Logistics,1001-5000,North America,United States,Paid Social,LinkedIn Thought Leadership,paid_social,MQL,2025-12-19,,,,,,,,
L-11180,2025-04-30,Apex Systems,Healthcare,5000+,EMEA,France,Paid Search,Brand Search Q,cpc,New,,,,,,,,,
L-12314,2025-07-16,Silver Analytics,Financial Services,1-50,APAC,Singapore,Organic Search,SEO - Comparison Pages,organic,SQL,2025-07-26,2025-08-18,,,,,,Priya Shah,
L-10008,2026-03-02,Summit Networks,Logistics,201-1000,North America,United States,Organic Search,SEO - Blog,organic,New,,,,,,,,,
L-10163,2025-04-13,Nova Retail,Manufacturing,1-50,North America,Canada,Paid Social,Meta Retargeting,paid_social,New,,,,,,,,,
L-12286,2025-11-14,Silver Health,Education,1-50,North America,Canada,Paid Search,Brand Search Q,cpc,New,,,,,,,,,
L-10524,2026-04-03,Nova Analytics,Financial Services,1001-5000,North America,United States,Paid Social,LinkedIn Lead Gen,paid_social,New,,,,,,,,,
L-10940,2025-09-26,Cedar Learning,Manufacturing,201-1000,North America,United States,Webinar,Webinar: RevOps 101,email,New,,,,,,,,,
L-10944,2026-06-08,Silver Robotics,Retail,1-50,North America,United States,Organic Search,SEO - Blog,organic,New,,,,,,,,,
L-11684,2025-06-27,Orbit Robotics,Healthcare,1-50,North America,United States,Webinar,Webinar: Pipeline Masterclass,email,New,,,,,,,,,
L-11044,2025-07-14,Atlas Partners,Retail,1001-5000,North America,Canada,Outbound,SDR Outbound - Enterprise,outbound,New,,,,,,,,,
L-11029,2026-03-14,Bright Networks,Logistics,1-50,North America,United States,Webinar,Webinar: Pipeline Masterclass,email,New,,,,,,,,,
L-10375,2025-10-13,Summit Learning,Financial Services,1001-5000,North America,Canada,Referral,Customer Referral,referral,Converted,2025-11-02,2025-11-15,OPP-5375,2025-11-18,Closed Won,58500,2026-02-08,Ben Carter,82
L-11279,2026-03-17,Iron Logistics,SaaS,51-200,North America,United States,Content Syndication,Ebook: State of Marketing,syndication,New,,,,,,,,,
L-10258,2026-03-29,Summit Media,Healthcare,1-50,North America,Canada,Referral,Partner Referral,referral,Converted,2026-04-19,2026-04-24,OPP-5258,2026-04-29,Closed Lost,8400,2026-05-30,Jake Chen,31
L-11934,2025-06-21,Orbit Logistics,SaaS,51-200,North America,Canada,Organic Search,SEO - Comparison Pages,organic,New,,,,,,,,,
L-11587,2026-05-27,Quartz Logistics,Education,51-200,EMEA,France,Outbound,SDR Outbound - Mid-Market,outbound,New,,,,,,,,,
L-12203,2026-03-29,Maple Partners,SaaS,1001-5000,APAC,Singapore,Paid Search,Brand Search Q,cpc,Converted,2026-03-29,2026-04-26,OPP-7203,2026-05-10,Proposal,99300,2026-09-07,Dana Okafor,
L-11888,2025-09-12,Pine Health,Retail,201-1000,APAC,Japan,Paid Search,Generic - Analytics,cpc,SQL,2025-09-17,2025-10-11,,,,,,Jake Chen,
L-12285,2025-06-15,Maple Media,SaaS,201-1000,EMEA,France,Paid Search,Brand Search Q,cpc,MQL,2025-06-24,,,,,,,,
L-11280,2025-11-24,Vertex Group,Logistics,51-200,North America,Canada,Events,Regional Roadshow,event,New,,,,,,,,,
L-11021,2025-08-05,Quartz Media,Logistics,1-50,North America,United States,Outbound,SDR Outbound - Mid-Market,outbound,New,,,,,,,,,
L-10571,2026-06-27,Atlas Labs,Retail,1-50,APAC,Australia,Content Syndication,Ebook: State of Marketing,syndication,MQL,2026-06-28,,,,,,,,
L-12097,2025-06-12,Cedar Systems,Media,1-50,EMEA,Netherlands,Events,SaaStr Booth,event,MQL,2025-06-13,,,,,,,,
L-12309,2025-03-24,Iron Partners,Manufacturing,201-1000,North America,United States,Content Syndication,Whitepaper Syndication,syndication,New,,,,,,,,,
L-11916,2025-12-26,Clear Foods,Healthcare,201-1000,North America,Canada,Organic Search,SEO - Comparison Pages,organic,MQL,2025-12-31,,,,,,,,
L-12087,2025-09-19,North Capital,Financial Services,5000+,North America,United States,Paid Social,Meta Retargeting,paid_social,Disqualified,,,,,,,,,
L-11087,2026-02-02,Summit Robotics,Logistics,5000+,EMEA,United Kingdom,Referral,Partner Referral,referral,SQL,2026-02-14,2026-03-03,,,,,,Dana Okafor,
L-11590,2025-11-15,Maple Robotics,Healthcare,1-50,EMEA,United Kingdom,Events,Regional Roadshow,event,New,,,,,,,,,
L-11266,2026-04-07,North Capital,Logistics,51-200,North America,United States,Events,Regional Roadshow,event,MQL,2026-04-20,,,,,,,,
L-11333,2025-11-14,Maple Systems,Media,51-200,North America,Canada,Events,Regional Roadshow,event,MQL,2025-12-04,,,,,,,,
L-10330,2025-04-14,Bright Health,SaaS,201-1000,North America,Canada,Paid Search,Generic - Analytics,cpc,New,,,,,,,,,
L-10655,2026-01-15,Nova Logistics,Retail,5000+,APAC,Singapore,Outbound,SDR Outbound - Enterprise,outbound,New,,,,,,,,,
L-10132,2026-01-13,Quartz Networks,Media,1-50,EMEA,United Kingdom,Paid Social,Meta Retargeting,paid_social,New,,,,,,,,,
L-10191,2026-05-25,North Health,Education,51-200,North America,United States,Content Syndication,Ebook: State of Marketing,syndication,New,,,,,,,,,
L-11366,2025-12-08,Quartz Systems,Healthcare,1-50,EMEA,Germany,Outbound,SDR Outbound - Mid-Market,outbound,MQL,2025-12-12,,,,,,,,
L-11097,2026-02-08,Nova Health,Media,1-50,North America,Canada,Paid Search,Generic - Analytics,cpc,SQL,2026-02-28,2026-03-15,,,,,,Sofia Martinez,
L-11001,2026-04-18,Clear Media,Healthcare,1001-5000,EMEA,Netherlands,Paid Search,Competitor Keywords,cpc,MQL,2026-04-22,,,,,,,,
L-11210,2025-05-08,Cedar Media,Education,1-50,North America,Canada,PPC,Brand Search Q,cpc,SQL,2025-05-24,2025-05-30,,,,,,Jake Chen,
L-11756,2026-02-09,Harbor Labs,Education,201-1000,APAC,Australia,Paid Search,Competitor Keywords,cpc,Converted,2026-02-13,2026-03-07,OPP-6756,2026-03-09,Closed Won,35000,2026-06-11,Marcus Lee,94
L-11431,2026-01-27,Orbit Networks,Media,1-50,North America,United States,Paid Search,Brand Search Q,cpc,New,,,,,,,,,
L-11577,2025-11-19,Atlas Robotics,SaaS,5000+,North America,Canada,Paid Search,Generic - Analytics,cpc,New,,,,,,,,,
L-11567,2025-12-10,Apex Retail,Financial Services,5000+,EMEA,Germany,Content Syndication,Ebook: State of Marketing,syndication,SQL,2025-12-21,2026-01-18,,,,,,Aisha Patel,
L-10037,2025-10-12,Summit Media,Logistics,1001-5000,North America,Canada,Webinar,Webinar: 2026 Benchmarks,email,MQL,2025-10-28,,,,,,,,
L-11786,2026-04-05,Orbit Robotics,Financial Services,201-1000,APAC,Australia,Organic Search,SEO - Blog,organic,MQL,2026-04-20,,,,,,,,
L-10201,2025-07-23,Quartz Works,Retail,5000+,North America,Canada,Outbound,SDR Outbound - Mid-Market,outbound,SQL,2025-08-04,2025-08-24,,,,,,Tom Reilly,
L-10148,2025-08-20,North Labs,,201-1000,North America,United States,Paid Search,Generic - Analytics,cpc,MQL,2025-09-04,,,,,,,,
L-12084,2026-04-28,Silver Group,SaaS,1-50,EMEA,France,Paid Search,Generic - Analytics,cpc,MQL,2026-05-03,,,,,,,,
L-10536,2025-05-07,Echo Systems,Healthcare,51-200,North America,Canada,Webinar,Webinar: 2026 Benchmarks,email,MQL,2025-05-28,,,,,,,,
L-11752,2025-07-03,Pine Capital,Healthcare,1-50,North America,United States,Paid Search,Competitor Keywords,cpc,MQL,2025-07-06,,,,,,,,
L-11881,2025-09-23,Vertex Logistics,Retail,51-200,EMEA,United Kingdom,Organic Search,SEO - Comparison Pages,organic,MQL,2025-10-05,,,,,,,,
L-11430,2026-01-29,Atlas Robotics,Media,201-1000,North America,United States,Webinar,Webinar: Pipeline Masterclass,email,New,,,,,,,,,
L-10786,2025-02-07,Orbit Labs,Financial Services,1-50,EMEA,United Kingdom,Outbound,SDR Outbound - Mid-Market,outbound,New,,,,,,,,,
L-10219,2025-12-18,Crest Analytics,Healthcare,5000+,North America,United States,Paid Search,Competitor Keywords,cpc,New,,,,,,,,,
L-11986,2025-11-25,Echo Logistics,SaaS,201-1000,EMEA,Netherlands,Paid Search,Brand Search Q,cpc,New,,,,,,,,,
L-11471,2025-10-11,Blue Health,Education,51-200,EMEA,France,Organic Search,SEO - Comparison Pages,organic,Disqualified,,,,,,,,,
L-12055,2026-03-23,Cedar Analytics,Retail,201-1000,EMEA,Germany,Paid Social,Meta Retargeting,paid_social,New,,,,,,,,,
L-10356,2025-11-24,Harbor Foods,Manufacturing,201-1000,EMEA,Germany,Content Syndication,Ebook: State of Marketing,syndication,New,,,,,,,,,
L-11625,2025-08-15,Silver Systems,Logistics,51-200,North America,United States,Paid Search,Competitor Keywords,cpc,New,,,,,,,,,
L-10967,2026-06-20,Echo Analytics,Education,51-200,North America,Canada,Webinar,Webinar: RevOps 101,email,MQL,2026-07-11,,,,,,,,
L-12079,2025-08-21,North Learning,Media,201-1000,North America,Canada,Organic Search,SEO - Blog,organic,Converted,2025-08-30,2025-09-12,OPP-7079,2025-09-15,Closed Lost,19700,2026-01-22,Tom Reilly,129
L-10290,2026-03-20,Lumen Partners,Media,1-50,North America,Canada,Events,Regional Roadshow,event,SQL,2026-04-06,2026-04-19,,,,,,Priya Shah,
L-10463,2026-05-19,Iron Analytics,Retail,201-1000,North America,Canada,Content Syndication,Ebook: State of Marketing,syndication,New,,,,,,,,,
L-11551,2025-07-18,Nova Media,Retail,201-1000,EMEA,France,Paid Search,Competitor Keywords,cpc,New,,,,,,,,,
L-10517,2026-01-11,Apex Works,Education,201-1000,North America,Canada,Paid Search,Generic - Analytics,cpc,MQL,2026-01-19,,,,,,,,
L-12247,2025-08-19,Summit Partners,SaaS,1001-5000,EMEA,Germany,Webinar,Webinar: 2026 Benchmarks,email,MQL,2025-09-09,,,,,,,,
L-10341,2026-04-04,Bright Retail,Logistics,51-200,North America,Canada,Webinar,Webinar: Pipeline Masterclass,email,New,,,,,,,,,
L-12136,2025-05-30,Cedar Systems,Logistics,1-50,North America,Canada,Webinar,Webinar: Pipeline Masterclass,email,New,,,,,,,,,
L-10223,2025-02-09,Iron Retail,Logistics,1001-5000,North America,United States,Webinar,Webinar: 2026 Benchmarks,email,MQL,2025-02-13,,,,,,,,
L-11485,2026-04-23,North Capital,Media,201-1000,North America,United States,paid search,Competitor Keywords,cpc,MQL,2026-05-13,,,,,,,,
L-11798,2026-04-25,Pine Capital,Retail,201-1000,LATAM,Brazil,Paid Search,Competitor Keywords,cpc,New,,,,,,,,,
L-11452,2026-04-22,Summit Systems,Logistics,5000+,EMEA,France,Content Syndication,Whitepaper Syndication,syndication,New,,,,,,,,,
L-10773,2026-03-04,Atlas Networks,Manufacturing,1-50,APAC,Japan,organic,SEO - Comparison Pages,organic,New,,,,,,,,,
L-12446,2026-06-18,Lumen Group,Education,1001-5000,North America,United States,Webinar,Webinar: RevOps 101,email,New,,,,,,,,,
L-11861,2025-07-28,Atlas Partners,Financial Services,201-1000,LATAM,Mexico,Content Syndication,Ebook: State of Marketing,syndication,New,,,,,,,,,
L-12010,2026-01-28,Lumen Logistics,Education,51-200,APAC,Australia,Organic Search,SEO - Blog,organic,MQL,2026-02-18,,,,,,,,
L-10475,2025-12-07,Lumen Partners,Healthcare,1001-5000,North America,United States,Organic Search,SEO - Blog,organic,Converted,2025-12-22,2026-01-10,OPP-5475,2026-01-20,Closed Lost,50200,2026-04-09,Jake Chen,79
L-10353,2026-05-28,Echo Labs,Financial Services,201-1000,North America,Canada,Organic Search,SEO - Comparison Pages,organic,MQL,2026-06-18,,,,,,,,
L-11811,2026-05-03,Crest Retail,Logistics,1-50,North America,United States,Organic Search,SEO - Comparison Pages,organic,MQL,2026-05-15,,,,,,,,
L-10561,2025-07-23,Summit Foods,Media,1-50,North America,Canada,Paid Search,Competitor Keywords,cpc,New,,,,,,,,,
L-11353,2026-06-11,Clear Logistics,Logistics,1-50,North America,United States,Webinar,Webinar: RevOps 101,email,New,,,,,,,,,
L-10319,2025-08-01,Cedar Works,SaaS,1-50,North America,Canada,Content Syndication,Whitepaper Syndication,syndication,New,,,,,,,,,
L-12241,2026-03-03,Pine Works,SaaS,51-200,EMEA,Netherlands,Outbound,SDR Outbound - Mid-Market,outbound,New,,,,,,,,,
L-11209,2026-02-11,Iron Labs,Financial Services,5000+,EMEA,France,Webinar,Webinar: 2026 Benchmarks,email,Converted,2026-02-21,2026-03-23,OPP-6209,2026-04-12,Closed Won,108900,2026-06-11,Dana Okafor,60
L-12204,2025-02-06,Maple Learning,Education,51-200,North America,Canada,Webinar,Webinar: 2026 Benchmarks,email,New,,,,,,,,,
L-10581,2025-11-11,North Networks,Healthcare,1-50,North America,Canada,Paid Social,Meta Retargeting,paid_social,MQL,2025-12-02,,,,,,,,
L-11018,2025-07-05,Silver Group,Logistics,1-50,North America,Canada,Webinar,Webinar: Pipeline Masterclass,email,MQL,2025-07-16,,,,,,,,
L-10824,2025-10-13,Crest Media,Education,51-200,North America,Canada,Paid Social,LinkedIn Thought Leadership,paid_social,New,,,,,,,,,
L-10044,2026-06-07,North Media,SaaS,1-50,LATAM,Brazil,Paid Social,LinkedIn Lead Gen,paid_social,New,,,,,,,,,
L-10984,2025-03-18,Blue Works,Media,201-1000,North America,United States,Webinar,Webinar: RevOps 101,email,New,,,,,,,,,
L-11347,2025-01-08,Iron Robotics,Education,51-200,EMEA,France,Paid Social,LinkedIn Lead Gen,paid_social,Disqualified,,,,,,,,,
L-10669,2025-04-11,Apex Networks,Retail,51-200,North America,Canada,Content Syndication,Ebook: State of Marketing,syndication,New,,,,,,,,,
L-12365,2026-05-07,North Labs,Manufacturing,201-1000,EMEA,United Kingdom,Organic Search,SEO - Blog,organic,New,,,,,,,,,
L-11915,2025-07-12,Lumen Learning,Media,5000+,APAC,Singapore,Outbound,SDR Outbound - Enterprise,outbound,MQL,2025-07-18,,,,,,,,
L-10083,2026-02-28,Summit Robotics,Media,51-200,EMEA,United Kingdom,Outbound,SDR Outbound - Mid-Market,outbound,New,,,,,,,,,
L-10530,2025-10-12,Silver Networks,SaaS,51-200,North America,United States,Organic Search,SEO - Comparison Pages,organic,SQL,2025-10-24,2025-11-14,,,,,,Sofia Martinez,
L-11412,2026-06-05,Nova Learning,Media,201-1000,North America,Canada,Organic Search,SEO - Comparison Pages,organic,New,,,,,,,,,
L-11828,2025-04-06,Blue Learning,Logistics,5000+,LATAM,Mexico,Paid Social,Meta Retargeting,paid_social,SQL,2025-04-25,2025-05-12,,,,,,Priya Shah,
L-11184,2026-06-22,Quartz Capital,Media,51-200,North America,Canada,Paid Search,Generic - Analytics,cpc,New,,,,,,,,,
L-12037,2025-05-19,Cedar Foods,SaaS,51-200,North America,Canada,Organic Search,SEO - Blog,organic,Converted,2025-05-27,2025-06-15,OPP-7037,2025-06-29,Closed Lost,11800,2025-08-22,Marcus Lee,54
L-12490,2025-05-31,Harbor Foods,Logistics,201-1000,North America,United States,webinar,Webinar: 2026 Benchmarks,email,New,,,,,,,,,
L-12427,2026-05-24,Orbit Systems,,51-200,LATAM,Mexico,Organic Search,SEO - Comparison Pages,organic,New,,,,,,,,,
L-11343,2026-04-02,Blue Robotics,SaaS,51-200,North America,United States,Organic Search,SEO - Blog,organic,New,,,,,,,,,
L-10504,2025-11-09,Cedar Retail,Logistics,201-1000,EMEA,Netherlands,Paid Social,Meta Retargeting,paid_social,New,,,,,,,,,
L-11801,2025-11-08,Iron Partners,Financial Services,5000+,North America,United States,Referral,Customer Referral,,MQL,2025-11-28,,,,,,,,
L-11382,2025-02-07,Nova Group,Healthcare,1-50,North America,United States,Organic Search,SEO - Comparison Pages,organic,MQL,2025-02-23,,,,,,,,
L-10468,2025-11-23,Bright Networks,Healthcare,1001-5000,North America,Canada,Content Syndication,Whitepaper Syndication,syndication,MQL,2025-12-02,,,,,,,,
L-10302,2025-12-04,Echo Labs,Financial Services,201-1000,EMEA,Netherlands,Organic Search,SEO - Comparison Pages,organic,MQL,2025-12-17,,,,,,,,
L-12485,2026-06-20,Quartz Networks,Media,51-200,APAC,Australia,Paid Search,Competitor Keywords,cpc,New,,,,,,,,,
L-12082,2025-01-28,Quartz Labs,Manufacturing,51-200,North America,United States,Webinar,Webinar: Pipeline Masterclass,email,New,,,,,,,,,
L-12212,2026-05-10,Iron Foods,Financial Services,201-1000,EMEA,Germany,Paid Social,LinkedIn Thought Leadership,paid_social,Disqualified,,,,,,,,,
L-12020,2025-07-26,Pine Capital,,51-200,EMEA,Germany,Paid Search,Brand Search Q,cpc,SQL,2025-07-29,2025-08-27,,,,,,Jake Chen,
L-11467,2025-05-30,Orbit Networks,Retail,51-200,North America,Canada,Content Syndication,Ebook: State of Marketing,,New,,,,,,,,,
L-10623,2026-02-06,Lumen Logistics,Education,201-1000,LATAM,Mexico,Events,Customer Dinner Series,,Converted,2026-02-20,2026-03-15,OPP-5623,2026-03-30,Closed Lost,61300,2026-06-01,Jake Chen,63
L-10310,2025-09-25,Iron Learning,Financial Services,1001-5000,EMEA,Germany,Webinar,Webinar: Pipeline Masterclass,email,MQL,2025-10-14,,,,,,,,
L-11775,2026-04-05,Cedar Systems,Logistics,201-1000,North America,United States,Referral,Partner Referral,referral,New,,,,,,,,,
L-12359,2025-09-04,Vertex Analytics,,201-1000,North America,United States,Outbound,SDR Outbound - Mid-Market,outbound,MQL,2025-09-09,,,,,,,,
L-10404,2026-01-31,North Logistics,Financial Services,201-1000,North America,Canada,Paid Search,Brand Search Q,cpc,Converted,2026-02-03,2026-02-20,OPP-5404,2026-03-10,Closed Lost,19800,2026-06-19,Priya Shah,101
L-11344,2025-06-06,Summit Capital,Healthcare,1-50,LATAM,Mexico,Webinar,Webinar: 2026 Benchmarks,email,SQL,2025-06-06,2025-06-23,,,,,,Priya Shah,
L-11358,2025-10-29,Echo Foods,Logistics,1-50,APAC,Australia,Content Syndication,Ebook: State of Marketing,syndication,New,,,,,,,,,
L-10995,2025-02-19,Atlas Robotics,Manufacturing,51-200,North America,United States,Paid Search,Competitor Keywords,cpc,SQL,2025-02-21,2025-03-19,,,,,,Aisha Patel,
L-11231,2025-01-07,Clear Retail,,51-200,EMEA,United Kingdom,organic,SEO - Comparison Pages,organic,Converted,2025-01-28,2025-02-25,OPP-6231,2025-03-10,Closed Lost,38800,2025-04-18,Sofia Martinez,39
L-11902,2026-03-03,Cedar Retail,SaaS,1-50,EMEA,France,Organic Search,SEO - Comparison Pages,organic,New,,,,,,,,,
L-12196,2025-09-11,Summit Labs,Media,1001-5000,North America,Canada,Webinar,Webinar: RevOps 101,email,MQL,2025-09-30,,,,,,,,
L-12211,2025-10-26,Maple Partners,Media,51-200,North America,Canada,Events,Regional Roadshow,event,Disqualified,,,,,,,,,
L-10224,2025-07-16,Harbor Analytics,Healthcare,1001-5000,North America,Canada,Referral,Partner Referral,referral,Converted,2025-08-05,2025-08-29,OPP-5224,2025-09-01,Closed Won,61900,2025-09-13,Tom Reilly,12
L-10464,2025-08-08,Summit Foods,Logistics,1-50,LATAM,Mexico,Paid Search,Competitor Keywords,cpc,MQL,2025-08-22,,,,,,,,
L-11710,2025-01-16,Summit Logistics,Media,201-1000,North America,United States,Webinar,Webinar: Pipeline Masterclass,email,Disqualified,,,,,,,,,
L-10555,2025-03-27,Pine Robotics,Financial Services,51-200,North America,Canada,Organic Search,SEO - Comparison Pages,organic,New,,,,,,,,,
L-11726,2025-04-15,Cedar Logistics,Media,1001-5000,EMEA,Netherlands,Outbound,SDR Outbound - Mid-Market,outbound,New,,,,,,,,,
L-10175,2026-01-24,Atlas Logistics,Retail,1-50,North America,United States,Referral,Partner Referral,referral,Converted,2026-02-02,2026-02-27,OPP-5175,2026-03-10,Closed Lost,8800,2026-04-01,Jake Chen,22
L-10014,2025-09-28,Cedar Labs,Retail,1-50,North America,United States,Organic Search,SEO - Blog,organic,SQL,2025-10-18,2025-10-22,,,,,,Priya Shah,
L-11630,2026-06-23,Echo Works,Manufacturing,201-1000,North America,Canada,Paid Social,LinkedIn Thought Leadership,paid_social,New,,,,,,,,,
L-10260,2025-07-12,Crest Partners,SaaS,1-50,EMEA,Germany,Paid Search,Generic - Analytics,cpc,SQL,2025-07-31,2025-08-20,,,,,,Marcus Lee,
L-12330,2025-08-31,Maple Retail,Education,51-200,North America,United States,Paid Social,LinkedIn Thought Leadership,paid_social,New,,,,,,,,,
L-10497,2025-01-30,Orbit Works,Retail,51-200,LATAM,Brazil,Organic Search,SEO - Comparison Pages,organic,Disqualified,,,,,,,,,
L-10306,2026-03-23,Orbit Logistics,Logistics,201-1000,APAC,Singapore,Outbound,SDR Outbound - Mid-Market,outbound,New,,,,,,,,,
L-11233,2026-04-03,North Logistics,Retail,5000+,North America,United States,Webinar,Webinar: RevOps 101,email,SQL,2026-04-15,2026-04-23,,,,,,Sofia Martinez,
L-12074,2025-01-18,Blue Systems,,1001-5000,North America,United States,Paid Search,Competitor Keywords,cpc,MQL,2025-02-05,,,,,,,,
L-10675,2025-02-25,Bright Learning,Financial Services,51-200,EMEA,France,PPC,Brand Search Q,cpc,New,,,,,,,,,
L-10035,2025-05-19,Apex Retail,Media,1-50,North America,United States,Paid Search,Generic - Analytics,cpc,New,,,,,,,,,
L-11951,2026-06-06,Nova Group,Retail,51-200,EMEA,Netherlands,Outbound,SDR Outbound - Enterprise,outbound,New,,,,,,,,,
L-10761,2025-01-02,Harbor Capital,Manufacturing,1-50,North America,United States,Paid Social,LinkedIn Thought Leadership,paid_social,New,,,,,,,,,
L-10558,2026-01-04,North Analytics,Healthcare,201-1000,North America,Canada,Referral,Customer Referral,referral,MQL,2026-01-14,,,,,,,,
L-12024,2026-02-04,Apex Learning,Media,201-1000,North America,Canada,Outbound,SDR Outbound - Mid-Market,outbound,New,,,,,,,,,
L-10244,2026-06-11,North Robotics,Retail,1-50,North America,Canada,Outbound,SDR Outbound - Mid-Market,outbound,New,,,,,,,,,
L-10386,2025-11-29,Clear Labs,,51-200,APAC,Singapore,Webinar,Webinar: RevOps 101,email,MQL,2025-11-30,,,,,,,,
L-11898,2025-05-08,Apex Group,Healthcare,201-1000,EMEA,United Kingdom,webinar,Webinar: 2026 Benchmarks,email,SQL,2025-05-12,2025-05-18,,,,,,Aisha Patel,
L-10408,2026-05-26,Cedar Retail,Media,1-50,North America,United States,Paid Search,Brand Search Q,cpc,MQL,2026-06-06,,,,,,,,
L-11465,2026-03-24,Silver Media,Healthcare,1-50,North America,United States,Organic Search,SEO - Blog,organic,Converted,2026-04-03,2026-04-16,OPP-6465,2026-04-22,Closed Lost,14400,2026-06-10,Aisha Patel,49
L-12188,2025-08-08,Maple Analytics,Healthcare,201-1000,APAC,Australia,Webinar,Webinar: RevOps 101,email,New,,,,,,,,,
L-11895,2026-06-26,Maple Networks,Financial Services,201-1000,North America,Canada,Content Syndication,Whitepaper Syndication,syndication,New,,,,,,,,,
L-11123,2026-01-24,Vertex Media,Healthcare,1-50,North America,United States,Events,SaaStr Booth,event,New,,,,,,,,,
L-10308,2025-08-07,Maple Group,Healthcare,5000+,North America,United States,Events,SaaStr Booth,event,Converted,2025-08-20,2025-09-10,OPP-5308,2025-09-23,Closed Lost,73400,2026-01-03,Tom Reilly,102
L-10696,2025-08-04,Nova Group,Media,51-200,North America,Canada,Content Syndication,Ebook: State of Marketing,syndication,New,,,,,,,,,
L-10116,2026-03-31,Crest Retail,Logistics,1001-5000,North America,Canada,Organic Search,SEO - Comparison Pages,organic,MQL,2026-04-13,,,,,,,,
L-12100,2025-07-11,Nova Partners,Manufacturing,1-50,EMEA,France,Paid Search,Brand Search Q,cpc,Disqualified,,,,,,,,,
L-10222,2026-06-15,Silver Group,Financial Services,51-200,North America,Canada,Events,Regional Roadshow,event,New,,,,,,,,,
L-12231,2026-03-18,Cedar Analytics,Manufacturing,1-50,North America,United States,Webinar,Webinar: RevOps 101,email,New,,,,,,,,,
L-10927,2025-08-31,Maple Systems,Retail,51-200,North America,United States,Organic Search,SEO - Comparison Pages,,New,,,,,,,,,
L-11103,2026-06-05,Bright Systems,Education,5000+,North America,Canada,Paid Search,Generic - Analytics,cpc,MQL,2026-06-12,,,,,,,,
L-11088,2025-12-13,Crest Health,Logistics,51-200,North America,United States,Outbound,SDR Outbound - Mid-Market,outbound,New,,,,,,,,,
L-10633,2026-06-25,Nova Logistics,Financial Services,201-1000,LATAM,Mexico,Paid Social,Meta Retargeting,paid_social,SQL,2026-07-15,2026-08-01,,,,,,Aisha Patel,
L-11071,2025-06-13,Echo Media,SaaS,51-200,North America,United States,Webinar,Webinar: Pipeline Masterclass,email,Disqualified,,,,,,,,,
L-10658,2026-03-09,Crest Media,SaaS,51-200,EMEA,Germany,Content Syndication,Ebook: State of Marketing,syndication,New,,,,,,,,,
L-11417,2026-01-14,Crest Analytics,Financial Services,1-50,North America,United States,Paid Social,Meta Retargeting,paid_social,New,,,,,,,,,
L-12399,2025-07-30,Harbor Robotics,Healthcare,201-1000,North America,United States,Paid Social,LinkedIn Thought Leadership,paid_social,MQL,2025-08-08,,,,,,,,
L-11924,2026-02-16,Nova Logistics,SaaS,51-200,EMEA,Germany,Paid Search,Competitor Keywords,cpc,New,,,,,,,,,
L-11429,2025-06-20,Summit Foods,Retail,51-200,North America,United States,Webinar,Webinar: Pipeline Masterclass,email,Converted,2025-06-26,2025-07-20,OPP-6429,2025-08-07,Closed Lost,28300,2025-08-29,Ben Carter,22
L-10700,2025-10-18,Vertex Analytics,Retail,201-1000,North America,United States,Webinar,Webinar: RevOps 101,email,New,,,,,,,,,
L-10311,2025-07-27,Nova Analytics,Media,51-200,EMEA,France,Referral,Customer Referral,referral,SQL,2025-07-31,2025-08-21,,,,,,Sofia Martinez,
L-10697,2026-03-30,Summit Labs,Healthcare,1001-5000,North America,Canada,Paid Search,Generic - Analytics,cpc,New,,,,,,,,,
L-10416,2025-10-08,Vertex Learning,Education,51-200,North America,Canada,Paid Social,LinkedIn Thought Leadership,paid_social,New,,,,,,,,,
L-12078,2025-07-09,Apex Media,Manufacturing,201-1000,North America,Canada,Paid Search,Competitor Keywords,cpc,New,,,,,,,,,
L-11523,2025-02-09,Iron Learning,Financial Services,1-50,APAC,Australia,Paid Search,Competitor Keywords,cpc,MQL,2025-02-23,,,,,,,,
L-10304,2026-05-30,Iron Systems,Logistics,51-200,North America,Canada,Organic Search,SEO - Blog,organic,Converted,2026-06-07,2026-06-16,OPP-5304,2026-06-24,Negotiation,10200,2026-08-10,Aisha Patel,
L-10661,2025-11-08,Iron Systems,Financial Services,1001-5000,North America,Canada,Paid Search,Competitor Keywords,cpc,New,,,,,,,,,
L-11341,2025-12-11,Pine Analytics,Financial Services,201-1000,North America,United States,Organic Search,SEO - Comparison Pages,organic,New,,,,,,,,,
L-12026,2026-04-08,Maple Analytics,Manufacturing,1001-5000,North America,United States,Paid Search,Competitor Keywords,cpc,New,,,,,,,,,
L-11833,2025-11-22,Clear Works,Media,201-1000,North America,Canada,Paid Search,Brand Search Q,cpc,New,,,,,,,,,
L-10271,2026-04-23,Echo Works,Media,1001-5000,North America,United States,Organic Search,SEO - Comparison Pages,organic,MQL,2026-05-11,,,,,,,,
L-11957,2025-09-07,Atlas Partners,Financial Services,201-1000,EMEA,France,Paid Search,Generic - Analytics,cpc,MQL,2025-09-11,,,,,,,,
L-10746,2026-02-28,Pine Logistics,Media,201-1000,North America,United States,Webinar,Webinar: Pipeline Masterclass,email,Converted,2026-03-19,2026-04-08,OPP-5746,2026-04-23,Closed Lost,36200,2026-06-13,Tom Reilly,51
L-10129,2025-09-21,Harbor Works,Media,51-200,North America,Canada,Content Syndication,Ebook: State of Marketing,syndication,MQL,2025-10-11,,,,,,,,
L-12444,2026-03-03,Echo Networks,Education,201-1000,North America,Canada,Paid Search,Generic - Analytics,cpc,New,,,,,,,,,
L-12480,2025-10-24,Apex Group,Manufacturing,1-50,North America,Canada,Content Syndication,Whitepaper Syndication,syndication,New,,,,,,,,,
L-12164,2025-09-22,Maple Media,Healthcare,51-200,APAC,Japan,Paid Search,Competitor Keywords,cpc,New,,,,,,,,,
L-11568,2025-06-22,Bright Foods,Logistics,51-200,EMEA,Netherlands,Referral,Customer Referral,referral,New,,,,,,,,,
L-11020,2026-06-16,Pine Networks,,5000+,North America,United States,Organic Search,SEO - Comparison Pages,organic,New,,,,,,,,,
L-11838,2026-05-19,Orbit Analytics,Education,51-200,North America,United States,Events,Regional Roadshow,event,Converted,2026-05-31,2026-06-23,OPP-6838,2026-07-06,Demo,42600,2026-09-03,Marcus Lee,
L-10776,2025-05-16,Cedar Labs,Retail,1-50,EMEA,France,Paid Search,Brand Search Q,cpc,Disqualified,,,,,,,,,
L-11859,2025-03-19,Quartz Logistics,,1-50,North America,United States,Paid Search,Brand Search Q,cpc,New,,,,,,,,,
L-10811,2026-04-01,Pine Health,Retail,1001-5000,LATAM,Mexico,Organic Search,SEO - Comparison Pages,organic,SQL,2026-04-19,2026-05-16,,,,,,Tom Reilly,
L-10256,2026-04-18,Harbor Robotics,SaaS,201-1000,APAC,Japan,Paid Search,Generic - Analytics,cpc,MQL,2026-05-06,,,,,,,,
L-10095,2025-08-13,Nova Foods,Healthcare,1-50,EMEA,France,Webinar,Webinar: RevOps 101,email,MQL,2025-08-21,,,,,,,,
L-11348,2025-05-30,Bright Learning,Financial Services,201-1000,APAC,Australia,Events,SaaStr Booth,event,SQL,2025-06-18,2025-07-16,,,,,,Priya Shah,
L-10846,2025-11-21,Vertex Health,Media,51-200,EMEA,United Kingdom,Webinar,Webinar: 2026 Benchmarks,email,New,,,,,,,,,
L-11972,2025-06-19,Quartz Learning,Manufacturing,1-50,North America,United States,Paid Social,LinkedIn Lead Gen,paid_social,MQL,2025-06-30,,,,,,,,
L-10554,2025-04-02,Vertex Media,Retail,51-200,EMEA,Netherlands,Events,SaaStr Booth,event,Converted,2025-04-07,2025-04-17,OPP-5554,2025-05-06,Closed Lost,8600,2025-07-09,Ben Carter,64
L-11771,2025-01-16,Lumen Systems,Logistics,51-200,North America,Canada,Paid Social,LinkedIn Thought Leadership,paid_social,MQL,2025-01-23,,,,,,,,
L-11306,2025-08-22,Atlas Retail,Manufacturing,51-200,APAC,Singapore,Webinar,Webinar: Pipeline Masterclass,email,MQL,2025-09-05,,,,,,,,
L-10632,2025-06-03,Blue Partners,,51-200,North America,Canada,Paid Social,LinkedIn Lead Gen,paid_social,New,,,,,,,,,
L-11369,2026-01-18,Maple Systems,Financial Services,1001-5000,APAC,Singapore,Organic Search,SEO - Blog,organic,SQL,2026-01-27,2026-02-15,,,,,,Aisha Patel,
L-10017,2025-03-25,Iron Analytics,Logistics,51-200,North America,United States,Paid Search,Brand Search Q,cpc,SQL,2025-04-11,2025-05-03,,,,,,Priya Shah,
L-11563,2025-12-31,Vertex Works,Healthcare,1-50,North America,United States,Paid Social,LinkedIn Lead Gen,paid_social,New,,,,,,,,,
L-10818,2025-09-16,Apex Networks,Education,51-200,North America,Canada,Paid Social,LinkedIn Thought Leadership,paid_social,MQL,2025-09-25,,,,,,,,
L-11866,2025-01-05,Clear Capital,Financial Services,201-1000,LATAM,Brazil,Events,Regional Roadshow,event,New,,,,,,,,,
L-12402,2026-01-08,Crest Systems,Media,51-200,APAC,Japan,Paid Search,Brand Search Q,cpc,New,,,,,,,,,
L-11239,2026-02-01,Iron Retail,Retail,51-200,North America,Canada,Paid Social,LinkedIn Lead Gen,paid_social,MQL,2026-02-08,,,,,,,,
L-11200,2026-04-22,Summit Networks,Media,1-50,EMEA,Netherlands,Paid Search,Brand Search Q,cpc,New,,,,,,,,,
L-11362,2026-04-02,Crest Retail,Education,51-200,North America,United States,Content Syndication,Whitepaper Syndication,syndication,New,,,,,,,,,
L-10174,2026-02-19,Blue Logistics,Retail,201-1000,North America,United States,Paid Search,Brand Search Q,cpc,New,,,,,,,,,
L-10795,2025-12-08,Silver Networks,Healthcare,201-1000,North America,Canada,Paid Search,Generic - Analytics,cpc,New,,,,,,,,,
L-10914,2025-10-21,Blue Retail,Media,51-200,North America,Canada,Referral,Partner Referral,referral,MQL,2025-11-08,,,,,,,,
L-12163,2026-02-13,Lumen Systems,Logistics,1001-5000,EMEA,Germany,Referral,Customer Referral,referral,Converted,2026-02-16,2026-02-19,OPP-7163,2026-02-27,Closed Lost,82000,2026-04-30,Dana Okafor,62
L-12419,2026-02-27,Quartz Works,Financial Services,201-1000,EMEA,Netherlands,Content Syndication,Ebook: State of Marketing,syndication,New,,,,,,,,,
L-10276,2025-09-30,Maple Foods,Education,51-200,North America,United States,Outbound,SDR Outbound - Enterprise,outbound,MQL,2025-10-16,,,,,,,,
L-11759,2026-05-05,Lumen Group,Healthcare,201-1000,LATAM,Mexico,Content Syndication,Ebook: State of Marketing,syndication,MQL,2026-05-19,,,,,,,,
L-10656,2026-03-07,Cedar Foods,Retail,51-200,EMEA,Netherlands,Content Syndication,Whitepaper Syndication,syndication,MQL,2026-03-21,,,,,,,,
L-11221,2025-03-13,Pine Learning,SaaS,201-1000,North America,United States,Paid Search,Brand Search Q,cpc,Converted,2025-03-23,2025-04-20,OPP-6221,2025-05-02,Closed Lost,53000,2025-07-24,Tom Reilly,83
L-10769,2025-10-16,Harbor Foods,Financial Services,1-50,APAC,Singapore,Paid Search,Competitor Keywords,cpc,MQL,2025-11-02,,,,,,,,
L-10602,2026-05-01,Pine Robotics,Financial Services,51-200,North America,Canada,Content Syndication,Whitepaper Syndication,syndication,New,,,,,,,,,
L-12447,2025-01-14,Lumen Robotics,Manufacturing,201-1000,APAC,Singapore,Webinar,Webinar: Pipeline Masterclass,,New,,,,,,,,,
L-10253,2025-01-20,Quartz Group,Education,201-1000,North America,Canada,paid_social,Meta Retargeting,paid_social,MQL,2025-01-30,,,,,,,,
L-11716,2025-03-19,Orbit Partners,Manufacturing,51-200,EMEA,Netherlands,Outbound,SDR Outbound - Enterprise,outbound,MQL,2025-04-07,,,,,,,,
L-11075,2026-03-12,Crest Networks,Healthcare,1-50,EMEA,United Kingdom,Paid Search,Generic - Analytics,cpc,New,,,,,,,,,
L-10285,2025-05-13,Quartz Robotics,Education,1-50,North America,Canada,Content Syndication,Ebook: State of Marketing,syndication,New,,,,,,,,,
L-11805,2026-06-27,Pine Analytics,Retail,201-1000,APAC,Singapore,Organic Search,SEO - Comparison Pages,organic,New,,,,,,,,,
L-11691,2025-06-23,Lumen Networks,Financial Services,5000+,North America,United States,Paid Social,Meta Retargeting,paid_social,New,,,,,,,,,
L-12465,2025-11-01,Atlas Analytics,Manufacturing,201-1000,EMEA,France,Paid Search,Brand Search Q,cpc,New,,,,,,,,,
L-12376,2025-06-10,Bright Learning,Media,51-200,APAC,Singapore,Webinar,Webinar: RevOps 101,email,New,,,,,,,,,
L-10092,2026-03-12,Nova Partners,Education,1-50,North America,Canada,Content Syndication,Whitepaper Syndication,syndication,Disqualified,,,,,,,,,
L-10400,2025-06-04,Vertex Labs,Manufacturing,201-1000,North America,United States,Webinar,Webinar: 2026 Benchmarks,email,Converted,2025-06-08,2025-07-02,OPP-5400,2025-07-15,Closed Lost,36600,2025-07-25,Tom Reilly,10
L-11780,2025-07-27,Crest Media,Retail,1-50,EMEA,Netherlands,Webinar,Webinar: RevOps 101,email,MQL,2025-08-17,,,,,,,,
L-10176,2025-05-04,Harbor Capital,Media,201-1000,North America,Canada,Content Syndication,Whitepaper Syndication,syndication,New,,,,,,,,,
L-11655,2025-09-18,Harbor Analytics,Financial Services,51-200,North America,United States,Paid Search,Competitor Keywords,cpc,MQL,2025-09-23,,,,,,,,
L-10832,2025-09-22,Iron Capital,SaaS,5000+,APAC,Japan,Paid Search,Competitor Keywords,cpc,New,,,,,,,,,
L-11165,2025-10-11,Silver Capital,Retail,1-50,EMEA,Germany,Organic Search,SEO - Comparison Pages,organic,MQL,2025-10-31,,,,,,,,
L-10590,2025-06-27,Echo Capital,Education,1001-5000,North America,Canada,Webinar,Webinar: RevOps 101,email,Converted,2025-07-02,2025-07-10,OPP-5590,2025-07-18,Closed Lost,64300,2025-09-06,Ben Carter,50
L-11903,2026-02-13,Maple Analytics,Logistics,51-200,North America,Canada,Paid Social,LinkedIn Lead Gen,paid_social,New,,,,,,,,,
L-10391,2025-12-31,Apex Labs,Retail,1-50,North America,Canada,Webinar,Webinar: Pipeline Masterclass,email,SQL,2026-01-20,2026-02-08,,,,,,Aisha Patel,
L-10648,2025-07-04,Quartz Logistics,Healthcare,51-200,EMEA,Netherlands,Paid Search,Generic - Analytics,cpc,New,,,,,,,,,
L-12497,2025-02-10,Bright Logistics,Logistics,1-50,North America,United States,Referral,Customer Referral,referral,Converted,2025-02-17,2025-03-04,OPP-7497,2025-03-22,Closed Lost,12600,2025-06-01,Priya Shah,71
L-11591,2026-04-08,Pine Works,Healthcare,201-1000,LATAM,Brazil,Organic Search,SEO - Blog,organic,Converted,2026-04-25,2026-05-04,OPP-6591,2026-05-05,Proposal,75800,2026-07-07,Aisha Patel,
L-10908,2025-01-21,Harbor Media,Healthcare,201-1000,North America,United States,Paid Social,LinkedIn Thought Leadership,paid_social,SQL,2025-02-07,2025-02-14,,,,,,Aisha Patel,
L-10931,2025-10-15,Orbit Media,Healthcare,51-200,North America,United States,Webinar,Webinar: 2026 Benchmarks,email,MQL,2025-10-19,,,,,,,,
L-12185,2025-06-03,Lumen Partners,Manufacturing,1-50,APAC,Singapore,Paid Social,Meta Retargeting,paid_social,New,,,,,,,,,
L-10595,2025-12-22,Atlas Foods,Healthcare,1-50,LATAM,Brazil,Paid Search,Generic - Analytics,cpc,New,,,,,,,,,
L-11671,2025-05-02,Silver Learning,Media,1001-5000,LATAM,Mexico,Organic Search,SEO - Comparison Pages,organic,MQL,2025-05-18,,,,,,,,
L-10294,2025-01-22,North Partners,Manufacturing,1-50,EMEA,United Kingdom,Organic Search,SEO - Blog,organic,New,,,,,,,,,
L-10625,2026-03-21,Atlas Capital,Healthcare,1-50,North America,Canada,Webinar,Webinar: 2026 Benchmarks,email,New,,,,,,,,,
L-10161,2025-05-15,Pine Learning,Financial Services,1-50,North America,United States,Paid Search,Generic - Analytics,cpc,MQL,2025-05-24,,,,,,,,
L-11218,2025-05-01,Lumen Logistics,Financial Services,51-200,North America,Canada,Paid Social,LinkedIn Lead Gen,paid_social,New,,,,,,,,,
L-10291,2026-03-07,Nova Logistics,Education,1-50,North America,Canada,Organic Search,SEO - Blog,organic,MQL,2026-03-23,,,,,,,,
L-12143,2026-02-24,Nova Media,SaaS,1-50,EMEA,Netherlands,Outbound,SDR Outbound - Enterprise,outbound,MQL,2026-03-03,,,,,,,,
L-11991,2025-09-01,Pine Group,Logistics,1-50,North America,United States,Organic Search,SEO - Blog,organic,MQL,2025-09-05,,,,,,,,
L-11511,2025-06-23,Nova Systems,Healthcare,201-1000,APAC,Japan,Paid Search,Competitor Keywords,cpc,New,,,,,,,,,
L-11869,2025-11-01,North Capital,Logistics,201-1000,North America,Canada,Paid Social,LinkedIn Thought Leadership,paid_social,MQL,2025-11-16,,,,,,,,
L-10714,2026-06-08,Apex Media,Logistics,51-200,EMEA,Netherlands,Webinar,Webinar: 2026 Benchmarks,email,New,,,,,,,,,
L-12420,2026-02-05,Nova Logistics,Logistics,1001-5000,APAC,Japan,Outbound,SDR Outbound - Mid-Market,outbound,Disqualified,,,,,,,,,
L-10452,2025-01-02,Silver Foods,SaaS,5000+,North America,United States,Webinar,Webinar: 2026 Benchmarks,email,New,,,,,,,,,
L-11142,2026-04-10,Bright Partners,Education,1-50,North America,Canada,Content Syndication,Ebook: State of Marketing,syndication,New,,,,,,,,,
L-10886,2026-02-20,Apex Robotics,Retail,5000+,North America,Canada,Paid Social,LinkedIn Thought Leadership,paid_social,New,,,,,,,,,
L-10816,2025-04-03,Crest Labs,Manufacturing,51-200,North America,United States,Paid Search,Generic - Analytics,cpc,New,,,,,,,,,
L-10698,2025-10-05,Clear Labs,Education,1001-5000,North America,United States,Content Syndication,Whitepaper Syndication,syndication,New,,,,,,,,,
L-10538,2025-09-30,Silver Robotics,Financial Services,1-50,EMEA,Netherlands,Paid Search,Competitor Keywords,cpc,MQL,2025-10-12,,,,,,,,
L-11806,2025-06-19,Blue Systems,Financial Services,201-1000,APAC,Australia,Outbound,SDR Outbound - Mid-Market,outbound,New,,,,,,,,,
L-11269,2026-01-10,Nova Networks,Retail,51-200,APAC,Singapore,Organic Search,SEO - Blog,organic,Disqualified,,,,,,,,,
L-10848,2025-02-20,North Learning,,201-1000,EMEA,Germany,Content Syndication,Whitepaper Syndication,syndication,MQL,2025-03-13,,,,,,,,
L-10072,2026-06-28,Bright Retail,Financial Services,51-200,North America,Canada,Content Syndication,Ebook: State of Marketing,syndication,MQL,2026-06-29,,,,,,,,
L-11352,2025-11-04,Orbit Logistics,Healthcare,201-1000,North America,Canada,Events,SaaStr Booth,event,MQL,2025-11-09,,,,,,,,
L-10681,2026-03-28,Maple Group,Financial Services,1-50,APAC,Singapore,Content Syndication,Ebook: State of Marketing,syndication,SQL,2026-04-12,2026-04-20,,,,,,Priya Shah,
L-11345,2026-01-05,Silver Analytics,Manufacturing,201-1000,EMEA,Netherlands,Organic Search,SEO - Comparison Pages,organic,New,,,,,,,,,
L-12470,2026-04-22,Echo Learning,Manufacturing,51-200,EMEA,Netherlands,Events,Regional Roadshow,event,SQL,2026-05-01,2026-05-10,,,,,,Ben Carter,
L-11545,2025-10-04,Clear Partners,Education,1001-5000,North America,Canada,Paid Social,LinkedIn Thought Leadership,paid_social,New,,,,,,,,,
L-11719,2025-03-26,Quartz Group,Healthcare,1-50,North America,United States,Organic Search,SEO - Blog,organic,New,,,,,,,,,
L-11718,2026-04-06,Cedar Retail,Retail,51-200,LATAM,Mexico,Webinar,Webinar: 2026 Benchmarks,email,New,,,,,,,,,
L-11733,2025-03-02,Lumen Works,Healthcare,51-200,APAC,Singapore,Organic Search,SEO - Blog,organic,MQL,2025-03-03,,,,,,,,
L-10540,2026-06-16,Cedar Labs,SaaS,51-200,LATAM,Brazil,Webinar,Webinar: Pipeline Masterclass,email,New,,,,,,,,,
L-11549,2026-01-25,Cedar Works,Manufacturing,1-50,North America,Canada,Organic Search,SEO - Comparison Pages,organic,MQL,2026-02-03,,,,,,,,
L-12232,2026-03-11,Lumen Media,Financial Services,201-1000,North America,United States,Organic Search,SEO - Blog,organic,New,,,,,,,,,
L-10871,2025-01-16,Summit Retail,Financial Services,201-1000,North America,Canada,Content Syndication,Ebook: State of Marketing,syndication,New,,,,,,,,,
L-10560,2025-07-30,Iron Capital,Logistics,201-1000,EMEA,Germany,Content Syndication,Ebook: State of Marketing,syndication,New,,,,,,,,,
L-10484,2026-02-03,Lumen Logistics,Financial Services,201-1000,North America,United States,Paid Search,Generic - Analytics,cpc,MQL,2026-02-18,,,,,,,,
L-11131,2025-02-03,Blue Works,SaaS,51-200,North America,United States,Organic Search,SEO - Comparison Pages,organic,New,,,,,,,,,
L-12312,2026-02-04,Harbor Logistics,SaaS,201-1000,North America,United States,Events,SaaStr Booth,event,MQL,2026-02-09,,,,,,,,
L-10526,2025-02-19,Blue Media,Healthcare,51-200,North America,United States,Paid Search,Generic - Analytics,cpc,Converted,2025-02-25,2025-03-10,OPP-5526,2025-03-19,Closed Won,35100,2025-05-08,Priya Shah,50
L-12132,2026-05-20,Clear Networks,SaaS,1-50,APAC,Singapore,Organic Search,SEO - Blog,organic,Disqualified,,,,,,,,,
L-11024,2025-08-14,Maple Labs,Education,1-50,APAC,Japan,Webinar,Webinar: Pipeline Masterclass,email,New,,,,,,,,,
L-10155,2026-05-30,Orbit Partners,Media,51-200,EMEA,France,Content Syndication,Ebook: State of Marketing,syndication,New,,,,,,,,,
L-12234,2025-06-25,Orbit Retail,Financial Services,201-1000,EMEA,Germany,Webinar,Webinar: 2026 Benchmarks,email,New,,,,,,,,,
L-12326,2025-01-18,Apex Capital,Education,1-50,North America,Canada,Events,SaaStr Booth,event,MQL,2025-01-18,,,,,,,,
L-10834,2026-03-15,Quartz Learning,Education,201-1000,North America,Canada,Paid Search,Generic - Analytics,cpc,New,,,,,,,,,
L-12303,2025-05-14,Silver Works,Logistics,201-1000,North America,Canada,Paid Social,LinkedIn Lead Gen,paid_social,New,,,,,,,,,
L-10519,2025-04-10,Harbor Labs,Manufacturing,51-200,North America,Canada,Paid Search,Generic - Analytics,cpc,Disqualified,,,,,,,,,
L-10028,2025-09-14,Iron Media,Healthcare,201-1000,North America,Canada,Webinar,Webinar: Pipeline Masterclass,email,New,,,,,,,,,
L-12253,2025-04-16,Bright Learning,Retail,201-1000,EMEA,Netherlands,Paid Search,Generic - Analytics,cpc,MQL,2025-04-25,,,,,,,,
L-12300,2025-10-13,Bright Media,Manufacturing,51-200,EMEA,Germany,Events,Regional Roadshow,event,MQL,2025-10-27,,,,,,,,
L-10562,2025-06-23,Clear Systems,Media,201-1000,EMEA,France,Content Syndication,Ebook: State of Marketing,syndication,New,,,,,,,,,
L-11969,2026-01-04,Apex Media,Retail,1001-5000,LATAM,Mexico,Paid Social,Meta Retargeting,paid_social,New,,,,,,,,,
L-11445,2026-03-04,Pine Group,Media,1-50,APAC,Singapore,Outbound,SDR Outbound - Enterprise,outbound,MQL,2026-03-05,,,,,,,,
L-11393,2025-12-15,Echo Retail,SaaS,201-1000,North America,United States,Paid Social,LinkedIn Thought Leadership,paid_social,New,,,,,,,,,
L-10013,2025-10-17,Lumen Logistics,Retail,51-200,APAC,Japan,Organic Search,SEO - Comparison Pages,organic,MQL,2025-11-07,,,,,,,,
L-10865,2026-05-10,Blue Labs,Education,1001-5000,LATAM,Mexico,Webinar,Webinar: 2026 Benchmarks,email,SQL,2026-05-11,2026-05-30,,,,,,Jake Chen,
L-12096,2025-11-05,Crest Works,SaaS,51-200,North America,Canada,Events,Customer Dinner Series,event,MQL,2025-11-24,,,,,,,,
L-10101,2025-04-06,Harbor Systems,Media,1-50,EMEA,United Kingdom,Organic Search,SEO - Comparison Pages,organic,MQL,2025-04-08,,,,,,,,
L-10289,2025-10-23,Blue Retail,Manufacturing,1-50,EMEA,Germany,Webinar,Webinar: Pipeline Masterclass,email,New,,,,,,,,,
L-12424,2025-06-19,North Retail,Media,51-200,APAC,Japan,Events,SaaStr Booth,event,Disqualified,,,,,,,,,
L-11734,2025-04-24,Orbit Partners,Retail,51-200,North America,United States,Referral,Customer Referral,referral,MQL,2025-04-27,,,,,,,,
L-11319,2025-04-15,Harbor Group,Financial Services,1-50,North America,United States,Webinar,Webinar: 2026 Benchmarks,email,New,,,,,,,,,
L-10705,2026-06-08,Orbit Logistics,Media,1-50,North America,Canada,Webinar,Webinar: 2026 Benchmarks,email,New,,,,,,,,,
L-11744,2025-11-22,Harbor Media,Media,1-50,EMEA,United Kingdom,Paid Social,LinkedIn Lead Gen,paid_social,MQL,2025-11-22,,,,,,,,
L-12059,2025-08-04,Echo Media,Financial Services,1-50,North America,United States,Outbound,SDR Outbound - Enterprise,outbound,MQL,2025-08-12,,,,,,,,
L-10591,2026-02-14,Vertex Partners,Education,1001-5000,EMEA,Netherlands,Organic Search,SEO - Blog,organic,New,,,,,,,,,
L-10100,2025-01-09,Pine Analytics,Education,1-50,North America,United States,Paid Social,LinkedIn Lead Gen,paid_social,New,,,,,,,,,
L-11891,2025-03-25,Silver Group,SaaS,201-1000,North America,Canada,Paid Social,LinkedIn Lead Gen,,New,,,,,,,,,
L-10829,2025-11-15,Vertex Partners,Media,1001-5000,EMEA,United Kingdom,Paid Social,LinkedIn Lead Gen,paid_social,New,,,,,,,,,
L-11940,2025-01-04,Nova Robotics,Healthcare,201-1000,EMEA,France,Referral,Customer Referral,referral,Converted,2025-01-10,2025-01-13,OPP-6940,2025-01-15,Closed Lost,19800,2025-04-14,Priya Shah,89
L-11573,2025-02-06,Echo Labs,Healthcare,5000+,EMEA,Netherlands,Content Syndication,Ebook: State of Marketing,syndication,New,,,,,,,,,
L-10793,2025-04-16,Cedar Labs,Financial Services,201-1000,EMEA,Netherlands,Webinar,Webinar: Pipeline Masterclass,email,Converted,2025-04-26,2025-05-19,OPP-5793,2025-05-20,Closed Won,78800,2025-06-30,Aisha Patel,41
L-11857,2025-04-02,Quartz Analytics,Logistics,1001-5000,EMEA,Netherlands,LinkedIn,LinkedIn Thought Leadership,paid_social,New,,,,,,,,,
L-10042,2026-05-13,Vertex Group,Media,51-200,North America,United States,Organic Search,SEO - Comparison Pages,organic,New,,,,,,,,,
L-10216,2025-08-21,Orbit Logistics,Media,1-50,EMEA,United Kingdom,Events,Customer Dinner Series,event,New,,,,,,,,,
L-11240,2025-08-30,Summit Systems,Manufacturing,201-1000,EMEA,France,Outbound,SDR Outbound - Mid-Market,outbound,New,,,,,,,,,
L-11643,2025-07-31,Bright Labs,Manufacturing,1-50,North America,Canada,Organic Search,SEO - Blog,organic,New,,,,,,,,,
L-11137,2025-04-16,Crest Health,Retail,201-1000,EMEA,Netherlands,Paid Social,LinkedIn Lead Gen,paid_social,New,,,,,,,,,
L-11447,2026-02-09,Blue Media,Logistics,1001-5000,LATAM,Mexico,Referral,Partner Referral,referral,Converted,2026-02-27,2026-03-20,OPP-6447,2026-04-09,Closed Won,93600,2026-06-02,Ben Carter,54
L-11229,2025-02-05,Pine Learning,SaaS,51-200,EMEA,Germany,Outbound,SDR Outbound - Enterprise,outbound,Converted,2025-02-23,2025-03-25,OPP-6229,2025-04-06,Closed Won,17800,2025-06-10,Ben Carter,65
L-10699,2026-02-24,Echo Media,Healthcare,1-50,North America,Canada,Content Syndication,Whitepaper Syndication,syndication,New,,,,,,,,,
L-12494,2025-09-24,Echo Foods,Healthcare,1-50,EMEA,Germany,Content Syndication,Whitepaper Syndication,syndication,New,,,,,,,,,
L-10236,2026-03-19,Pine Learning,Healthcare,1-50,North America,United States,Content Syndication,Whitepaper Syndication,syndication,New,,,,,,,,,
L-11808,2025-09-10,Vertex Capital,Logistics,201-1000,North America,United States,Events,SaaStr Booth,event,New,,,,,,,,,
L-10309,2025-02-10,Atlas Retail,Financial Services,201-1000,North America,Canada,Webinar,Webinar: Pipeline Masterclass,,MQL,2025-02-11,,,,,,,,
L-10879,2025-06-23,Nova Health,SaaS,51-200,LATAM,Mexico,Outbound,SDR Outbound - Mid-Market,outbound,MQL,2025-06-30,,,,,,,,
L-12033,2025-05-18,Maple Robotics,Education,1-50,LATAM,Mexico,Webinar,Webinar: 2026 Benchmarks,email,MQL,2025-06-02,,,,,,,,
L-10278,2025-07-01,Bright Capital,SaaS,51-200,EMEA,Germany,Events,Regional Roadshow,event,Converted,2025-07-15,2025-08-13,OPP-5278,2025-08-25,Closed Won,860000,2025-10-18,Ben Carter,54
L-11190,2025-10-03,Cedar Analytics,Education,201-1000,North America,United States,Paid Social,LinkedIn Thought Leadership,paid_social,New,,,,,,,,,
L-11015,2025-02-10,Iron Systems,SaaS,201-1000,North America,Canada,Paid Social,LinkedIn Lead Gen,paid_social,SQL,2025-02-12,2025-03-01,,,,,,Ben Carter,
L-11533,2026-06-28,Crest Health,Financial Services,5000+,APAC,Australia,paid_social,LinkedIn Thought Leadership,paid_social,New,,,,,,,,,
L-11738,2026-03-17,Silver Works,Retail,201-1000,LATAM,Brazil,Referral,Partner Referral,referral,Converted,2026-03-31,2026-04-10,OPP-6738,2026-04-14,Closed Lost,59500,2026-05-02,Aisha Patel,18
L-11598,2026-01-25,Iron Retail,Healthcare,201-1000,North America,Canada,Events,Regional Roadshow,event,New,,,,,,,,,
L-12488,2026-04-30,Quartz Logistics,Education,5000+,EMEA,Netherlands,Content Syndication,Ebook: State of Marketing,syndication,SQL,2026-05-20,2026-06-16,,,,,,Ben Carter,
L-10373,2026-02-07,Apex Robotics,Logistics,1-50,North America,United States,Paid Search,Brand Search Q,cpc,New,,,,,,,,,
L-11288,2025-06-20,Orbit Health,Media,1-50,North America,United States,Paid Social,Meta Retargeting,paid_social,New,,,,,,,,,
L-10401,2026-03-21,North Networks,Media,51-200,North America,Canada,Paid Search,Brand Search Q,cpc,MQL,2026-04-03,,,,,,,,
L-11603,2025-11-03,Nova Works,Manufacturing,5000+,North America,Canada,Webinar,Webinar: RevOps 101,email,New,,,,,,,,,
L-11247,2025-03-14,Pine Media,Retail,201-1000,North America,United States,Outbound,SDR Outbound - Mid-Market,outbound,New,,,,,,,,,
L-12066,2026-01-21,Iron Retail,Media,1-50,EMEA,Germany,Paid Social,LinkedIn Thought Leadership,paid_social,MQL,2026-02-03,,,,,,,,
L-10472,2025-08-02,Atlas Systems,,5000+,North America,United States,Paid Search,Generic - Analytics,cpc,MQL,2025-08-22,,,,,,,,
L-10270,2025-09-26,Pine Group,Healthcare,201-1000,APAC,Australia,Outbound,SDR Outbound - Mid-Market,outbound,New,,,,,,,,,
L-12114,2026-04-30,Echo Group,Healthcare,201-1000,North America,United States,Paid Search,Brand Search Q,cpc,New,,,,,,,,,
L-12127,2026-02-21,Crest Retail,,51-200,North America,Canada,Events,Customer Dinner Series,event,New,,,,,,,,,
L-11535,2026-02-18,Bright Networks,SaaS,1-50,APAC,Singapore,Referral,Customer Referral,referral,Converted,2026-03-05,2026-04-02,OPP-6535,2026-04-13,Closed Won,5800,2026-04-29,Tom Reilly,16
L-10130,2025-11-06,Echo Capital,Logistics,1-50,North America,United States,Content Syndication,Ebook: State of Marketing,syndication,MQL,2025-11-26,,,,,,,,
L-12478,2025-06-16,Quartz Systems,Media,51-200,EMEA,Germany,Paid Search,Competitor Keywords,cpc,MQL,2025-06-27,,,,,,,,
L-10884,2025-08-04,Silver Works,SaaS,201-1000,North America,United States,Organic Search,SEO - Comparison Pages,organic,MQL,2025-08-08,,,,,,,,
L-11136,2025-08-02,Iron Robotics,SaaS,51-200,EMEA,France,Paid Social,LinkedIn Thought Leadership,paid_social,New,,,,,,,,,
L-10242,2025-12-15,Orbit Media,Retail,201-1000,North America,United States,Organic Search,SEO - Blog,organic,Disqualified,,,,,,,,,
L-10226,2025-03-20,Summit Capital,Financial Services,1001-5000,North America,United States,Paid Social,LinkedIn Thought Leadership,paid_social,New,,,,,,,,,
L-10345,2025-12-18,Blue Logistics,Media,51-200,North America,United States,Paid Search,Generic - Analytics,cpc,MQL,2026-01-02,,,,,,,,
L-11749,2026-04-03,Echo Logistics,Retail,51-200,EMEA,Germany,Events,SaaStr Booth,event,Converted,2026-04-10,2026-04-17,OPP-6749,2026-05-05,Closed Lost,14900,2026-06-13,Aisha Patel,39
L-11334,2025-06-25,Echo Group,Logistics,1001-5000,North America,Canada,Paid Social,Meta Retargeting,paid_social,MQL,2025-07-01,,,,,,,,
L-10652,2025-10-13,Vertex Labs,Financial Services,201-1000,North America,Canada,Organic Search,SEO - Blog,organic,SQL,2025-10-15,2025-10-19,,,,,,Sofia Martinez,
L-12477,2025-06-19,Vertex Labs,Financial Services,51-200,North America,United States,Paid Search,Competitor Keywords,,New,,,,,,,,,
L-10151,2026-03-15,Crest Learning,Healthcare,201-1000,North America,United States,Paid Social,LinkedIn Lead Gen,paid_social,New,,,,,,,,,
L-10759,2026-04-21,Atlas Foods,Financial Services,1-50,EMEA,France,Paid Search,Competitor Keywords,cpc,New,,,,,,,,,
L-11213,2025-10-11,Crest Logistics,Logistics,201-1000,LATAM,Mexico,Referral,Customer Referral,referral,New,,,,,,,,,
L-12170,2025-09-15,Orbit Group,SaaS,1-50,North America,Canada,PPC,Competitor Keywords,cpc,MQL,2025-09-30,,,,,,,,
L-10122,2025-09-23,Apex Networks,Education,1-50,North America,United States,Webinar,Webinar: RevOps 101,email,MQL,2025-10-09,,,,,,,,
L-10471,2026-05-24,Cedar Analytics,Financial Services,51-200,APAC,Australia,Paid Social,Meta Retargeting,paid_social,New,,,,,,,,,
L-12040,2026-01-07,Summit Foods,Education,201-1000,North America,Canada,Events,Regional Roadshow,event,SQL,2026-01-14,2026-02-02,,,,,,Ben Carter,
L-12006,2025-10-14,Cedar Partners,Manufacturing,51-200,North America,Canada,Outbound,SDR Outbound - Mid-Market,outbound,New,,,,,,,,,
L-10849,2025-04-22,Quartz Works,Retail,201-1000,LATAM,Brazil,Webinar,Webinar: Pipeline Masterclass,email,MQL,2025-05-11,,,,,,,,
L-10372,2026-06-01,Iron Health,SaaS,51-200,North America,United States,Content Syndication,Ebook: State of Marketing,syndication,New,,,,,,,,,
L-10140,2026-01-18,Crest Labs,SaaS,201-1000,APAC,Australia,Content Syndication,Ebook: State of Marketing,syndication,New,,,,,,,,,
L-12248,2026-05-12,Apex Health,Media,201-1000,North America,Canada,Organic Search,SEO - Blog,organic,MQL,2026-05-16,,,,,,,,
L-12251,2025-06-30,Cedar Analytics,Manufacturing,201-1000,North America,United States,Outbound,SDR Outbound - Enterprise,outbound,New,,,,,,,,,
L-10796,2025-08-13,Cedar Systems,Financial Services,51-200,LATAM,Mexico,Events,Regional Roadshow,event,MQL,2025-08-30,,,,,,,,
L-12210,2025-06-11,Quartz Logistics,SaaS,1-50,EMEA,France,Paid Social,LinkedIn Thought Leadership,paid_social,MQL,2025-07-02,,,,,,,,
L-11108,2025-07-23,Cedar Systems,Logistics,51-200,North America,Canada,Referral,Customer Referral,referral,MQL,2025-08-04,,,,,,,,
L-11914,2026-05-01,Summit Logistics,Manufacturing,51-200,APAC,Japan,Webinar,Webinar: 2026 Benchmarks,email,SQL,2026-05-17,2026-06-01,,,,,,Ben Carter,
L-10920,2025-07-10,Harbor Networks,Manufacturing,201-1000,LATAM,Mexico,Content Syndication,Whitepaper Syndication,syndication,MQL,2025-07-20,,,,,,,,
L-10317,2025-07-08,Cedar Networks,SaaS,1001-5000,North America,United States,Webinar,Webinar: RevOps 101,email,MQL,2025-07-27,,,,,,,,
L-11867,2025-04-19,Clear Systems,Media,51-200,North America,United States,Paid Search,Competitor Keywords,cpc,MQL,2025-04-28,,,,,,,,
L-10715,2025-01-13,Maple Logistics,SaaS,1-50,EMEA,Netherlands,Paid Search,Competitor Keywords,cpc,Disqualified,,,,,,,,,
L-11937,2025-10-31,Nova Systems,Manufacturing,201-1000,North America,United States,Paid Search,Generic - Analytics,cpc,MQL,2025-11-02,,,,,,,,
L-12246,2026-05-06,Clear Learning,SaaS,51-200,LATAM,Brazil,Outbound,SDR Outbound - Mid-Market,outbound,New,,,,,,,,,
L-11596,2026-03-02,Orbit Robotics,Media,201-1000,APAC,Australia,Organic Search,SEO - Comparison Pages,organic,MQL,2026-03-09,,,,,,,,
L-12425,2026-01-09,Atlas Foods,Education,51-200,North America,United States,Outbound,SDR Outbound - Mid-Market,outbound,SQL,2026-01-17,2026-02-06,,,,,,Tom Reilly,
L-12083,2026-03-14,Pine Analytics,Retail,1-50,APAC,Japan,Webinar,Webinar: 2026 Benchmarks,email,New,,,,,,,,,
L-12108,2025-05-27,Iron Works,Education,201-1000,APAC,Japan,Outbound,SDR Outbound - Mid-Market,outbound,New,,,,,,,,,
L-10979,2026-01-10,Vertex Foods,Logistics,51-200,North America,United States,Webinar,Webinar: RevOps 101,email,MQL,2026-01-25,,,,,,,,
L-10437,2025-04-22,Silver Media,Education,51-200,APAC,Australia,Paid Social,LinkedIn Lead Gen,paid_social,New,,,,,,,,,
L-10107,2026-03-26,Atlas Retail,SaaS,51-200,North America,United States,Webinar,Webinar: 2026 Benchmarks,,Disqualified,,,,,,,,,
L-10085,2025-08-16,Atlas Systems,Retail,1-50,North America,United States,Paid Social,LinkedIn Lead Gen,paid_social,New,,,,,,,,,
L-12451,2025-04-11,Apex Learning,Media,1-50,North America,Canada,Events,SaaStr Booth,event,Converted,2025-04-11,2025-05-10,OPP-7451,2025-05-27,Closed Won,6900,2025-07-13,Ben Carter,47
L-11696,2025-07-20,Vertex Networks,Financial Services,51-200,EMEA,United Kingdom,Paid Social,LinkedIn Lead Gen,paid_social,MQL,2025-08-09,,,,,,,,
L-11794,2025-05-02,Crest Networks,Retail,1-50,North America,United States,Webinar,Webinar: RevOps 101,email,New,,,,,,,,,
L-10277,2026-03-18,Clear Foods,SaaS,201-1000,North America,United States,Organic Search,SEO - Blog,organic,MQL,2026-03-29,,,,,,,,
L-12180,2025-09-21,Maple Retail,SaaS,201-1000,EMEA,France,Paid Search,Generic - Analytics,cpc,New,,,,,,,,,
L-10723,2026-06-13,Orbit Partners,Healthcare,51-200,North America,Canada,Paid Social,LinkedIn Thought Leadership,paid_social,MQL,2026-06-23,,,,,,,,
L-11670,2025-11-19,Crest Capital,Healthcare,1-50,North America,Canada,Paid Search,Generic - Analytics,cpc,New,,,,,,,,,
L-12053,2025-09-12,Vertex Networks,Education,201-1000,North America,Canada,Paid Social,LinkedIn Thought Leadership,paid_social,New,,,,,,,,,
L-10399,2025-12-08,Crest Partners,Healthcare,201-1000,North America,United States,Referral,Customer Referral,referral,SQL,2025-12-21,2026-01-19,,,,,,Marcus Lee,
L-11682,2025-08-22,Silver Health,SaaS,51-200,EMEA,Germany,Paid Social,LinkedIn Thought Leadership,paid_social,Converted,2025-09-12,2025-09-25,OPP-6682,2025-10-03,Closed Lost,14100,2025-11-05,Tom Reilly,33
L-10288,2025-07-14,Clear Group,,1001-5000,North America,Canada,Paid Search,Brand Search Q,cpc,MQL,2025-07-19,,,,,,,,
L-11616,2025-08-08,Harbor Health,Manufacturing,1001-5000,North America,United States,organic,SEO - Comparison Pages,,SQL,2025-08-12,2025-08-25,,,,,,Aisha Patel,
L-10451,2025-03-11,Summit Foods,Manufacturing,5000+,North America,United States,Paid Search,Competitor Keywords,cpc,New,,,,,,,,,
L-11211,2026-04-24,Maple Works,Retail,51-200,North America,Canada,Content Syndication,Ebook: State of Marketing,syndication,New,,,,,,,,,
L-10315,2025-02-17,Pine Health,SaaS,201-1000,LATAM,Mexico,Paid Social,LinkedIn Lead Gen,,Disqualified,,,,,,,,,
L-10172,2025-11-19,Orbit Partners,Financial Services,51-200,North America,United States,Webinar,Webinar: Pipeline Masterclass,email,New,,,,,,,,,
L-10866,2026-01-20,Crest Robotics,SaaS,1-50,North America,Canada,Referral,Partner Referral,referral,New,,,,,,,,,
L-11988,2026-05-16,Vertex Works,SaaS,1001-5000,APAC,Singapore,Organic Search,SEO - Comparison Pages,organic,MQL,2026-05-27,,,,,,,,
L-10208,2026-01-27,Iron Networks,Financial Services,5000+,North America,Canada,Paid Search,Generic - Analytics,cpc,Converted,2026-02-10,2026-02-24,OPP-5208,2026-03-10,Closed Lost,77900,2026-06-03,Dana Okafor,85
L-11678,2025-12-04,Blue Labs,Healthcare,51-200,North America,Canada,Paid Search,Generic - Analytics,cpc,New,,,,,,,,,
L-10036,2025-06-14,Bright Media,Media,1-50,EMEA,Germany,Webinar,Webinar: Pipeline Masterclass,email,New,,,,,,,,,
L-10749,2025-09-06,Iron Retail,Media,1001-5000,LATAM,Mexico,Content Syndication,Whitepaper Syndication,syndication,New,,,,,,,,,
L-11144,2025-06-21,Bright Partners,Education,201-1000,EMEA,Netherlands,Organic Search,SEO - Blog,organic,MQL,2025-07-06,,,,,,,,
L-10334,2025-03-02,Crest Works,Media,51-200,North America,United States,Paid Search,Brand Search Q,cpc,New,,,,,,,,,
L-12358,2025-06-01,Echo Capital,Logistics,1001-5000,North America,United States,Referral,Partner Referral,referral,MQL,2025-06-04,,,,,,,,
L-11224,2025-09-16,Apex Health,Healthcare,5000+,APAC,Japan,Events,Customer Dinner Series,event,MQL,2025-09-19,,,,,,,,
L-10303,2025-02-22,Maple Media,Retail,1-50,APAC,Japan,Webinar,Webinar: 2026 Benchmarks,email,Converted,2025-03-13,2025-04-05,OPP-5303,2025-04-18,Closed Won,23200,2025-06-05,Tom Reilly,48
L-11250,2026-01-22,North Learning,Financial Services,201-1000,North America,United States,Paid Search,Brand Search Q,cpc,MQL,2026-01-31,,,,,,,,
L-10638,2025-10-06,Echo Learning,Healthcare,1-50,North America,United States,Paid Social,LinkedIn Thought Leadership,paid_social,MQL,2025-10-22,,,,,,,,
L-12160,2026-02-21,Maple Partners,SaaS,51-200,North America,United States,Paid Search,Competitor Keywords,cpc,New,,,,,,,,,
L-12382,2025-04-11,Maple Learning,Media,51-200,EMEA,France,Paid Search,Brand Search Q,cpc,Disqualified,,,,,,,,,
L-11099,2025-02-20,Atlas Labs,Healthcare,51-200,EMEA,France,Content Syndication,Whitepaper Syndication,syndication,New,,,,,,,,,
L-10016,2025-03-16,North Capital,Healthcare,51-200,North America,United States,Organic Search,SEO - Comparison Pages,organic,New,,,,,,,,,
L-10990,2026-03-22,Quartz Robotics,Manufacturing,51-200,LATAM,Mexico,Events,SaaStr Booth,event,MQL,2026-04-02,,,,,,,,
L-10158,2026-01-14,North Robotics,Healthcare,51-200,North America,United States,Content Syndication,Ebook: State of Marketing,syndication,New,,,,,,,,,
L-11983,2025-08-17,Atlas Networks,Retail,5000+,EMEA,United Kingdom,Organic Search,SEO - Blog,organic,Disqualified,,,,,,,,,
L-12025,2025-09-05,Maple Partners,Retail,1-50,North America,United States,Organic Search,SEO - Blog,organic,MQL,2025-09-09,,,,,,,,
L-11028,2025-12-12,Pine Media,Education,1-50,North America,United States,Content Syndication,Ebook: State of Marketing,syndication,New,,,,,,,,,
L-11441,2026-06-22,Crest Networks,Retail,51-200,North America,United States,Organic Search,SEO - Blog,organic,SQL,2026-06-25,2026-07-04,,,,,,Dana Okafor,
L-10898,2026-02-22,Nova Learning,Healthcare,51-200,North America,Canada,Paid Search,Brand Search Q,cpc,New,,,,,,,,,
L-11091,2025-06-25,Atlas Capital,Healthcare,51-200,North America,Canada,Outbound,SDR Outbound - Enterprise,outbound,Converted,2025-07-14,2025-08-03,OPP-6091,2025-08-10,Closed Won,34100,2025-08-24,Priya Shah,14
L-10844,2025-09-27,Harbor Retail,,51-200,North America,Canada,Paid Search,Competitor Keywords,cpc,MQL,2025-10-10,,,,,,,,
L-11181,2025-11-26,Iron Logistics,SaaS,1-50,North America,Canada,Paid Social,LinkedIn Lead Gen,paid_social,New,,,,,,,,,
L-11853,2025-11-01,Blue Systems,Logistics,51-200,North America,United States,Paid Search,Generic - Analytics,cpc,New,,,,,,,,,
L-11215,2025-09-06,Pine Networks,Media,5000+,APAC,Australia,Organic Search,SEO - Comparison Pages,organic,New,,,,,,,,,
L-10195,2025-09-24,Echo Analytics,Retail,201-1000,North America,United States,Content Syndication,Ebook: State of Marketing,syndication,New,,,,,,,,,
L-11179,2025-09-13,Echo Labs,Financial Services,1-50,APAC,Singapore,Paid Search,Generic - Analytics,cpc,New,,,,,,,,,
L-12142,2025-10-19,Silver Labs,Financial Services,51-200,North America,Canada,Paid Search,Brand Search Q,cpc,New,,,,,,,,,
L-10689,2026-02-10,Lumen Health,Media,1-50,APAC,Singapore,Outbound,SDR Outbound - Mid-Market,outbound,New,,,,,,,,,
L-10730,2026-03-01,Nova Learning,SaaS,201-1000,EMEA,Netherlands,Content Syndication,Ebook: State of Marketing,syndication,New,,,,,,,,,
L-10075,2025-04-24,Lumen Learning,Manufacturing,51-200,EMEA,Netherlands,Organic Search,SEO - Comparison Pages,organic,MQL,2025-05-06,,,,,,,,
L-10766,2025-07-03,Vertex Group,Education,5000+,North America,Canada,Paid Search,Competitor Keywords,cpc,MQL,2025-07-16,,,,,,,,
L-11281,2025-12-18,Echo Capital,Retail,1001-5000,APAC,Singapore,Outbound,SDR Outbound - Mid-Market,outbound,New,,,,,,,,,
L-11407,2025-07-15,Nova Group,Financial Services,201-1000,EMEA,Germany,Paid Search,Generic - Analytics,cpc,SQL,2025-07-22,2025-08-16,,,,,,Aisha Patel,
L-12198,2026-05-08,Iron Capital,Manufacturing,201-1000,EMEA,Germany,Events,Customer Dinner Series,event,Converted,2026-05-25,2026-06-22,OPP-7198,2026-06-25,Negotiation,42800,2026-08-23,Dana Okafor,
L-11438,2025-10-19,Vertex Logistics,SaaS,51-200,North America,United States,Paid Social,LinkedIn Thought Leadership,paid_social,New,,,,,,,,,
L-11185,2025-11-09,Vertex Media,Manufacturing,201-1000,APAC,Japan,Events,Regional Roadshow,event,Converted,2025-11-24,2025-11-27,OPP-6185,2025-12-09,Closed Won,47500,2026-03-08,Tom Reilly,89
L-11746,2026-05-05,Crest Robotics,SaaS,1-50,North America,United States,Paid Social,LinkedIn Lead Gen,paid_social,New,,,,,,,,,
L-11245,2025-10-26,Bright Works,Financial Services,201-1000,EMEA,Germany,Organic Search,SEO - Comparison Pages,organic,New,,,,,,,,,
L-11712,2025-08-15,Harbor Learning,Financial Services,201-1000,North America,United States,Organic Search,SEO - Comparison Pages,organic,MQL,2025-08-18,,,,,,,,
L-11225,2025-10-16,Bright Works,SaaS,201-1000,EMEA,France,Webinar,Webinar: Pipeline Masterclass,email,Converted,2025-10-29,2025-11-27,OPP-6225,2025-12-07,Closed Lost,84800,2025-12-25,Marcus Lee,18
L-11530,2025-04-23,Orbit Logistics,Financial Services,201-1000,LATAM,Brazil,Paid Search,Competitor Keywords,cpc,New,,,,,,,,,
L-11340,2025-11-13,Summit Robotics,Education,51-200,North America,Canada,Referral,Customer Referral,referral,MQL,2025-11-23,,,,,,,,
L-12462,2025-06-06,Crest Media,Logistics,51-200,EMEA,Netherlands,Organic Search,SEO - Blog,organic,New,,,,,,,,,
L-10113,2025-05-28,Summit Health,Healthcare,51-200,North America,Canada,Outbound,SDR Outbound - Enterprise,outbound,New,,,,,,,,,
L-11145,2025-03-10,Bright Retail,Media,1-50,North America,Canada,Paid Social,LinkedIn Lead Gen,paid_social,New,,,,,,,,,
L-10768,2025-03-08,Nova Learning,Healthcare,51-200,EMEA,Germany,Content Syndication,Whitepaper Syndication,syndication,MQL,2025-03-08,,,,,,,,
L-12249,2026-06-09,Iron Group,Financial Services,1-50,North America,Canada,Events,SaaStr Booth,event,New,,,,,,,,,
L-12268,2025-10-06,Blue Logistics,SaaS,51-200,APAC,Singapore,Organic Search,SEO - Comparison Pages,organic,New,,,,,,,,,
L-11789,2026-04-19,Cedar Media,Education,5000+,North America,United States,Content Syndication,Whitepaper Syndication,syndication,Disqualified,,,,,,,,,
L-12443,2025-02-28,Echo Health,Healthcare,201-1000,North America,United States,Webinar,Webinar: 2026 Benchmarks,email,Converted,2025-03-15,2025-03-22,OPP-7443,2025-03-24,Closed Lost,22900,2025-05-14,Aisha Patel,51
L-10725,2026-03-31,Silver Networks,Manufacturing,51-200,EMEA,United Kingdom,Paid Search,Brand Search Q,cpc,Converted,2026-04-12,2026-05-09,OPP-5725,2026-05-14,Demo,10100,2026-07-28,Aisha Patel,
L-12155,2025-06-17,Lumen Analytics,Education,1001-5000,APAC,Australia,Organic Search,SEO - Comparison Pages,organic,New,,,,,,,,,
L-10378,2026-04-10,Maple Media,,1-50,EMEA,France,Paid Social,LinkedIn Thought Leadership,paid_social,New,,,,,,,,,
L-10141,2025-06-26,Blue Retail,Manufacturing,201-1000,EMEA,France,Paid Search,Competitor Keywords,cpc,MQL,2025-07-17,,,,,,,,
L-12301,2025-12-11,Maple Robotics,,1-50,EMEA,United Kingdom,Paid Search,Brand Search Q,cpc,MQL,2025-12-29,,,,,,,,
L-10217,2025-07-14,Apex Retail,Healthcare,51-200,North America,United States,Outbound,SDR Outbound - Enterprise,outbound,New,,,,,,,,,
L-11769,2025-09-18,North Group,Media,51-200,North America,Canada,Paid Search,Competitor Keywords,cpc,MQL,2025-10-09,,,,,,,,
L-11063,2025-07-17,Lumen Learning,Financial Services,5000+,North America,Canada,Paid Search,Generic - Analytics,cpc,New,,,,,,,,,
L-10396,2025-11-08,Nova Logistics,Education,51-200,North America,United States,Outbound,SDR Outbound - Mid-Market,outbound,New,,,,,,,,,
L-10987,2025-09-29,Cedar Robotics,Logistics,1001-5000,North America,Canada,Outbound,SDR Outbound - Enterprise,outbound,MQL,2025-10-12,,,,,,,,
L-10694,2025-07-02,Bright Labs,SaaS,201-1000,North America,Canada,Paid Social,LinkedIn Lead Gen,paid_social,New,,,,,,,,,
L-10443,2025-10-13,Atlas Retail,Retail,201-1000,EMEA,Germany,Organic Search,SEO - Blog,organic,New,,,,,,,,,
L-10343,2025-09-11,Silver Systems,Retail,201-1000,APAC,Singapore,Outbound,SDR Outbound - Mid-Market,outbound,New,,,,,,,,,
L-10054,2025-02-09,Quartz Systems,SaaS,51-200,LATAM,Mexico,Paid Search,Competitor Keywords,cpc,New,,,,,,,,,
L-10001,2026-01-08,Bright Capital,Healthcare,51-200,North America,Canada,Paid Search,Brand Search Q,cpc,SQL,2026-01-14,2026-02-04,,,,,,Priya Shah,
L-10647,2025-07-25,Echo Works,Retail,201-1000,LATAM,Mexico,Organic Search,SEO - Blog,organic,MQL,2025-07-26,,,,,,,,
L-11418,2026-01-29,Echo Partners,Media,1001-5000,APAC,Singapore,Paid Social,Meta Retargeting,paid_social,MQL,2026-02-11,,,,,,,,
L-12183,2025-02-16,Vertex Labs,Manufacturing,1001-5000,North America,Canada,Paid Search,Competitor Keywords,cpc,Converted,2025-02-23,2025-03-15,OPP-7183,2025-04-01,Closed Lost,52500,2025-06-24,Marcus Lee,84
L-11754,2025-07-26,Pine Partners,Healthcare,51-200,APAC,Australia,Webinar,Webinar: RevOps 101,email,MQL,2025-08-14,,,,,,,,
L-10206,2025-10-21,Summit Group,Manufacturing,1001-5000,North America,Canada,Paid Social,Meta Retargeting,paid_social,New,,,,,,,,,
L-10003,2026-06-10,Harbor Works,Manufacturing,1-50,North America,United States,Paid Social,LinkedIn Thought Leadership,paid_social,Disqualified,,,,,,,,,
L-10822,2025-11-10,Pine Group,Logistics,51-200,North America,United States,Paid Social,LinkedIn Lead Gen,paid_social,MQL,2025-11-19,,,,,,,,
L-12297,2025-12-02,Summit Labs,Financial Services,5000+,LATAM,Mexico,Organic Search,SEO - Blog,organic,Converted,2025-12-03,2025-12-22,OPP-7297,2026-01-03,Closed Won,72400,2026-06-16,Dana Okafor,164
L-10852,2026-04-05,Orbit Logistics,Logistics,1-50,EMEA,Netherlands,Webinar,Webinar: 2026 Benchmarks,email,MQL,2026-04-08,,,,,,,,
L-11114,2025-11-24,Cedar Works,SaaS,201-1000,North America,Canada,Webinar,Webinar: 2026 Benchmarks,email,New,,,,,,,,,
L-10269,2026-01-27,Iron Health,Retail,1-50,EMEA,Germany,Webinar,Webinar: Pipeline Masterclass,email,MQL,2026-01-29,,,,,,,,
L-12495,2025-11-17,Lumen Robotics,Financial Services,51-200,North America,United States,Outbound,SDR Outbound - Mid-Market,outbound,New,,,,,,,,,
L-10444,2026-05-20,Cedar Retail,Logistics,201-1000,EMEA,United Kingdom,Paid Social,LinkedIn Lead Gen,paid_social,New,,,,,,,,,
L-10441,2025-05-02,North Health,SaaS,1001-5000,North America,Canada,Paid Social,LinkedIn Thought Leadership,paid_social,Converted,2025-05-14,2025-05-29,OPP-5441,2025-06-18,Closed Lost,156600,2025-10-12,Aisha Patel,116
L-12467,2025-11-08,Pine Partners,Media,1001-5000,LATAM,Mexico,Events,Customer Dinner Series,event,Converted,2025-11-13,2025-11-26,OPP-7467,2025-12-03,Closed Lost,80400,2026-03-13,Aisha Patel,100
L-11892,2026-03-04,Blue Works,Education,5000+,LATAM,Mexico,Organic Search,SEO - Blog,organic,Converted,2026-03-25,2026-04-06,OPP-6892,2026-04-20,Discovery,85300,2026-07-25,Priya Shah,
L-11469,2025-09-04,Vertex Health,Retail,51-200,North America,United States,Organic Search,SEO - Blog,organic,New,,,,,,,,,
L-12493,2025-07-07,Cedar Partners,SaaS,51-200,North America,Canada,Referral,Customer Referral,referral,MQL,2025-07-15,,,,,,,,
L-10252,2025-09-14,Summit Partners,Retail,1-50,North America,United States,Webinar,Webinar: RevOps 101,email,New,,,,,,,,,
L-11626,2026-06-20,Echo Logistics,SaaS,51-200,APAC,Singapore,Organic Search,SEO - Blog,,Converted,2026-07-07,2026-07-15,OPP-6626,2026-07-29,Demo,24100,2026-09-24,Marcus Lee,
L-12445,2026-03-22,Clear Health,Financial Services,1001-5000,North America,United States,Referral,Partner Referral,referral,New,,,,,,,,,
L-11436,2026-05-19,Bright Health,Logistics,51-200,EMEA,France,Content Syndication,Whitepaper Syndication,syndication,New,,,,,,,,,
L-11309,2025-06-25,Apex Robotics,Financial Services,1-50,North America,Canada,Outbound,SDR Outbound - Mid-Market,outbound,New,,,,,,,,,
L-11154,2025-11-14,Nova Foods,Logistics,201-1000,North America,United States,Paid Social,LinkedIn Lead Gen,paid_social,New,,,,,,,,,
L-11607,2025-06-26,Maple Media,Media,201-1000,North America,United States,Paid Social,Meta Retargeting,paid_social,Disqualified,,,,,,,,,
L-12106,2026-03-21,Quartz Systems,SaaS,201-1000,North America,Canada,SEO,SEO - Blog,organic,New,,,,,,,,,
L-12016,2025-10-24,Nova Retail,Education,51-200,North America,Canada,Outbound,SDR Outbound - Mid-Market,outbound,New,,,,,,,,,
L-10838,2026-06-27,Cedar Foods,Healthcare,1-50,North America,Canada,LinkedIn,Meta Retargeting,paid_social,New,,,,,,,,,
L-11129,2026-05-08,Blue Robotics,Logistics,1-50,APAC,Australia,Events,SaaStr Booth,event,MQL,2026-05-15,,,,,,,,
L-10720,2026-01-20,Clear Health,Retail,1-50,North America,Canada,Paid Search,Competitor Keywords,cpc,MQL,2026-02-08,,,,,,,,
L-10642,2025-05-20,Atlas Works,Education,1-50,North America,Canada,Paid Search,Generic - Analytics,cpc,Converted,2025-05-30,2025-06-15,OPP-5642,2025-06-16,Closed Lost,14400,2025-07-21,Priya Shah,35
L-11762,2025-04-04,Clear Foods,Education,1-50,North America,Canada,Webinar,Webinar: Pipeline Masterclass,email,New,,,,,,,,,
L-12088,2025-05-10,Apex Health,Logistics,51-200,North America,Canada,Webinar,Webinar: RevOps 101,email,New,,,,,,,,,
L-12398,2025-02-26,Lumen Media,Retail,1-50,EMEA,Netherlands,Content Syndication,Whitepaper Syndication,syndication,MQL,2025-03-17,,,,,,,,
L-10487,2026-06-15,North Labs,Education,1-50,EMEA,France,Organic Search,SEO - Blog,organic,MQL,2026-06-25,,,,,,,,
L-12385,2026-02-13,Summit Media,Financial Services,201-1000,LATAM,Mexico,Content Syndication,Whitepaper Syndication,syndication,New,,,,,,,,,
L-12224,2026-04-21,Summit Learning,Education,201-1000,North America,Canada,Paid Social,Meta Retargeting,paid_social,New,,,,,,,,,
L-10238,2025-04-24,Bright Logistics,,1001-5000,EMEA,United Kingdom,Events,SaaStr Booth,event,SQL,2025-05-09,2025-05-15,,,,,,Dana Okafor,
L-10364,2025-10-08,Blue Labs,Retail,51-200,North America,Canada,Paid Search,Generic - Analytics,cpc,MQL,2025-10-19,,,,,,,,
L-11954,2025-09-23,Vertex Learning,Financial Services,1-50,EMEA,France,Webinar,Webinar: RevOps 101,email,Converted,2025-10-13,2025-11-03,OPP-6954,2025-11-15,Closed Lost,25100,2026-02-13,Marcus Lee,90
L-10167,2025-03-06,Crest Systems,SaaS,201-1000,North America,United States,Organic Search,SEO - Blog,organic,MQL,2025-03-22,,,,,,,,
L-11999,2025-04-13,Echo Works,Healthcare,1-50,APAC,Singapore,Organic Search,SEO - Blog,organic,MQL,2025-04-22,,,,,,,,
L-12235,2025-10-30,Quartz Analytics,Healthcare,1-50,North America,Canada,Organic Search,SEO - Comparison Pages,organic,New,,,,,,,,,
L-11578,2025-12-19,Iron Labs,Education,1-50,North America,Canada,Outbound,SDR Outbound - Mid-Market,outbound,Converted,2025-12-29,2026-01-21,OPP-6578,2026-02-10,Closed Won,12000,2026-03-03,Ben Carter,21
L-12013,2025-04-15,Vertex Partners,Retail,201-1000,EMEA,Germany,organic,SEO - Comparison Pages,organic,New,,,,,,,,,
L-11194,2026-05-25,Cedar Works,Education,1-50,North America,Canada,Organic Search,SEO - Comparison Pages,organic,New,,,,,,,,,
L-10882,2026-01-30,Nova Labs,Manufacturing,201-1000,North America,Canada,Referral,Partner Referral,referral,Converted,2026-02-10,2026-02-13,OPP-5882,2026-02-16,Closed Won,,2026-04-27,Tom Reilly,70
L-10942,2025-12-14,Blue Health,Media,201-1000,EMEA,Netherlands,Paid Search,Competitor Keywords,cpc,Converted,2025-12-17,2025-12-30,OPP-5942,2026-01-17,Closed Lost,55500,2026-02-24,Sofia Martinez,38
L-10566,2025-12-11,Cedar Learning,Media,1-50,North America,United States,Webinar,Webinar: RevOps 101,email,MQL,2025-12-24,,,,,,,,
L-12343,2025-09-01,Bright Networks,Media,51-200,North America,United States,Organic Search,SEO - Blog,organic,MQL,2025-09-15,,,,,,,,
L-10532,2026-01-25,Apex Systems,Financial Services,51-200,North America,Canada,Content Syndication,Whitepaper Syndication,syndication,New,,,,,,,,,
L-10825,2025-11-01,Atlas Foods,Retail,1-50,North America,Canada,Outbound,SDR Outbound - Enterprise,outbound,Converted,2025-11-14,2025-11-25,OPP-5825,2025-11-29,Closed Won,12800,2026-01-30,Marcus Lee,62
L-10977,2025-12-03,Summit Learning,Financial Services,201-1000,EMEA,Germany,Paid Social,LinkedIn Thought Leadership,paid_social,MQL,2025-12-15,,,,,,,,
L-10435,2026-03-04,Lumen Systems,Logistics,51-200,North America,United States,Content Syndication,Whitepaper Syndication,syndication,New,,,,,,,,,
L-12323,2025-04-08,Quartz Media,Healthcare,201-1000,North America,United States,Paid Social,LinkedIn Lead Gen,paid_social,New,,,,,,,,,
L-11204,2025-12-26,Iron Capital,Healthcare,51-200,APAC,Singapore,Paid Search,Generic - Analytics,cpc,SQL,2026-01-04,2026-02-02,,,,,,Jake Chen,
L-12225,2025-04-21,Apex Robotics,Education,201-1000,North America,Canada,Organic Search,SEO - Blog,organic,New,,,,,,,,,
L-11732,2026-04-25,Iron Labs,Financial Services,1-50,EMEA,Germany,Content Syndication,Ebook: State of Marketing,syndication,Disqualified,,,,,,,,,
L-10875,2026-02-19,Atlas Capital,Logistics,1-50,North America,United States,Events,SaaStr Booth,event,Converted,2026-02-20,2026-03-12,OPP-5875,2026-03-15,Closed Won,880000,2026-04-16,Aisha Patel,32
L-10782,2026-06-02,Nova Logistics,Healthcare,201-1000,EMEA,Germany,Paid Search,Generic - Analytics,cpc,New,,,,,,,,,
L-12461,2025-04-20,Pine Capital,Financial Services,201-1000,EMEA,United Kingdom,Webinar,Webinar: 2026 Benchmarks,email,Converted,2025-04-29,2025-05-25,OPP-7461,2025-05-27,Closed Lost,51900,2025-06-12,Tom Reilly,16
L-12476,2025-09-13,Nova Foods,SaaS,1-50,North America,Canada,Events,SaaStr Booth,event,New,,,,,,,,,
L-10860,2025-06-03,Clear Systems,SaaS,51-200,North America,United States,Content Syndication,Ebook: State of Marketing,syndication,MQL,2025-06-07,,,,,,,,
L-11727,2025-04-04,Quartz Works,SaaS,51-200,North America,Canada,Referral,Partner Referral,referral,New,,,,,,,,,
L-12474,2026-02-03,Cedar Capital,Healthcare,51-200,EMEA,Germany,Outbound,SDR Outbound - Mid-Market,outbound,New,,,,,,,,,
L-11994,2025-10-29,Blue Networks,Manufacturing,51-200,APAC,Japan,Referral,Partner Referral,referral,MQL,2025-11-02,,,,,,,,
L-11504,2025-09-17,North Partners,Retail,51-200,LATAM,Mexico,Outbound,SDR Outbound - Enterprise,outbound,MQL,2025-10-03,,,,,,,,
L-12104,2025-03-31,Crest Systems,Logistics,51-200,North America,United States,Webinar,Webinar: 2026 Benchmarks,email,New,,,,,,,,,
L-11068,2025-03-28,Orbit Group,Financial Services,201-1000,North America,Canada,Paid Search,Generic - Analytics,cpc,New,,,,,,,,,
L-11633,2025-07-10,Maple Media,Manufacturing,201-1000,North America,Canada,Paid Social,LinkedIn Thought Leadership,paid_social,New,,,,,,,,,
L-10131,2025-08-29,Harbor Group,Logistics,201-1000,EMEA,United Kingdom,Webinar,Webinar: RevOps 101,email,MQL,2025-09-09,,,,,,,,
L-11642,2026-04-22,Cedar Group,Healthcare,51-200,EMEA,Germany,Outbound,SDR Outbound - Mid-Market,outbound,MQL,2026-04-23,,,,,,,,
L-11034,2026-04-14,Vertex Labs,Healthcare,51-200,LATAM,Brazil,Paid Social,LinkedIn Thought Leadership,paid_social,MQL,2026-04-21,,,,,,,,
L-12260,2025-06-06,Crest Labs,Logistics,51-200,APAC,Japan,Content Syndication,Ebook: State of Marketing,syndication,MQL,2025-06-10,,,,,,,,
L-10066,2025-06-11,Apex Logistics,Healthcare,201-1000,EMEA,Netherlands,Paid Search,Brand Search Q,cpc,New,,,,,,,,,
L-11875,2025-09-27,Crest Analytics,Media,1-50,North America,United States,Paid Search,Brand Search Q,cpc,MQL,2025-10-14,,,,,,,,
L-10729,2025-01-12,Summit Retail,Logistics,201-1000,LATAM,Brazil,Outbound,SDR Outbound - Mid-Market,outbound,MQL,2025-01-18,,,,,,,,
L-12278,2025-12-15,Lumen Systems,Retail,1001-5000,LATAM,Brazil,Webinar,Webinar: 2026 Benchmarks,email,New,,,,,,,,,
L-10210,2025-06-24,Echo Partners,Media,51-200,EMEA,United Kingdom,Referral,Customer Referral,referral,MQL,2025-07-08,,,,,,,,
L-10383,2026-02-24,Vertex Capital,Manufacturing,201-1000,North America,Canada,Paid Search,Brand Search Q,cpc,Disqualified,,,,,,,,,
L-10230,2026-03-24,Echo Systems,SaaS,51-200,North America,Canada,Paid Social,Meta Retargeting,paid_social,MQL,2026-04-11,,,,,,,,
L-10363,2025-07-04,Lumen Retail,SaaS,201-1000,North America,Canada,paid_social,Meta Retargeting,paid_social,New,,,,,,,,,
L-10676,2026-02-05,Cedar Health,Education,5000+,EMEA,Netherlands,Content Syndication,Ebook: State of Marketing,syndication,New,,,,,,,,,
L-11219,2026-06-29,Summit Foods,Healthcare,201-1000,North America,United States,Content Syndication,Ebook: State of Marketing,syndication,MQL,2026-07-07,,,,,,,,
L-10831,2025-07-18,Apex Health,Financial Services,1-50,North America,Canada,Referral,Customer Referral,referral,MQL,2025-07-18,,,,,,,,
L-11615,2025-08-24,Silver Analytics,Manufacturing,1-50,North America,United States,Content Syndication,Ebook: State of Marketing,syndication,New,,,,,,,,,
L-11927,2026-04-02,Summit Health,Retail,1-50,APAC,Singapore,Outbound,SDR Outbound - Enterprise,outbound,MQL,2026-04-08,,,,,,,,
L-12355,2025-12-13,Harbor Partners,SaaS,51-200,North America,Canada,Paid Search,Brand Search Q,cpc,New,,,,,,,,,
L-12189,2026-03-31,Atlas Group,Financial Services,5000+,North America,United States,Events,Customer Dinner Series,event,MQL,2026-04-03,,,,,,,,
L-12063,2026-05-28,Summit Systems,Healthcare,201-1000,North America,Canada,Webinar,Webinar: Pipeline Masterclass,email,New,,,,,,,,,
L-11842,2025-07-30,Nova Labs,Financial Services,51-200,North America,Canada,Content Syndication,Ebook: State of Marketing,syndication,New,,,,,,,,,
L-10544,2025-03-19,Cedar Health,Manufacturing,51-200,North America,Canada,Content Syndication,Whitepaper Syndication,syndication,MQL,2025-04-08,,,,,,,,
L-10339,2026-01-15,Nova Networks,Media,51-200,North America,Canada,Events,Regional Roadshow,event,MQL,2026-01-30,,,,,,,,
L-11311,2025-04-27,Maple Capital,Education,1-50,North America,United States,Paid Social,Meta Retargeting,paid_social,New,,,,,,,,,
L-11246,2025-09-14,Orbit Retail,Financial Services,1-50,EMEA,Germany,Outbound,SDR Outbound - Enterprise,outbound,Converted,2025-09-17,2025-09-19,OPP-6246,2025-09-28,Closed Lost,29600,2025-11-09,Aisha Patel,42
L-10806,2026-03-13,Blue Capital,Healthcare,51-200,LATAM,Brazil,Webinar,Webinar: 2026 Benchmarks,email,Disqualified,,,,,,,,,
L-10575,2026-05-08,Vertex Group,Healthcare,201-1000,EMEA,France,Paid Search,Brand Search Q,cpc,MQL,2026-05-22,,,,,,,,
L-10799,2025-07-10,Vertex Systems,Retail,1-50,North America,Canada,Organic Search,SEO - Blog,organic,MQL,2025-07-24,,,,,,,,
L-12167,2026-03-08,Summit Labs,Retail,1-50,North America,Canada,Paid Search,Brand Search Q,cpc,Converted,2026-03-29,2026-04-20,OPP-7167,2026-05-10,Closed Lost,6500,2026-06-23,Sofia Martinez,44
L-11212,2025-11-23,Cedar Labs,Media,201-1000,North America,United States,SEO,SEO - Comparison Pages,organic,New,,,,,,,,,
L-11321,2025-02-28,Atlas Media,SaaS,51-200,North America,Canada,Webinar,Webinar: Pipeline Masterclass,email,MQL,2025-03-19,,,,,,,,
L-12020,2025-07-26,Pine Capital,,51-200,EMEA,Germany,Paid Search,Brand Search Q,cpc,SQL,2025-07-29,2025-08-27,,,,,,Jake Chen,
L-12375,2026-04-06,Silver Capital,Education,201-1000,North America,Canada,Organic Search,SEO - Comparison Pages,organic,MQL,2026-04-13,,,,,,,,
L-10093,2025-09-22,Quartz Systems,Healthcare,51-200,North America,United States,Webinar,Webinar: Pipeline Masterclass,email,MQL,2025-10-03,,,,,,,,
L-10491,2026-02-17,Summit Labs,SaaS,5000+,North America,Canada,Webinar,Webinar: Pipeline Masterclass,email,MQL,2026-03-03,,,,,,,,
L-11674,2026-04-08,Summit Foods,Retail,5000+,North America,Canada,Referral,Partner Referral,referral,SQL,2026-04-16,2026-04-26,,,,,,Ben Carter,
L-10119,2026-05-28,Vertex Systems,Education,51-200,North America,United States,Organic Search,SEO - Blog,organic,MQL,2026-05-31,,,,,,,,
L-10663,2025-05-20,Echo Media,Retail,51-200,APAC,Japan,Outbound,SDR Outbound - Mid-Market,outbound,New,,,,,,,,,
L-10324,2025-11-16,Clear Foods,Media,1-50,EMEA,United Kingdom,Webinar,Webinar: Pipeline Masterclass,email,MQL,2025-11-29,,,,,,,,
L-10810,2025-05-15,Summit Logistics,Education,1-50,North America,United States,Paid Search,Brand Search Q,cpc,Converted,2025-05-19,2025-06-13,OPP-5810,2025-06-29,Closed Lost,7300,2025-08-10,Dana Okafor,42
L-10084,2025-07-04,Nova Foods,Education,1-50,North America,United States,Content Syndication,Whitepaper Syndication,syndication,New,,,,,,,,,
L-11031,2026-03-25,Echo Works,Education,1-50,North America,United States,Content Syndication,Whitepaper Syndication,syndication,New,,,,,,,,,
L-10439,2025-03-10,Silver Labs,Manufacturing,1-50,North America,United States,Organic Search,SEO - Comparison Pages,organic,SQL,2025-03-19,2025-03-31,,,,,,Ben Carter,
L-11268,2026-04-27,Maple Learning,SaaS,51-200,APAC,Singapore,Paid Social,LinkedIn Thought Leadership,paid_social,New,,,,,,,,,
L-10654,2025-11-21,Harbor Media,Media,201-1000,North America,Canada,Paid Social,LinkedIn Thought Leadership,paid_social,Disqualified,,,,,,,,,
L-11041,2025-11-18,Apex Learning,Media,201-1000,North America,Canada,Paid Social,LinkedIn Lead Gen,paid_social,New,,,,,,,,,
L-11757,2025-10-12,Summit Health,Healthcare,51-200,EMEA,Germany,Outbound,SDR Outbound - Mid-Market,outbound,New,,,,,,,,,
L-11242,2026-01-22,Maple Robotics,Financial Services,201-1000,EMEA,Netherlands,Webinar,Webinar: RevOps 101,email,SQL,2026-01-22,2026-02-15,,,,,,Aisha Patel,
L-10089,2026-03-17,Echo Labs,Manufacturing,1-50,North America,Canada,Organic Search,SEO - Blog,organic,MQL,2026-04-01,,,,,,,,
L-11974,2026-06-21,Bright Works,Education,5000+,North America,Canada,Webinar,Webinar: 2026 Benchmarks,email,MQL,2026-07-12,,,,,,,,
L-10541,2026-02-27,Bright Partners,Education,1001-5000,North America,Canada,Paid Search,Competitor Keywords,cpc,SQL,2026-03-20,2026-03-29,,,,,,Sofia Martinez,
L-10503,2025-09-16,Lumen Retail,SaaS,1001-5000,North America,Canada,Content Syndication,Ebook: State of Marketing,syndication,MQL,2025-09-23,,,,,,,,
L-10561,2025-07-23,Summit Foods,Media,1-50,North America,Canada,Paid Search,Competitor Keywords,cpc,New,,,,,,,,,
L-10912,2025-04-20,Echo Foods,Manufacturing,201-1000,North America,Canada,Content Syndication,Whitepaper Syndication,syndication,Disqualified,,,,,,,,,
L-12397,2025-01-04,Blue Networks,Manufacturing,1-50,North America,United States,Paid Search,Generic - Analytics,cpc,New,,,,,,,,,
L-11030,2026-02-17,Pine Systems,Logistics,1001-5000,North America,Canada,Referral,Partner Referral,referral,New,,,,,,,,,
L-12041,2026-06-02,Summit Robotics,SaaS,1001-5000,LATAM,Mexico,Paid Search,Brand Search Q,cpc,New,,,,,,,,,
L-11083,2026-06-03,Iron Analytics,Financial Services,1-50,EMEA,Netherlands,Paid Search,Generic - Analytics,cpc,New,,,,,,,,,
L-12003,2025-12-21,Crest Capital,Education,201-1000,North America,Canada,Paid Search,Brand Search Q,cpc,MQL,2025-12-26,,,,,,,,
L-10186,2026-04-17,Maple Retail,Education,201-1000,North America,United States,Paid Social,LinkedIn Thought Leadership,paid_social,New,,,,,,,,,
L-11536,2025-04-02,Apex Logistics,Media,1-50,APAC,Australia,Webinar,Webinar: 2026 Benchmarks,email,New,,,,,,,,,
L-12110,2025-06-14,North Foods,Education,1-50,North America,United States,Organic Search,SEO - Blog,organic,Converted,2025-06-26,2025-07-15,OPP-7110,2025-07-16,Closed Won,4600,2025-08-15,Sofia Martinez,30
L-11516,2025-06-11,Harbor Media,Healthcare,5000+,North America,Canada,Organic Search,SEO - Blog,organic,SQL,2025-06-20,2025-07-13,,,,,,Sofia Martinez,
L-10621,2025-12-04,Summit Group,,1001-5000,North America,United States,Organic Search,SEO - Comparison Pages,organic,New,,,,,,,,,
L-11111,2025-02-20,Nova Media,Media,51-200,North America,Canada,Referral,Partner Referral,referral,Converted,2025-02-26,2025-02-28,OPP-6111,2025-03-14,Closed Lost,9900,2025-05-22,Priya Shah,69
L-10907,2025-04-29,Echo Works,Education,201-1000,LATAM,Brazil,Paid Search,Generic - Analytics,cpc,New,,,,,,,,,
L-11926,2025-04-02,Apex Labs,Financial Services,5000+,North America,Canada,Content Syndication,Whitepaper Syndication,syndication,New,,,,,,,,,
L-11133,2025-09-26,North Analytics,Education,51-200,North America,United States,Outbound,SDR Outbound - Mid-Market,outbound,New,,,,,,,,,
L-10180,2026-06-10,Bright Learning,Logistics,1001-5000,LATAM,Brazil,Paid Search,Generic - Analytics,cpc,New,,,,,,,,,
L-12152,2025-05-12,Maple Networks,Retail,1-50,North America,United States,Organic Search,SEO - Comparison Pages,organic,Converted,2025-05-23,2025-06-17,OPP-7152,2025-07-07,Closed Won,7300,2025-09-01,Aisha Patel,56
L-10895,2025-02-06,Lumen Networks,Manufacturing,1001-5000,EMEA,France,Outbound,SDR Outbound - Enterprise,outbound,Converted,2025-02-11,2025-02-21,OPP-5895,2025-02-27,Closed Won,42900,2025-06-24,Ben Carter,117
L-10797,2025-11-21,Lumen Capital,Manufacturing,1001-5000,EMEA,United Kingdom,Paid Social,LinkedIn Lead Gen,paid_social,Disqualified,,,,,,,,,
L-11770,2026-04-11,Vertex Analytics,Retail,5000+,APAC,Japan,Paid Search,Generic - Analytics,cpc,New,,,,,,,,,
L-11351,2025-07-27,Quartz Health,Media,51-200,EMEA,Germany,Content Syndication,Ebook: State of Marketing,syndication,New,,,,,,,,,
L-11772,2025-05-23,Blue Capital,Manufacturing,1-50,North America,Canada,Referral,Partner Referral,referral,New,,,,,,,,,
L-11173,2025-07-04,Echo Foods,Media,201-1000,North America,Canada,Paid search,Brand Search Q,cpc,MQL,2025-07-06,,,,,,,,
L-11027,2025-02-19,Nova Partners,Financial Services,1-50,APAC,Japan,SEO,SEO - Comparison Pages,organic,Converted,2025-02-25,2025-03-10,OPP-6027,2025-03-19,Closed Lost,5800,2025-04-27,Marcus Lee,39
L-10268,2025-11-17,Quartz Analytics,Healthcare,51-200,APAC,Singapore,Referral,Partner Referral,referral,MQL,2025-12-03,,,,,,,,
L-11720,2025-10-29,North Media,Logistics,51-200,North America,United States,Paid Search,Brand Search Q,cpc,Disqualified,,,,,,,,,
L-11458,2025-10-31,Pine Labs,SaaS,201-1000,APAC,Australia,Outbound,SDR Outbound - Mid-Market,outbound,New,,,,,,,,,
L-11525,2025-03-10,Clear Partners,Education,1001-5000,North America,Canada,Outbound,SDR Outbound - Enterprise,outbound,New,,,,,,,,,
L-10117,2026-04-04,Quartz Foods,Education,1-50,North America,United States,Events,Customer Dinner Series,event,New,,,,,,,,,
L-11125,2025-06-19,Iron Foods,Education,51-200,North America,United States,Organic Search,SEO - Comparison Pages,organic,New,,,,,,,,,
L-10903,2026-01-04,Nova Systems,Manufacturing,51-200,North America,Canada,Webinar,Webinar: 2026 Benchmarks,email,MQL,2026-01-25,,,,,,,,
L-11106,2026-06-04,Quartz Media,Manufacturing,1001-5000,APAC,Japan,Content Syndication,Whitepaper Syndication,syndication,New,,,,,,,,,
L-10479,2025-02-07,Atlas Capital,Financial Services,201-1000,EMEA,Germany,Paid Search,Brand Search Q,cpc,MQL,2025-02-11,,,,,,,,
L-11411,2025-02-23,Crest Media,SaaS,201-1000,EMEA,United Kingdom,Organic Search,SEO - Comparison Pages,organic,Converted,2025-03-12,2025-03-22,OPP-6411,2025-04-05,Closed Lost,125000,2025-05-01,Marcus Lee,26
L-11639,2025-01-22,Crest Capital,Financial Services,201-1000,APAC,Australia,Events,Regional Roadshow,event,SQL,2025-01-23,2025-01-29,,,,,,Aisha Patel,
L-11012,2025-02-20,Harbor Works,Media,1001-5000,EMEA,Germany,Events,Regional Roadshow,event,MQL,2025-03-08,,,,,,,,
L-10523,2025-04-07,Summit Foods,Logistics,51-200,EMEA,France,Paid Search,Brand Search Q,cpc,Disqualified,,,,,,,,,
L-10615,2026-03-07,Maple Robotics,SaaS,51-200,EMEA,United Kingdom,Outbound,SDR Outbound - Enterprise,outbound,New,,,,,,,,,
L-11177,2026-06-28,Maple Works,Retail,1-50,APAC,Australia,Organic Search,SEO - Comparison Pages,organic,SQL,2026-07-05,2026-07-12,,,,,,Marcus Lee,
L-11829,2026-02-01,Nova Capital,Financial Services,5000+,North America,Canada,Referral,Partner Referral,referral,Converted,2026-02-13,2026-02-23,OPP-6829,2026-02-26,Discovery,118400,2026-07-24,Priya Shah,
L-10858,2026-05-10,Echo Analytics,Healthcare,51-200,North America,United States,Content Syndication,Ebook: State of Marketing,syndication,New,,,,,,,,,
L-12496,2025-12-16,North Retail,Media,5000+,North America,United States,Events,Customer Dinner Series,event,SQL,2025-12-26,2025-12-30,,,,,,Dana Okafor,
L-12072,2026-06-06,Orbit Networks,Logistics,51-200,APAC,Australia,Paid Social,LinkedIn Thought Leadership,paid_social,MQL,2026-06-15,,,,,,,,
L-11741,2025-10-26,Bright Foods,Media,1-50,APAC,Australia,Organic Search,SEO - Comparison Pages,organic,New,,,,,,,,,
L-11006,2025-05-29,Atlas Systems,Media,1-50,APAC,Australia,Paid Social,Meta Retargeting,paid_social,New,,,,,,,,,
L-11539,2025-08-08,Apex Works,Media,1-50,LATAM,Brazil,Organic Search,SEO - Comparison Pages,organic,Converted,2025-08-23,2025-08-30,OPP-6539,2025-08-31,Closed Won,11400,2025-11-07,Priya Shah,68
L-10717,2026-03-05,Echo Learning,Financial Services,201-1000,North America,United States,Paid Search,Generic - Analytics,cpc,SQL,2026-03-15,2026-03-21,,,,,,Tom Reilly,
L-10585,2026-04-29,Echo Foods,Education,201-1000,North America,Canada,Outbound,SDR Outbound - Mid-Market,outbound,SQL,2026-05-03,2026-05-08,,,,,,Priya Shah,
L-10030,2025-07-04,Orbit Group,SaaS,51-200,LATAM,Brazil,Webinar,Webinar: 2026 Benchmarks,email,Converted,2025-07-12,2025-08-02,OPP-5030,2025-08-13,Closed Lost,17400,2025-10-26,Aisha Patel,74
L-10221,2026-06-06,Apex Learning,,1-50,EMEA,France,Paid Social,LinkedIn Lead Gen,paid_social,New,,,,,,,,,
L-11739,2025-06-12,North Learning,Media,51-200,LATAM,Mexico,Webinar,Webinar: 2026 Benchmarks,,MQL,2025-06-23,,,,,,,,
L-11308,2026-05-25,Echo Systems,Manufacturing,5000+,EMEA,United Kingdom,Outbound,SDR Outbound - Mid-Market,outbound,New,,,,,,,,,
L-10750,2025-01-05,Maple Retail,Manufacturing,201-1000,North America,Canada,Webinar,Webinar: Pipeline Masterclass,email,MQL,2025-01-13,,,,,,,,
L-11356,2025-06-14,Orbit Analytics,Manufacturing,1001-5000,North America,Canada,Webinar,Webinar: Pipeline Masterclass,email,MQL,2025-07-04,,,,,,,,
L-11654,2026-04-10,Echo Robotics,Healthcare,201-1000,EMEA,France,Paid Search,Brand Search Q,cpc,New,,,,,,,,,
L-12282,2026-04-03,Vertex Works,Manufacturing,1001-5000,LATAM,Brazil,Referral,Partner Referral,referral,MQL,2026-04-14,,,,,,,,
L-11580,2025-08-16,Harbor Networks,Healthcare,51-200,APAC,Australia,paid search,Generic - Analytics,cpc,MQL,2025-09-05,,,,,,,,
L-10600,2025-11-07,Blue Learning,Healthcare,1001-5000,North America,United States,Content Syndication,Whitepaper Syndication,syndication,MQL,2025-11-12,,,,,,,,
L-11690,2025-07-18,Nova Foods,Manufacturing,1-50,North America,Canada,Paid Search,Brand Search Q,cpc,Converted,2025-07-20,2025-07-22,OPP-6690,2025-07-29,Closed Lost,17300,2025-10-02,Jake Chen,65
L-10199,2026-06-04,Atlas Systems,Financial Services,51-200,EMEA,France,Content Syndication,Ebook: State of Marketing,syndication,New,,,,,,,,,
L-11016,2026-04-23,Blue Analytics,Logistics,1-50,EMEA,Netherlands,Organic Search,SEO - Comparison Pages,organic,MQL,2026-05-14,,,,,,,,
L-11827,2026-04-21,Echo Labs,Manufacturing,1001-5000,North America,Canada,Paid Social,Meta Retargeting,paid_social,MQL,2026-05-08,,,,,,,,
L-11228,2025-11-20,Crest Foods,Manufacturing,201-1000,North America,Canada,Referral,Partner Referral,referral,New,,,,,,,,,
L-10048,2026-01-06,Maple Capital,Manufacturing,201-1000,North America,Canada,Events,Regional Roadshow,event,SQL,2026-01-24,2026-02-22,,,,,,Tom Reilly,
L-12296,2025-04-10,Cedar Networks,Healthcare,51-200,EMEA,Netherlands,Organic Search,SEO - Blog,organic,MQL,2025-04-11,,,,,,,,
L-11263,2025-03-03,North Group,Media,201-1000,North America,Canada,Paid Search,Brand Search Q,cpc,New,,,,,,,,,
L-12035,2025-11-29,Apex Systems,Education,51-200,North America,Canada,Content Syndication,Whitepaper Syndication,syndication,New,,,,,,,,,
L-11623,2026-02-13,Cedar Retail,Education,51-200,LATAM,Brazil,Paid Social,Meta Retargeting,paid_social,MQL,2026-02-23,,,,,,,,
L-10992,2026-06-18,Clear Capital,Manufacturing,1-50,EMEA,France,Content Syndication,Whitepaper Syndication,syndication,MQL,2026-07-01,,,,,,,,
L-10188,2026-04-03,Bright Robotics,Healthcare,201-1000,APAC,Japan,Content Syndication,Ebook: State of Marketing,syndication,MQL,2026-04-22,,,,,,,,
L-10573,2026-04-28,Iron Foods,Financial Services,1-50,APAC,Japan,Paid Search,Generic - Analytics,cpc,New,,,,,,,,,
L-11291,2026-02-25,Harbor Works,Healthcare,51-200,North America,United States,Organic Search,SEO - Blog,organic,New,,,,,,,,,
L-11778,2026-03-09,Atlas Health,Retail,201-1000,North America,Canada,Organic Search,SEO - Comparison Pages,organic,MQL,2026-03-09,,,,,,,,
L-12395,2025-12-09,Summit Networks,Logistics,51-200,EMEA,Germany,Paid Search,Brand Search Q,cpc,Disqualified,,,,,,,,,
L-10732,2025-03-27,Bright Analytics,Manufacturing,1-50,North America,Canada,Outbound,SDR Outbound - Mid-Market,outbound,MQL,2025-03-27,,,,,,,,
L-11053,2025-04-12,Lumen Robotics,Manufacturing,1-50,North America,Canada,Paid Social,LinkedIn Lead Gen,paid_social,Converted,2025-04-24,2025-05-07,OPP-6053,2025-05-11,Closed Won,9900,2025-05-21,Marcus Lee,10
L-12105,2026-04-01,Bright Foods,Media,1-50,North America,United States,Referral,Partner Referral,referral,Converted,2026-04-17,2026-05-15,OPP-7105,2026-06-03,Closed Lost,10500,2026-06-16,Dana Okafor,13
L-11361,2026-03-24,Orbit Logistics,Financial Services,201-1000,APAC,Australia,Paid Social,LinkedIn Lead Gen,paid_social,MQL,2026-04-10,,,,,,,,
L-11006,2025-05-29,Atlas Systems,Media,1-50,APAC,Australia,Paid Social,Meta Retargeting,paid_social,New,,,,,,,,,
L-12276,2025-09-17,Summit Health,Media,51-200,EMEA,Germany,Organic Search,SEO - Comparison Pages,organic,New,,,,,,,,,
L-11287,2025-12-23,Atlas Systems,Education,201-1000,North America,United States,Events,SaaStr Booth,event,New,,,,,,,,,
L-11170,2025-07-07,Pine Robotics,Education,1-50,EMEA,Germany,Paid Social,LinkedIn Lead Gen,paid_social,MQL,2025-07-25,,,,,,,,
L-12009,2025-02-16,Summit Health,Retail,201-1000,EMEA,United Kingdom,Webinar,Webinar: RevOps 101,email,MQL,2025-03-03,,,,,,,,
L-11575,2025-05-03,Pine Logistics,Retail,51-200,North America,Canada,Paid Search,Brand Search Q,cpc,MQL,2025-05-14,,,,,,,,
L-11585,2025-07-13,Orbit Health,Media,1001-5000,EMEA,Netherlands,webinar,Webinar: RevOps 101,email,SQL,2025-07-25,2025-07-27,,,,,,Marcus Lee,
L-10917,2026-04-13,Blue Analytics,Retail,201-1000,EMEA,Netherlands,Paid Search,Generic - Analytics,cpc,New,,,,,,,,,
L-11548,2025-05-23,Iron Group,Education,201-1000,EMEA,United Kingdom,Content Syndication,Ebook: State of Marketing,syndication,New,,,,,,,,,
L-12346,2025-04-29,Apex Partners,Media,1001-5000,North America,Canada,Referral,Partner Referral,referral,MQL,2025-05-02,,,,,,,,
L-12416,2025-06-17,Vertex Labs,Education,201-1000,North America,Canada,Content Syndication,Ebook: State of Marketing,syndication,Disqualified,,,,,,,,,
L-10847,2025-10-09,Bright Group,Healthcare,1-50,APAC,Singapore,Paid Search,Generic - Analytics,cpc,New,,,,,,,,,
L-10316,2026-04-03,Nova Learning,Media,1001-5000,EMEA,Germany,Paid Search,Generic - Analytics,cpc,New,,,,,,,,,
L-11528,2025-08-14,Harbor Labs,Logistics,51-200,North America,Canada,Paid Search,Brand Search Q,cpc,New,,,,,,,,,
L-11928,2026-06-16,Echo Learning,SaaS,1001-5000,North America,United States,Webinar,Webinar: 2026 Benchmarks,email,New,,,,,,,,,
L-10906,2025-09-30,Nova Group,SaaS,1001-5000,North America,Canada,Paid Social,Meta Retargeting,paid_social,New,,,,,,,,,
L-12489,2026-02-14,Maple Group,Logistics,51-200,North America,United States,Paid Search,Brand Search Q,,New,,,,,,,,,
L-12060,2026-01-05,Vertex Health,SaaS,1-50,EMEA,United Kingdom,Organic Search,SEO - Blog,organic,New,,,,,,,,,
L-11773,2026-06-01,Silver Systems,Retail,51-200,North America,Canada,Content Syndication,Ebook: State of Marketing,syndication,New,,,,,,,,,
L-11650,2025-04-10,Lumen Logistics,Media,1-50,North America,United States,Outbound,SDR Outbound - Enterprise,,MQL,2025-04-18,,,,,,,,
L-11768,2025-05-31,Summit Health,Manufacturing,1-50,EMEA,Netherlands,Paid Social,LinkedIn Lead Gen,paid_social,SQL,2025-06-18,2025-07-17,,,,,,Priya Shah,
L-12030,2026-04-28,Blue Systems,Healthcare,1001-5000,North America,Canada,Referral,Customer Referral,referral,Converted,2026-05-13,2026-06-12,OPP-7030,2026-06-14,Discovery,38000,2026-07-14,Priya Shah,
L-12313,2025-10-12,Clear Health,SaaS,51-200,North America,United States,Events,Customer Dinner Series,event,Disqualified,,,,,,,,,
L-12486,2026-03-17,Vertex Labs,Retail,1-50,North America,United States,Paid Search,Brand Search Q,cpc,New,,,,,,,,,
L-11854,2025-09-20,Maple Retail,SaaS,51-200,North America,Canada,Events,SaaStr Booth,event,Converted,2025-09-29,2025-10-08,OPP-6854,2025-10-27,Closed Lost,9700,2026-02-01,Jake Chen,97
L-12498,2025-01-17,Pine Foods,Retail,201-1000,North America,Canada,Paid Search,Competitor Keywords,cpc,Disqualified,,,,,,,,,
L-11807,2025-04-15,Echo Labs,Healthcare,1001-5000,North America,United States,Paid Search,Brand Search Q,cpc,SQL,2025-04-22,2025-05-11,,,,,,Sofia Martinez,
L-10069,2025-10-02,Vertex Retail,Education,51-200,EMEA,Germany,Organic Search,SEO - Blog,organic,New,,,,,,,,,
L-11911,2025-04-05,Nova Networks,Manufacturing,51-200,EMEA,France,Paid Search,Competitor Keywords,cpc,MQL,2025-04-16,,,,,,,,
L-12363,2026-03-31,Atlas Labs,Healthcare,1-50,APAC,Singapore,Paid Search,Competitor Keywords,cpc,New,,,,,,,,,
L-11849,2025-01-17,Harbor Capital,Education,201-1000,EMEA,Germany,Webinar,Webinar: 2026 Benchmarks,email,New,,,,,,,,,
L-10011,2025-07-14,Iron Networks,SaaS,201-1000,North America,Canada,Webinar,Webinar: 2026 Benchmarks,email,MQL,2025-07-25,,,,,,,,
L-10802,2025-11-09,Crest Partners,Retail,51-200,North America,Canada,Content Syndication,Ebook: State of Marketing,syndication,New,,,,,,,,,
L-12065,2025-10-27,Orbit Media,Retail,1001-5000,EMEA,Netherlands,Paid Social,LinkedIn Lead Gen,paid_social,New,,,,,,,,,
L-10873,2026-02-10,Atlas Learning,Manufacturing,1001-5000,APAC,Singapore,Events,Customer Dinner Series,event,Converted,2026-03-02,2026-04-01,OPP-5873,2026-04-19,Closed Lost,63500,2026-06-30,Sofia Martinez,72
L-12499,2026-01-16,Cedar Robotics,Media,51-200,North America,Canada,Organic Search,SEO - Comparison Pages,organic,New,,,,,,,,,
L-11226,2025-07-05,Harbor Systems,Logistics,5000+,LATAM,Mexico,Events,Customer Dinner Series,event,Converted,2025-07-05,2025-07-16,OPP-6226,2025-07-19,Closed Lost,198500,2025-10-24,Jake Chen,97
L-11813,2025-12-10,Iron Health,SaaS,51-200,APAC,Singapore,Webinar,Webinar: Pipeline Masterclass,email,New,,,,,,,,,
L-11156,2025-02-28,Harbor Logistics,Manufacturing,201-1000,North America,Canada,Paid Search,Brand Search Q,cpc,Disqualified,,,,,,,,,
L-10549,2026-01-07,Crest Learning,SaaS,1001-5000,APAC,Japan,Event,SaaStr Booth,event,SQL,2026-01-11,2026-02-05,,,,,,Sofia Martinez,
L-10926,2026-05-12,Quartz Group,Manufacturing,51-200,North America,United States,Paid Search,Brand Search Q,cpc,New,,,,,,,,,
L-11035,2026-01-25,North Group,Logistics,51-200,North America,Canada,Referral,Partner Referral,referral,New,,,,,,,,,
L-10584,2025-12-22,Blue Partners,Healthcare,1-50,North America,United States,Referral,Partner Referral,referral,MQL,2026-01-05,,,,,,,,
L-11819,2025-10-14,Cedar Foods,Media,201-1000,North America,Canada,Paid Search,Brand Search Q,cpc,New,,,,,,,,,
L-11495,2026-01-17,Quartz Health,SaaS,1-50,EMEA,United Kingdom,Outbound,SDR Outbound - Enterprise,outbound,New,,,,,,,,,
L-12322,2026-06-28,Silver Group,Media,1-50,APAC,Singapore,Paid Search,Brand Search Q,cpc,SQL,2026-07-17,2026-08-14,,,,,,Jake Chen,
L-10381,2025-03-05,Vertex Systems,Logistics,1-50,North America,United States,Content Syndication,Ebook: State of Marketing,,New,,,,,,,,,
L-11443,2026-01-13,North Media,Logistics,1-50,North America,Canada,Webinar,Webinar: 2026 Benchmarks,email,New,,,,,,,,,
L-12000,2025-12-20,Atlas Networks,Financial Services,1-50,North America,United States,Events,Regional Roadshow,event,New,,,,,,,,,
L-10420,2025-12-12,Cedar Retail,SaaS,51-200,North America,United States,Referral,Customer Referral,referral,MQL,2025-12-18,,,,,,,,
L-10945,2025-02-15,Harbor Retail,Media,201-1000,North America,United States,Paid Search,Competitor Keywords,cpc,Converted,2025-02-19,2025-02-26,OPP-5945,2025-03-04,Closed Won,25700,2025-04-24,Sofia Martinez,51
L-11628,2025-01-11,Apex Group,Financial Services,51-200,North America,United States,Events,Regional Roadshow,event,New,,,,,,,,,
L-11346,2025-10-25,Nova Partners,Logistics,1001-5000,LATAM,Mexico,Organic Search,SEO - Comparison Pages,organic,Disqualified,,,,,,,,,
L-10800,2026-04-06,Harbor Media,Retail,201-1000,North America,Canada,Content Syndication,Whitepaper Syndication,syndication,New,,,,,,,,,
L-11507,2025-09-25,Pine Logistics,,1-50,LATAM,Brazil,Events,Customer Dinner Series,event,MQL,2025-10-15,,,,,,,,
L-12377,2025-07-28,Blue Works,Financial Services,1001-5000,North America,Canada,Webinar,Webinar: Pipeline Masterclass,email,SQL,2025-08-18,2025-09-14,,,,,,Marcus Lee,
L-10344,2026-04-11,Iron Works,Manufacturing,201-1000,APAC,Australia,Webinar,Webinar: RevOps 101,email,New,,,,,,,,,
L-11922,2026-05-13,Orbit Systems,Manufacturing,201-1000,North America,United States,Paid Search,Brand Search Q,cpc,New,,,,,,,,,
L-11912,2025-11-18,Quartz Labs,Healthcare,1-50,North America,United States,Paid Search,Brand Search Q,cpc,New,,,,,,,,,
L-10454,2026-04-15,Summit Labs,Healthcare,5000+,EMEA,United Kingdom,Paid Search,Brand Search Q,cpc,New,,,,,,,,,
L-10771,2026-02-08,Iron Labs,Financial Services,1-50,APAC,Singapore,Webinar,Webinar: Pipeline Masterclass,email,Converted,2026-02-10,2026-03-10,OPP-5771,2026-03-16,Closed Lost,9400,2026-06-01,Aisha Patel,77
L-11376,2025-03-23,Blue Logistics,Manufacturing,5000+,North America,United States,Paid Social,LinkedIn Lead Gen,paid_social,MQL,2025-03-23,,,,,,,,
L-10779,2026-06-17,Maple Systems,Financial Services,1-50,North America,United States,Content Syndication,Whitepaper Syndication,syndication,New,,,,,,,,,
L-12396,2025-10-15,Atlas Logistics,Media,51-200,North America,Canada,Content Syndication,Whitepaper Syndication,syndication,Disqualified,,,,,,,,,
L-10958,2026-02-19,Apex Group,Manufacturing,1-50,North America,Canada,Events,Regional Roadshow,event,MQL,2026-02-27,,,,,,,,
L-11653,2025-10-26,Maple Logistics,Retail,51-200,EMEA,Germany,Organic Search,SEO - Comparison Pages,organic,MQL,2025-11-10,,,,,,,,
L-11508,2025-07-27,Maple Capital,SaaS,1-50,North America,Canada,Content Syndication,Ebook: State of Marketing,syndication,New,,,,,,,,,
L-10300,2025-05-02,Apex Group,Education,51-200,EMEA,Germany,Paid Social,LinkedIn Lead Gen,paid_social,New,,,,,,,,,
L-11686,2026-05-16,Clear Partners,Manufacturing,201-1000,North America,United States,Organic Search,SEO - Blog,organic,Converted,2026-05-30,2026-06-10,OPP-6686,2026-06-14,Discovery,12100,2026-08-28,Marcus Lee,
L-10033,2025-11-23,Crest Works,Education,51-200,North America,Canada,Paid Search,Competitor Keywords,cpc,MQL,2025-11-29,,,,,,,,
L-10187,2026-05-20,Lumen Labs,SaaS,1-50,North America,Canada,Webinar,Webinar: RevOps 101,email,Disqualified,,,,,,,,,
L-11513,2025-12-13,Cedar Logistics,Education,201-1000,North America,United States,Referral,Customer Referral,referral,MQL,2025-12-28,,,,,,,,
L-11977,2025-03-26,Lumen Foods,Financial Services,5000+,North America,Canada,Paid Social,LinkedIn Lead Gen,paid_social,New,,,,,,,,,
L-10110,2025-02-24,Echo Foods,Financial Services,201-1000,North America,Canada,Paid Search,Brand Search Q,cpc,Disqualified,,,,,,,,,
L-10065,2026-01-01,Silver Retail,Logistics,1-50,North America,United States,Content Syndication,Ebook: State of Marketing,syndication,New,,,,,,,,,
L-12221,2025-11-09,Apex Media,SaaS,201-1000,North America,Canada,Paid Social,LinkedIn Lead Gen,paid_social,New,,,,,,,,,
L-12228,2026-03-18,Maple Systems,Logistics,201-1000,North America,Canada,Webinar,Webinar: 2026 Benchmarks,email,MQL,2026-03-22,,,,,,,,
L-11052,2026-06-25,Bright Group,Healthcare,1-50,LATAM,Brazil,Events,Regional Roadshow,event,SQL,2026-07-16,2026-07-31,,,,,,Aisha Patel,
L-10120,2026-01-13,Quartz Learning,Financial Services,1-50,North America,Canada,Events,Regional Roadshow,event,New,,,,,,,,,
L-10963,2025-12-13,Orbit Labs,Education,51-200,North America,Canada,Webinar,Webinar: 2026 Benchmarks,email,Converted,2025-12-27,2026-01-25,OPP-5963,2026-01-31,Closed Lost,23800,2026-05-16,Ben Carter,105
L-12423,2025-12-11,Silver Media,Manufacturing,201-1000,EMEA,France,Webinar,Webinar: 2026 Benchmarks,email,New,,,,,,,,,
L-10407,2026-06-20,Quartz Foods,Healthcare,201-1000,APAC,Australia,Organic Search,SEO - Blog,organic,New,,,,,,,,,
L-12014,2025-06-22,Quartz Partners,Education,201-1000,APAC,Japan,Organic Search,SEO - Blog,organic,New,,,,,,,,,
L-11338,2026-01-10,North Media,Education,5000+,EMEA,Germany,Paid Search,Competitor Keywords,cpc,MQL,2026-01-26,,,,,,,,
L-11357,2026-02-28,Nova Labs,Education,1-50,North America,Canada,Organic Search,SEO - Comparison Pages,organic,New,,,,,,,,,
L-11595,2026-04-24,Maple Works,Media,201-1000,APAC,Japan,Paid Search,Brand Search Q,cpc,MQL,2026-05-09,,,,,,,,
L-12239,2025-03-16,Nova Analytics,Healthcare,51-200,EMEA,France,Content Syndication,Whitepaper Syndication,syndication,New,,,,,,,,,
L-10742,2025-05-15,North Partners,Media,1-50,North America,Canada,Paid Search,Generic - Analytics,cpc,New,,,,,,,,,
L-12112,2026-02-08,Atlas Learning,Manufacturing,201-1000,EMEA,Netherlands,Outbound,SDR Outbound - Mid-Market,outbound,Disqualified,,,,,,,,,
L-10586,2025-05-12,Nova Partners,Retail,51-200,North America,United States,Paid Search,Competitor Keywords,cpc,Disqualified,,,,,,,,,
L-11524,2026-06-04,Crest Learning,Healthcare,1-50,North America,United States,Paid Search,Competitor Keywords,cpc,New,,,,,,,,,
L-11614,2026-02-17,Lumen Robotics,SaaS,1-50,North America,United States,Paid Search,Brand Search Q,cpc,New,,,,,,,,,
L-12077,2026-05-16,Crest Retail,Education,51-200,North America,United States,Webinar,Webinar: 2026 Benchmarks,email,New,,,,,,,,,
L-10713,2026-01-13,Vertex Logistics,SaaS,5000+,EMEA,United Kingdom,Webinar,Webinar: Pipeline Masterclass,email,MQL,2026-01-22,,,,,,,,
L-11153,2025-06-07,Blue Group,SaaS,1-50,EMEA,United Kingdom,Paid Search,Brand Search Q,cpc,New,,,,,,,,,
L-11140,2026-04-13,Maple Media,Healthcare,1-50,North America,Canada,Referral,Partner Referral,referral,New,,,,,,,,,
L-10412,2026-05-18,Crest Robotics,Financial Services,1001-5000,EMEA,France,Organic Search,SEO - Blog,organic,SQL,2026-05-21,2026-06-18,,,,,,Dana Okafor,
L-12201,2025-10-07,Atlas Robotics,Manufacturing,1-50,North America,Canada,Content Syndication,Whitepaper Syndication,syndication,New,,,,,,,,,
L-10592,2026-03-03,Echo Retail,Healthcare,1-50,North America,Canada,Webinar,Webinar: 2026 Benchmarks,email,MQL,2026-03-09,,,,,,,,
L-11961,2025-12-12,Pine Analytics,Retail,1-50,North America,Canada,Content Syndication,Whitepaper Syndication,syndication,New,,,,,,,,,
L-10690,2026-05-08,Apex Systems,Education,201-1000,EMEA,Germany,Webinar,Webinar: 2026 Benchmarks,email,New,,,,,,,,,
L-12475,2025-12-21,Maple Analytics,Manufacturing,1001-5000,APAC,Singapore,Paid Search,Generic - Analytics,cpc,SQL,2026-01-11,2026-01-16,,,,,,Marcus Lee,
L-10527,2025-10-30,Bright Foods,SaaS,1-50,EMEA,Germany,Content Syndication,Ebook: State of Marketing,syndication,New,,,,,,,,,
L-12171,2026-04-24,Silver Foods,Education,201-1000,EMEA,Germany,Webinar,Webinar: RevOps 101,email,MQL,2026-04-30,,,,,,,,
L-11222,2025-04-30,Apex Learning,Retail,51-200,EMEA,Netherlands,Webinar,Webinar: RevOps 101,email,New,,,,,,,,,
L-10467,2025-03-17,Nova Learning,Retail,51-200,EMEA,France,Webinar,Webinar: RevOps 101,email,New,,,,,,,,,
L-10850,2025-11-09,Maple Retail,Media,1-50,North America,United States,Paid Social,LinkedIn Lead Gen,paid_social,MQL,2025-11-24,,,,,,,,
L-11386,2026-04-11,Pine Partners,Media,51-200,North America,Canada,Content Syndication,Ebook: State of Marketing,syndication,New,,,,,,,,,
L-12090,2025-12-08,Iron Robotics,Logistics,1001-5000,North America,Canada,Paid Social,LinkedIn Lead Gen,paid_social,New,,,,,,,,,
L-12372,2026-01-20,Nova Analytics,Retail,1-50,LATAM,Brazil,Paid Social,Meta Retargeting,paid_social,New,,,,,,,,,
L-10605,2026-06-23,Maple Group,Healthcare,1-50,North America,United States,Paid Search,Generic - Analytics,cpc,New,,,,,,,,,
L-10905,2025-01-27,Lumen Labs,Education,1-50,APAC,Singapore,Paid Social,LinkedIn Thought Leadership,paid_social,New,,,,,,,,,
L-12469,2025-04-09,Iron Foods,Logistics,51-200,North America,United States,Paid Social,LinkedIn Thought Leadership,paid_social,New,,,,,,,,,
L-10243,2025-11-20,Cedar Labs,Media,201-1000,North America,Canada,Webinar,Webinar: Pipeline Masterclass,email,MQL,2025-11-27,,,,,,,,
L-10821,2025-08-28,Bright Health,Education,1001-5000,EMEA,Germany,Content Syndication,Whitepaper Syndication,syndication,New,,,,,,,,,
L-12373,2026-05-31,Bright Retail,Retail,51-200,EMEA,France,Organic Search,SEO - Comparison Pages,organic,Disqualified,,,,,,,,,
L-11160,2026-05-22,Silver Foods,Logistics,51-200,North America,Canada,Paid Social,Meta Retargeting,paid_social,New,,,,,,,,,
L-10722,2026-02-05,Maple Works,Financial Services,51-200,EMEA,Netherlands,PPC,Brand Search Q,cpc,MQL,2026-02-18,,,,,,,,
L-10667,2026-06-27,Cedar Partners,Logistics,1-50,EMEA,Germany,Paid Search,Competitor Keywords,cpc,MQL,2026-06-28,,,,,,,,
L-10212,2026-02-04,Vertex Partners,Financial Services,51-200,North America,Canada,Organic Search,SEO - Blog,organic,New,,,,,,,,,
L-10313,2026-06-21,Cedar Learning,Healthcare,5000+,North America,Canada,Webinar,Webinar: RevOps 101,email,MQL,2026-07-09,,,,,,,,
L-10346,2025-12-19,Apex Retail,Financial Services,51-200,EMEA,United Kingdom,Referral,Customer Referral,referral,MQL,2025-12-30,,,,,,,,
L-12029,2025-12-19,Pine Works,SaaS,5000+,APAC,Australia,Paid Search,Brand Search Q,cpc,MQL,2026-01-07,,,,,,,,
L-10962,2026-06-18,Cedar Logistics,Healthcare,1-50,North America,Canada,Paid Social,LinkedIn Thought Leadership,paid_social,New,,,,,,,,,
L-12022,2025-10-11,Silver Learning,SaaS,51-200,APAC,Singapore,Referral,Partner Referral,referral,MQL,2025-10-31,,,,,,,,
L-10636,2025-08-27,North Robotics,Logistics,201-1000,EMEA,United Kingdom,Referral,Customer Referral,referral,Converted,2025-09-09,2025-10-02,OPP-5636,2025-10-12,Closed Lost,56300,2025-11-24,Priya Shah,43
L-12349,2025-05-14,Apex Analytics,Education,1001-5000,North America,United States,Paid Search,Brand Search Q,,New,,,,,,,,,
L-10686,2025-04-03,Pine Media,Education,1-50,EMEA,Netherlands,Outbound,SDR Outbound - Mid-Market,outbound,New,,,,,,,,,
L-11081,2026-05-14,Silver Logistics,Media,201-1000,North America,United States,Organic Search,SEO - Comparison Pages,organic,MQL,2026-06-03,,,,,,,,
L-10474,2026-03-16,Blue Robotics,SaaS,51-200,EMEA,Netherlands,Paid Search,Competitor Keywords,cpc,MQL,2026-03-26,,,,,,,,
L-10002,2026-02-15,Pine Media,SaaS,51-200,North America,United States,Content Syndication,Whitepaper Syndication,syndication,New,,,,,,,,,
L-11497,2026-02-22,Apex Partners,Education,1001-5000,EMEA,Germany,Outbound,SDR Outbound - Enterprise,outbound,New,,,,,,,,,
L-10183,2025-04-17,Lumen Analytics,Financial Services,1001-5000,EMEA,Germany,Paid Social,Meta Retargeting,paid_social,MQL,2025-05-05,,,,,,,,
L-11261,2026-03-19,Echo Labs,Financial Services,51-200,EMEA,France,Organic Search,SEO - Comparison Pages,organic,MQL,2026-03-22,,,,,,,,
L-11484,2025-05-10,North Capital,Financial Services,51-200,North America,United States,Paid Search,Brand Search Q,cpc,New,,,,,,,,,
L-12491,2025-02-06,Silver Robotics,Media,1-50,North America,United States,Content Syndication,Whitepaper Syndication,syndication,New,,,,,,,,,
L-11196,2025-06-30,Vertex Labs,Manufacturing,51-200,LATAM,Mexico,Outbound,SDR Outbound - Enterprise,outbound,New,,,,,,,,,
L-11146,2025-07-28,Echo Partners,Healthcare,201-1000,North America,United States,Webinar,Webinar: RevOps 101,email,MQL,2025-08-18,,,,,,,,
L-11930,2025-09-26,North Systems,Media,1001-5000,North America,United States,Paid Social,Meta Retargeting,paid_social,New,,,,,,,,,
L-10506,2025-04-26,Summit Health,Retail,1-50,North America,United States,Organic Search,SEO - Blog,organic,New,,,,,,,,,
L-11824,2025-06-22,Clear Retail,Education,51-200,LATAM,Mexico,Content Syndication,Ebook: State of Marketing,syndication,MQL,2025-07-07,,,,,,,,
L-11090,2026-04-21,Blue Retail,Education,51-200,North America,United States,Paid Search,Brand Search Q,cpc,New,,,,,,,,,
L-11390,2026-05-28,Nova Capital,Healthcare,201-1000,LATAM,Brazil,Paid Social,Meta Retargeting,paid_social,New,,,,,,,,,
L-12230,2025-05-06,Cedar Capital,Logistics,201-1000,North America,Canada,Content Syndication,Whitepaper Syndication,syndication,New,,,,,,,,,
L-11164,2025-05-12,Silver Logistics,Education,201-1000,APAC,Japan,Webinar,Webinar: RevOps 101,email,New,,,,,,,,,
L-11698,2025-07-06,Echo Retail,Retail,201-1000,North America,United States,Events,Customer Dinner Series,event,Converted,2025-07-13,2025-08-05,OPP-6698,2025-08-13,Closed Lost,24300,2025-10-04,Aisha Patel,52
L-12288,2025-05-01,Apex Works,Education,1-50,North America,Canada,Paid Social,Meta Retargeting,paid_social,New,,,,,,,,,
L-12117,2026-02-24,Maple Partners,Financial Services,201-1000,EMEA,Netherlands,Events,SaaStr Booth,event,SQL,2026-03-08,2026-04-02,,,,,,Aisha Patel,
L-12455,2026-01-13,North Analytics,Retail,1-50,APAC,Australia,Content Syndication,Whitepaper Syndication,syndication,New,,,,,,,,,
L-10856,2025-12-08,Summit Learning,Education,201-1000,North America,Canada,Outbound,SDR Outbound - Mid-Market,,MQL,2025-12-08,,,,,,,,
L-11013,2026-02-27,Bright Media,Financial Services,1-50,APAC,Australia,Events,Regional Roadshow,event,MQL,2026-03-11,,,,,,,,
L-10610,2025-04-06,Clear Retail,Logistics,1001-5000,North America,United States,Content Syndication,Ebook: State of Marketing,syndication,New,,,,,,,,,
L-10458,2026-04-25,Maple Robotics,Healthcare,51-200,North America,United States,Content Syndication,Whitepaper Syndication,syndication,New,,,,,,,,,
L-10938,2025-07-04,Pine Robotics,Retail,51-200,APAC,Australia,Webinar,Webinar: 2026 Benchmarks,email,SQL,2025-07-18,2025-08-04,,,,,,Jake Chen,
L-11324,2026-05-25,Quartz Logistics,Financial Services,51-200,North America,United States,Paid Social,LinkedIn Thought Leadership,paid_social,New,,,,,,,,,
L-10826,2026-01-19,Apex Group,Media,51-200,LATAM,Brazil,Organic Search,SEO - Blog,organic,MQL,2026-02-01,,,,,,,,
L-10076,2025-03-23,Silver Labs,Media,51-200,North America,Canada,Paid Social,LinkedIn Lead Gen,paid_social,New,,,,,,,,,
L-11572,2025-10-05,Summit Systems,Healthcare,1-50,North America,United States,Content Syndication,Ebook: State of Marketing,syndication,New,,,,,,,,,
L-11375,2026-02-17,Lumen Logistics,Financial Services,51-200,EMEA,Germany,Paid Search,Competitor Keywords,cpc,New,,,,,,,,,
L-12264,2025-12-21,Maple Foods,Manufacturing,5000+,North America,United States,Paid Search,Generic - Analytics,cpc,New,,,,,,,,,
L-10830,2025-06-28,Silver Learning,Manufacturing,201-1000,North America,United States,Paid search,Brand Search Q,cpc,MQL,2025-07-17,,,,,,,,
L-11074,2026-02-17,Bright Capital,Retail,51-200,North America,United States,Content Syndication,Whitepaper Syndication,syndication,MQL,2026-02-18,,,,,,,,
L-11330,2025-12-25,Orbit Learning,Manufacturing,1-50,LATAM,Mexico,Paid Search,Brand Search Q,cpc,New,,,,,,,,,
L-11509,2025-04-18,Apex Capital,Media,51-200,APAC,Singapore,Paid Social,LinkedIn Lead Gen,paid_social,MQL,2025-04-28,,,,,,,,
L-11982,2025-04-28,Blue Media,Media,201-1000,LATAM,Mexico,Webinar,Webinar: Pipeline Masterclass,email,New,,,,,,,,,
L-10893,2026-05-31,Harbor Capital,Logistics,1001-5000,EMEA,Netherlands,Paid Search,Competitor Keywords,cpc,MQL,2026-06-16,,,,,,,,
L-10812,2025-10-24,Cedar Works,Healthcare,51-200,EMEA,Netherlands,Referral,Customer Referral,referral,Converted,2025-11-04,2025-11-26,OPP-5812,2025-11-28,Closed Won,,2025-12-19,Marcus Lee,21
L-10024,2025-05-21,North Systems,Media,51-200,North America,Canada,Webinar,Webinar: Pipeline Masterclass,email,MQL,2025-05-25,,,,,,,,
L-12145,2026-04-22,Pine Logistics,Education,5000+,North America,United States,Paid Search,Generic - Analytics,cpc,New,,,,,,,,,
L-11896,2025-07-02,Nova Health,Media,1-50,EMEA,United Kingdom,Webinar,Webinar: RevOps 101,email,New,,,,,,,,,
L-11835,2025-08-05,Echo Logistics,Retail,51-200,EMEA,Germany,Outbound,SDR Outbound - Mid-Market,outbound,Disqualified,,,,,,,,,
L-11490,2025-06-03,Iron Systems,Financial Services,1-50,North America,United States,Content Syndication,Whitepaper Syndication,syndication,New,,,,,,,,,
L-11403,2025-05-06,Orbit Logistics,Education,1001-5000,EMEA,Netherlands,Paid Social,Meta Retargeting,paid_social,MQL,2025-05-20,,,,,,,,
L-11395,2025-09-13,Pine Systems,Healthcare,201-1000,EMEA,Germany,Events,Regional Roadshow,event,New,,,,,,,,,
L-12178,2025-03-04,Crest Learning,Media,201-1000,North America,Canada,Webinar,Webinar: Pipeline Masterclass,email,MQL,2025-03-07,,,,,,,,
L-11597,2025-07-18,Summit Capital,Financial Services,1-50,North America,United States,Events,SaaStr Booth,event,New,,,,,,,,,
L-10744,2025-06-16,Cedar Logistics,Manufacturing,1-50,North America,Canada,Referral,Customer Referral,referral,Disqualified,,,,,,,,,
L-11635,2025-12-24,Summit Analytics,Retail,1001-5000,APAC,Japan,Referral,Customer Referral,,New,,,,,,,,,
L-12299,2026-04-01,Atlas Systems,Manufacturing,1001-5000,APAC,Japan,Paid Search,Brand Search Q,cpc,New,,,,,,,,,
L-10862,2025-08-13,Apex Retail,Media,201-1000,North America,Canada,Webinar,Webinar: Pipeline Masterclass,email,Disqualified,,,,,,,,,
L-11956,2026-04-03,Summit Partners,Manufacturing,1001-5000,North America,United States,Outbound,SDR Outbound - Enterprise,outbound,MQL,2026-04-06,,,,,,,,
L-11942,2026-03-22,Cedar Systems,Manufacturing,51-200,North America,Canada,Paid Search,Generic - Analytics,cpc,Disqualified,,,,,,,,,
L-11192,2026-01-06,Echo Partners,Manufacturing,201-1000,North America,Canada,Paid Search,Brand Search Q,cpc,Converted,2026-01-15,2026-01-21,OPP-6192,2026-01-28,Closed Lost,22700,2026-04-25,Tom Reilly,87
L-11552,2025-12-07,Orbit Health,Financial Services,51-200,North America,United States,Paid Social,LinkedIn Lead Gen,paid_social,New,,,,,,,,,
L-10767,2026-01-07,Vertex Partners,Logistics,1001-5000,LATAM,Mexico,Paid Search,Generic - Analytics,cpc,New,,,,,,,,,
L-12291,2025-03-05,Blue Systems,Logistics,1-50,North America,Canada,Outbound,SDR Outbound - Mid-Market,outbound,New,,,,,,,,,
L-11217,2026-01-16,Nova Retail,SaaS,51-200,North America,United States,Paid Search,Brand Search Q,cpc,New,,,,,,,,,
L-10194,2026-06-09,Pine Media,Logistics,201-1000,North America,Canada,Paid Social,LinkedIn Lead Gen,paid_social,New,,,,,,,,,
L-10338,2025-02-05,Pine Foods,Manufacturing,1-50,LATAM,Brazil,Webinar,Webinar: 2026 Benchmarks,email,New,,,,,,,,,
L-10488,2026-05-09,Orbit Health,Financial Services,1-50,North America,United States,Organic Search,SEO - Comparison Pages,organic,Disqualified,,,,,,,,,
L-10047,2025-12-16,Silver Foods,,1-50,EMEA,United Kingdom,Events,Regional Roadshow,event,Converted,2026-01-06,2026-01-24,OPP-5047,2026-02-07,Closed Lost,13300,2026-04-05,Jake Chen,57
L-10763,2026-05-23,Maple Group,Financial Services,201-1000,North America,Canada,Referral,Partner Referral,referral,New,,,,,,,,,
L-11421,2025-09-10,Lumen Group,Manufacturing,1-50,EMEA,United Kingdom,Paid Social,LinkedIn Lead Gen,,New,,,,,,,,,
L-10165,2026-02-09,Silver Group,Retail,1-50,APAC,Australia,Paid Social,LinkedIn Lead Gen,paid_social,New,,,,,,,,,
L-12432,2025-12-12,Atlas Labs,Financial Services,51-200,North America,United States,Content Syndication,Ebook: State of Marketing,syndication,New,,,,,,,,,
L-11873,2026-02-06,Orbit Learning,Manufacturing,51-200,EMEA,United Kingdom,Webinar,Webinar: 2026 Benchmarks,email,New,,,,,,,,,
L-10446,2026-01-13,Lumen Logistics,Retail,51-200,North America,United States,Events,Regional Roadshow,event,SQL,2026-01-23,2026-02-16,,,,,,Aisha Patel,
L-11767,2025-05-16,Blue Learning,Retail,1001-5000,EMEA,United Kingdom,Paid Search,Brand Search Q,cpc,Disqualified,,,,,,,,,
L-11061,2026-01-02,Quartz Systems,Education,51-200,North America,Canada,Organic Search,SEO - Comparison Pages,organic,MQL,2026-01-11,,,,,,,,
L-11377,2026-05-18,Atlas Group,Media,51-200,APAC,Singapore,Organic Search,SEO - Blog,organic,MQL,2026-06-05,,,,,,,,
L-11387,2025-12-14,Crest Retail,Logistics,201-1000,North America,United States,Content Syndication,Whitepaper Syndication,syndication,MQL,2026-01-03,,,,,,,,
L-11890,2026-03-13,Quartz Foods,Logistics,201-1000,North America,United States,Webinar,Webinar: 2026 Benchmarks,email,MQL,2026-03-17,,,,,,,,
L-11244,2025-08-16,Cedar Labs,Education,201-1000,APAC,Singapore,Paid Social,Meta Retargeting,paid_social,New,,,,,,,,,
L-11257,2025-12-23,Cedar Networks,Healthcare,1-50,EMEA,France,Referral,Customer Referral,referral,MQL,2025-12-27,,,,,,,,
L-10936,2025-10-11,Iron Group,SaaS,1-50,EMEA,Germany,Paid Search,Brand Search Q,cpc,MQL,2025-10-22,,,,,,,,
L-12233,2025-12-26,Nova Analytics,Healthcare,51-200,LATAM,Mexico,Referral,Partner Referral,referral,Converted,2026-01-09,2026-01-12,OPP-7233,2026-01-23,Closed Lost,24500,2026-04-17,Priya Shah,84
L-10453,2025-07-25,Iron Retail,Financial Services,51-200,North America,United States,Paid Social,LinkedIn Thought Leadership,paid_social,New,,,,,,,,,
L-10078,2026-01-27,Bright Robotics,SaaS,201-1000,APAC,Singapore,Content Syndication,Whitepaper Syndication,syndication,MQL,2026-02-07,,,,,,,,
L-11172,2025-06-28,Nova Logistics,Logistics,1-50,APAC,Japan,Organic Search,SEO - Blog,organic,New,,,,,,,,,
L-11645,2025-06-13,Orbit Group,Media,201-1000,EMEA,United Kingdom,Webinar,Webinar: 2026 Benchmarks,email,New,,,,,,,,,
L-11302,2026-03-26,North Foods,SaaS,51-200,EMEA,Germany,Paid Social,Meta Retargeting,paid_social,Disqualified,,,,,,,,,
L-10438,2026-01-27,Maple Systems,SaaS,201-1000,North America,Canada,Paid Search,Brand Search Q,cpc,New,,,,,,,,,
L-11139,2026-03-26,Vertex Logistics,Education,51-200,EMEA,Netherlands,Organic Search,SEO - Blog,organic,MQL,2026-04-15,,,,,,,,
L-11078,2025-06-21,Silver Health,SaaS,201-1000,North America,Canada,Paid Search,Competitor Keywords,cpc,New,,,,,,,,,
L-10272,2026-03-07,Bright Media,Manufacturing,1001-5000,EMEA,France,Outbound,SDR Outbound - Mid-Market,outbound,MQL,2026-03-27,,,,,,,,
L-11487,2025-04-11,Atlas Group,Logistics,51-200,EMEA,France,Outbound,SDR Outbound - Enterprise,outbound,MQL,2025-04-29,,,,,,,,
L-10539,2025-03-25,Crest Retail,Logistics,201-1000,EMEA,Germany,Content Syndication,Ebook: State of Marketing,syndication,New,,,,,,,,,
L-11923,2025-07-01,Crest Analytics,Retail,201-1000,North America,Canada,Organic Search,SEO - Comparison Pages,organic,MQL,2025-07-05,,,,,,,,
L-11264,2025-02-08,Vertex Group,Education,201-1000,APAC,Australia,Paid Search,Competitor Keywords,cpc,New,,,,,,,,,
L-12293,2025-08-15,Pine Health,SaaS,201-1000,North America,United States,Organic Search,SEO - Comparison Pages,organic,MQL,2025-09-01,,,,,,,,
L-11085,2026-04-29,Harbor Logistics,Financial Services,1-50,LATAM,Brazil,Paid Social,Meta Retargeting,paid_social,New,,,,,,,,,
L-11070,2025-11-08,North Foods,Media,51-200,North America,United States,Paid Search,Brand Search Q,cpc,New,,,,,,,,,
L-12404,2025-01-11,Pine Systems,SaaS,1-50,North America,Canada,Paid Search,Brand Search Q,cpc,MQL,2025-01-19,,,,,,,,
L-11234,2025-12-07,Blue Partners,Healthcare,201-1000,APAC,Singapore,Webinar,Webinar: Pipeline Masterclass,email,MQL,2025-12-11,,,,,,,,
L-11327,2026-01-29,Nova Group,SaaS,201-1000,EMEA,France,Paid Search,Brand Search Q,cpc,New,,,,,,,,,
L-12337,2026-03-25,Apex Networks,SaaS,1-50,North America,Canada,Events,SaaStr Booth,event,Converted,2026-03-29,2026-04-01,OPP-7337,2026-04-13,Closed Lost,7600,2026-06-11,Dana Okafor,59
L-10923,2026-01-07,Clear Analytics,Manufacturing,51-200,North America,Canada,Referral,Customer Referral,referral,MQL,2026-01-19,,,,,,,,
L-12139,2025-03-17,Nova Systems,Education,201-1000,North America,Canada,Paid Search,Brand Search Q,cpc,New,,,,,,,,,
L-11289,2026-03-10,Maple Foods,Manufacturing,1-50,North America,Canada,Webinar,Webinar: RevOps 101,email,Disqualified,,,,,,,,,
L-12401,2025-04-10,Maple Logistics,SaaS,1-50,EMEA,Germany,Paid Social,LinkedIn Thought Leadership,paid_social,MQL,2025-04-14,,,,,,,,
L-11461,2025-12-25,Apex Group,Financial Services,1001-5000,North America,Canada,Events,SaaStr Booth,event,Disqualified,,,,,,,,,
L-12459,2025-03-06,Quartz Group,Logistics,1-50,APAC,Singapore,Outbound,SDR Outbound - Mid-Market,outbound,New,,,,,,,,,
L-10662,2026-05-16,Quartz Health,Manufacturing,1001-5000,North America,United States,Paid Search,Generic - Analytics,cpc,New,,,,,,,,,
L-10062,2025-05-08,Apex Retail,Education,201-1000,North America,Canada,Webinar,Webinar: 2026 Benchmarks,email,MQL,2025-05-11,,,,,,,,
L-10593,2026-06-29,Iron Foods,SaaS,51-200,EMEA,United Kingdom,Paid Social,Meta Retargeting,paid_social,New,,,,,,,,,
L-10892,2026-05-19,Quartz Learning,,201-1000,North America,United States,Webinar,Webinar: RevOps 101,email,New,,,,,,,,,
L-10323,2025-11-03,Cedar Networks,Healthcare,51-200,EMEA,United Kingdom,Organic Search,SEO - Blog,organic,New,,,,,,,,,
L-12151,2026-03-19,Summit Analytics,SaaS,51-200,EMEA,Netherlands,Paid Social,Meta Retargeting,paid_social,New,,,,,,,,,
L-11272,2025-06-18,Vertex Health,Education,1-50,North America,Canada,Organic Search,SEO - Comparison Pages,organic,Disqualified,,,,,,,,,
L-12332,2025-05-05,Quartz Health,SaaS,51-200,North America,United States,Paid Search,Generic - Analytics,cpc,New,,,,,,,,,
L-10456,2026-04-06,Blue Works,Logistics,1-50,North America,United States,Paid Social,LinkedIn Thought Leadership,paid_social,New,,,,,,,,,
L-11622,2025-12-28,Cedar Health,Financial Services,201-1000,North America,Canada,Webinar,Webinar: Pipeline Masterclass,email,New,,,,,,,,,
L-12381,2025-09-14,Lumen Systems,Financial Services,51-200,North America,United States,Referral,Partner Referral,referral,New,,,,,,,,,
L-11427,2026-02-21,Harbor Foods,Financial Services,51-200,North America,Canada,Referral,Customer Referral,referral,New,,,,,,,,,
L-12384,2025-05-13,Atlas Partners,Manufacturing,201-1000,North America,United States,Outbound,SDR Outbound - Enterprise,outbound,MQL,2025-05-31,,,,,,,,
L-11003,2025-01-19,Nova Works,Education,51-200,North America,Canada,Paid Social,LinkedIn Thought Leadership,paid_social,New,,,,,,,,,
L-10753,2025-06-25,North Capital,SaaS,1001-5000,North America,Canada,Paid Search,Brand Search Q,cpc,New,,,,,,,,,
L-10197,2025-03-10,Bright Labs,Healthcare,201-1000,North America,Canada,Organic Search,SEO - Blog,organic,New,,,,,,,,,
L-10296,2025-07-16,Echo Learning,Financial Services,201-1000,North America,Canada,Webinar,Webinar: Pipeline Masterclass,email,Converted,2025-08-04,2025-08-09,OPP-5296,2025-08-29,Closed Lost,24000,2025-10-14,Marcus Lee,46
L-11416,2026-02-12,Harbor Works,SaaS,51-200,North America,Canada,Paid Search,Competitor Keywords,cpc,MQL,2026-02-12,,,,,,,,
L-11704,2026-01-04,Harbor Capital,SaaS,1001-5000,EMEA,France,Paid Social,LinkedIn Lead Gen,paid_social,New,,,,,,,,,
L-11491,2025-04-03,Harbor Works,Healthcare,51-200,North America,Canada,Webinar,Webinar: Pipeline Masterclass,email,New,,,,,,,,,
L-10620,2025-02-23,Blue Analytics,Healthcare,201-1000,APAC,Australia,Paid Search,Generic - Analytics,cpc,Disqualified,,,,,,,,,
L-10630,2026-05-05,Blue Learning,Manufacturing,51-200,APAC,Japan,Content Syndication,Whitepaper Syndication,syndication,MQL,2026-05-18,,,,,,,,
L-12408,2025-08-01,Nova Learning,Financial Services,51-200,North America,United States,Paid Search,Generic - Analytics,cpc,New,,,,,,,,,
L-11446,2026-06-17,Blue Robotics,Media,51-200,North America,Canada,Webinar,Webinar: 2026 Benchmarks,email,New,,,,,,,,,
L-11729,2026-02-01,Clear Works,Media,201-1000,North America,United States,Outbound,SDR Outbound - Mid-Market,outbound,New,,,,,,,,,
L-12166,2026-06-14,Maple Foods,Education,1-50,EMEA,Germany,Webinar,Webinar: RevOps 101,email,MQL,2026-06-25,,,,,,,,
L-10606,2025-12-06,Crest Works,Retail,51-200,North America,Canada,Paid Search,Competitor Keywords,cpc,MQL,2025-12-24,,,,,,,,
L-10791,2025-02-15,Silver Health,Retail,51-200,LATAM,Mexico,Referral,Customer Referral,referral,MQL,2025-03-04,,,,,,,,
L-11286,2025-03-16,North Logistics,SaaS,51-200,APAC,Japan,Content Syndication,Ebook: State of Marketing,syndication,New,,,,,,,,,
L-11337,2026-04-05,Nova Media,Media,1001-5000,North America,Canada,Organic Search,SEO - Comparison Pages,organic,SQL,2026-04-24,2026-05-23,,,,,,Dana Okafor,
L-12118,2025-08-29,Harbor Group,Logistics,51-200,LATAM,Brazil,Events,Regional Roadshow,event,MQL,2025-09-15,,,,,,,,
L-10034,2026-03-24,Silver Networks,Education,201-1000,EMEA,United Kingdom,Outbound,SDR Outbound - Enterprise,outbound,New,,,,,,,,,
L-11107,2025-05-16,Nova Learning,Retail,51-200,EMEA,Germany,Paid Search,Competitor Keywords,cpc,New,,,,,,,,,
L-10894,2025-07-04,North Works,Media,1-50,North America,Canada,Events,Regional Roadshow,event,MQL,2025-07-09,,,,,,,,
L-11350,2025-01-24,Apex Capital,Logistics,51-200,North America,United States,Paid Search,Brand Search Q,cpc,New,,,,,,,,,
L-11171,2025-05-31,Echo Labs,Financial Services,201-1000,North America,United States,Event,Customer Dinner Series,event,New,,,,,,,,,
L-10863,2025-11-08,Orbit Group,SaaS,51-200,North America,United States,Paid Search,Competitor Keywords,cpc,New,,,,,,,,,
L-10978,2025-06-05,Blue Analytics,Education,201-1000,North America,Canada,Referral,Customer Referral,referral,MQL,2025-06-10,,,,,,,,
L-10233,2025-07-03,Summit Networks,Education,51-200,North America,Canada,paid_social,LinkedIn Thought Leadership,paid_social,New,,,,,,,,,
L-11388,2025-06-09,Crest Media,Manufacturing,201-1000,APAC,Japan,Content Syndication,Ebook: State of Marketing,syndication,New,,,,,,,,,
L-11408,2025-08-07,Orbit Networks,Healthcare,1-50,North America,Canada,Outbound,SDR Outbound - Mid-Market,outbound,New,,,,,,,,,
L-12341,2026-04-17,Nova Networks,Logistics,51-200,EMEA,Germany,Webinar,Webinar: 2026 Benchmarks,email,Converted,2026-04-29,2026-05-07,OPP-7341,2026-05-15,Proposal,14700,2026-08-22,Sofia Martinez,
L-12061,2025-09-23,Crest Analytics,Logistics,1001-5000,APAC,Japan,Paid Search,Competitor Keywords,cpc,New,,,,,,,,,
L-12261,2026-01-19,North Systems,Healthcare,5000+,North America,Canada,Paid Search,Generic - Analytics,cpc,New,,,,,,,,,
L-11315,2026-05-04,Bright Capital,,201-1000,APAC,Singapore,Referral,Customer Referral,referral,SQL,2026-05-21,2026-06-18,,,,,,Ben Carter,
L-12292,2025-09-07,Apex Labs,Manufacturing,201-1000,EMEA,Netherlands,Organic Search,SEO - Comparison Pages,organic,SQL,2025-09-21,2025-10-16,,,,,,Priya Shah,
L-11641,2025-04-05,Crest Logistics,Healthcare,201-1000,North America,United States,Paid Social,LinkedIn Lead Gen,paid_social,New,,,,,,,,,
L-11073,2025-12-20,Cedar Labs,Healthcare,1-50,North America,United States,Paid Social,Meta Retargeting,paid_social,Disqualified,,,,,,,,,
L-11214,2026-04-04,Blue Networks,Retail,201-1000,North America,United States,Webinar,Webinar: Pipeline Masterclass,email,New,,,,,,,,,
L-10207,2025-08-11,Apex Analytics,SaaS,201-1000,North America,United States,Paid Search,Brand Search Q,cpc,New,,,,,,,,,
L-10901,2025-06-26,Silver Health,Retail,201-1000,EMEA,United Kingdom,Paid Search,Generic - Analytics,cpc,New,,,,,,,,,
L-11958,2026-06-26,Harbor Media,Media,51-200,EMEA,Germany,Webinar,Webinar: Pipeline Masterclass,email,New,,,,,,,,,
L-10952,2025-06-22,Atlas Networks,Education,201-1000,APAC,Singapore,Webinar,Webinar: RevOps 101,email,MQL,2025-07-09,,,,,,,,
L-10552,2026-04-25,Lumen Robotics,Education,201-1000,APAC,Japan,Paid Search,Generic - Analytics,cpc,New,,,,,,,,,
L-10026,2025-04-18,North Robotics,Education,51-200,APAC,Australia,Paid Search,Generic - Analytics,cpc,MQL,2025-04-21,,,,,,,,
L-12266,2026-02-02,Apex Analytics,SaaS,1-50,North America,United States,Paid Social,LinkedIn Lead Gen,paid_social,New,,,,,,,,,
L-11282,2026-05-07,Maple Capital,Manufacturing,201-1000,APAC,Australia,PPC,Generic - Analytics,cpc,MQL,2026-05-14,,,,,,,,
L-12207,2025-11-27,Pine Capital,Logistics,51-200,APAC,Australia,Paid Search,Generic - Analytics,cpc,New,,,,,,,,,
L-11825,2025-05-17,North Logistics,Media,51-200,LATAM,Brazil,Paid Search,Generic - Analytics,cpc,New,,,,,,,,,
L-10998,2025-08-18,Echo Learning,SaaS,5000+,North America,United States,Paid Search,Brand Search Q,cpc,New,,,,,,,,,
L-11323,2025-11-26,Orbit Networks,Logistics,1-50,North America,United States,Paid Search,Generic - Analytics,cpc,Disqualified,,,,,,,,,
L-10738,2025-07-29,Vertex Health,Healthcare,1001-5000,North America,United States,Content Syndication,Ebook: State of Marketing,syndication,MQL,2025-08-09,,,,,,,,
L-10262,2025-02-25,Vertex Retail,Media,1-50,North America,United States,Paid Social,Meta Retargeting,paid_social,New,,,,,,,,,
L-10169,2025-02-18,Vertex Analytics,SaaS,201-1000,EMEA,Germany,Organic Search,SEO - Blog,organic,MQL,2025-03-01,,,,,,,,
L-11569,2025-12-31,Pine Labs,Media,1001-5000,North America,Canada,Events,Customer Dinner Series,event,MQL,2026-01-17,,,,,,,,
L-11300,2025-03-14,Apex Robotics,Retail,201-1000,North America,United States,Webinar,Webinar: RevOps 101,email,SQL,2025-03-27,2025-04-24,,,,,,Dana Okafor,
L-10817,2025-01-06,North Robotics,SaaS,1-50,LATAM,Mexico,Organic Search,SEO - Blog,organic,MQL,2025-01-09,,,,,,,,
L-10752,2026-06-20,Harbor Capital,Education,1-50,North America,Canada,Outbound,SDR Outbound - Enterprise,outbound,New,,,,,,,,,
L-10576,2026-01-18,Blue Group,SaaS,5000+,EMEA,Netherlands,Organic Search,SEO - Comparison Pages,organic,New,,,,,,,,,
L-11093,2025-10-24,Apex Media,Education,1001-5000,APAC,Japan,Paid Social,LinkedIn Lead Gen,paid_social,MQL,2025-10-28,,,,,,,,
L-10432,2026-01-09,Silver Networks,Education,51-200,North America,United States,Content Syndication,Ebook: State of Marketing,syndication,New,,,,,,,,,
L-11054,2025-08-24,Blue Group,Media,5000+,North America,Canada,Paid Search,Brand Search Q,cpc,New,,,,,,,,,
L-12216,2026-02-11,Echo Retail,Manufacturing,1-50,North America,Canada,Webinar,Webinar: 2026 Benchmarks,email,SQL,2026-03-04,2026-03-26,,,,,,Sofia Martinez,
L-11818,2026-02-22,Clear Networks,Logistics,1-50,North America,Canada,Webinar,Webinar: Pipeline Masterclass,email,New,,,,,,,,,
L-11101,2025-10-11,Vertex Partners,SaaS,51-200,North America,United States,Referral,Customer Referral,referral,Converted,2025-10-31,2025-11-13,OPP-6101,2025-11-19,Closed Won,18800,2026-01-21,Priya Shah,63
L-12318,2026-04-09,Quartz Logistics,Manufacturing,1-50,North America,Canada,Paid Search,Brand Search Q,cpc,New,,,,,,,,,
L-11295,2026-01-07,Silver Labs,Manufacturing,1-50,EMEA,Germany,Webinar,Webinar: Pipeline Masterclass,email,Disqualified,,,,,,,,,
L-10254,2025-01-28,Quartz Networks,Education,51-200,APAC,Japan,Events,SaaStr Booth,event,Disqualified,,,,,,,,,
L-11399,2025-01-25,Apex Foods,Financial Services,51-200,North America,United States,Organic Search,SEO - Comparison Pages,organic,New,,,,,,,,,
L-12441,2025-08-07,Clear Analytics,Manufacturing,1-50,North America,United States,Paid Search,Competitor Keywords,cpc,MQL,2025-08-22,,,,,,,,
L-11560,2026-03-18,Cedar Learning,Financial Services,1-50,EMEA,France,Organic Search,SEO - Comparison Pages,organic,New,,,,,,,,,
L-11817,2026-06-20,Echo Learning,Healthcare,1001-5000,North America,Canada,Content Syndication,Ebook: State of Marketing,syndication,New,,,,,,,,,
L-11947,2025-07-14,Crest Networks,Media,201-1000,North America,Canada,Organic Search,SEO - Blog,organic,MQL,2025-07-15,,,,,,,,
L-10392,2026-03-25,Apex Foods,Manufacturing,201-1000,North America,United States,Paid Search,Brand Search Q,cpc,Disqualified,,,,,,,,,
L-10405,2025-11-24,Blue Partners,SaaS,5000+,EMEA,France,Webinar,Webinar: Pipeline Masterclass,email,MQL,2025-11-30,,,,,,,,
L-12450,2025-09-26,Atlas Robotics,Financial Services,201-1000,North America,Canada,Paid Search,Brand Search Q,cpc,MQL,2025-09-27,,,,,,,,
L-10023,2026-05-04,Silver Works,SaaS,1-50,APAC,Japan,Paid Social,LinkedIn Thought Leadership,paid_social,Converted,2026-05-25,2026-06-24,OPP-5023,2026-06-28,Proposal,12500,2026-08-14,Dana Okafor,
L-10913,2025-07-01,Quartz Partners,Manufacturing,51-200,EMEA,Netherlands,Paid Search,Brand Search Q,cpc,MQL,2025-07-14,,,,,,,,
L-11522,2026-01-03,Orbit Systems,SaaS,1-50,North America,Canada,Paid Social,Meta Retargeting,paid_social,New,,,,,,,,,
L-10419,2025-04-29,Summit Retail,Logistics,1001-5000,EMEA,United Kingdom,Paid Social,LinkedIn Thought Leadership,paid_social,New,,,,,,,,,
L-12458,2025-05-05,Crest Retail,Financial Services,1-50,EMEA,Germany,Paid Social,LinkedIn Thought Leadership,paid_social,New,,,,,,,,,
L-11836,2025-02-16,Blue Networks,SaaS,5000+,North America,Canada,Paid Search,Competitor Keywords,cpc,MQL,2025-03-07,,,,,,,,
L-11917,2026-02-09,Vertex Networks,Retail,51-200,North America,United States,Paid Search,Brand Search Q,cpc,Disqualified,,,,,,,,,
L-12338,2025-10-21,Quartz Learning,Logistics,201-1000,North America,United States,Paid Social,LinkedIn Thought Leadership,paid_social,New,,,,,,,,,
L-12283,2025-05-14,Summit Works,Manufacturing,1001-5000,North America,United States,Organic Search,SEO - Blog,organic,MQL,2025-05-21,,,,,,,,
L-11342,2026-06-22,Crest Partners,Education,51-200,EMEA,France,Referral,Customer Referral,referral,SQL,2026-06-26,2026-07-17,,,,,,Marcus Lee,
L-10292,2025-04-30,Maple Works,Education,51-200,North America,Canada,Events,Customer Dinner Series,event,New,,,,,,,,,
L-10640,2025-08-16,Quartz Analytics,Education,51-200,North America,Canada,Webinar,Webinar: 2026 Benchmarks,email,New,,,,,,,,,
L-11197,2026-04-18,Summit Robotics,Healthcare,5000+,North America,Canada,Paid Search,Competitor Keywords,cpc,New,,,,,,,,,
L-11420,2026-03-19,Maple Media,SaaS,51-200,North America,Canada,Paid Social,LinkedIn Lead Gen,paid_social,MQL,2026-03-30,,,,,,,,
L-11113,2025-12-13,Cedar Networks,Logistics,1-50,North America,Canada,Paid Social,LinkedIn Lead Gen,paid_social,New,,,,,,,,,
L-12069,2025-07-25,Quartz Retail,Logistics,1-50,North America,United States,Organic Search,SEO - Comparison Pages,organic,MQL,2025-08-13,,,,,,,,
L-10109,2026-06-25,Silver Partners,Media,201-1000,North America,Canada,Organic Search,SEO - Blog,organic,New,,,,,,,,,
L-11814,2025-04-29,Lumen Partners,Healthcare,201-1000,North America,Canada,Organic Search,SEO - Comparison Pages,organic,Converted,2025-05-10,2025-05-30,OPP-6814,2025-06-19,Closed Lost,87100,2025-08-24,Dana Okafor,66
L-11464,2025-11-27,Echo Analytics,Manufacturing,1001-5000,North America,Canada,Paid Search,Brand Search Q,cpc,MQL,2025-11-29,,,,,,,,
L-11432,2025-01-14,Vertex Logistics,SaaS,201-1000,North America,Canada,Organic Search,SEO - Comparison Pages,organic,New,,,,,,,,,
L-11502,2026-03-03,Pine Logistics,Manufacturing,1-50,EMEA,United Kingdom,Organic Search,SEO - Comparison Pages,organic,MQL,2026-03-07,,,,,,,,
L-11990,2025-09-18,Silver Group,Financial Services,201-1000,North America,Canada,Outbound,SDR Outbound - Enterprise,outbound,New,,,,,,,,,
L-11689,2026-02-14,Cedar Logistics,Manufacturing,201-1000,North America,Canada,Paid Search,Competitor Keywords,cpc,New,,,,,,,,,
L-10966,2025-12-23,Bright Works,Manufacturing,1-50,North America,United States,Events,SaaStr Booth,event,New,,,,,,,,,
L-11470,2025-08-03,Silver Learning,SaaS,1-50,North America,United States,Content Syndication,Ebook: State of Marketing,syndication,MQL,2025-08-05,,,,,,,,
L-10470,2026-01-17,Bright Learning,Financial Services,201-1000,LATAM,Mexico,Referral,Customer Referral,referral,MQL,2026-01-19,,,,,,,,
L-11659,2025-10-12,Vertex Analytics,Media,201-1000,North America,United States,Webinar,Webinar: Pipeline Masterclass,email,MQL,2025-10-14,,,,,,,,
L-10478,2025-12-16,Silver Retail,Logistics,1-50,North America,United States,Organic Search,SEO - Blog,organic,MQL,2025-12-26,,,,,,,,
L-10073,2025-08-25,Iron Health,Financial Services,51-200,EMEA,United Kingdom,Paid Search,Generic - Analytics,cpc,New,,,,,,,,,
L-10209,2025-10-04,Pine Media,Healthcare,1-50,North America,United States,Organic Search,SEO - Blog,organic,MQL,2025-10-10,,,,,,,,
L-10426,2026-05-23,Silver Works,Financial Services,51-200,North America,Canada,Paid Search,Generic - Analytics,cpc,New,,,,,,,,,
L-11188,2026-06-05,North Group,Logistics,1001-5000,North America,Canada,Referral,Customer Referral,referral,Converted,2026-06-14,2026-07-02,OPP-6188,2026-07-18,Proposal,36300,2026-09-19,Ben Carter,
L-11538,2026-03-27,Lumen Learning,Manufacturing,201-1000,North America,United States,Outbound,SDR Outbound - Enterprise,outbound,New,,,,,,,,,
L-12277,2026-06-24,Maple Analytics,Media,1-50,North America,Canada,Paid Search,Generic - Analytics,cpc,MQL,2026-07-07,,,,,,,,
L-10382,2025-08-29,Vertex Media,Logistics,5000+,EMEA,Germany,Paid Search,Generic - Analytics,cpc,New,,,,,,,,,
L-12437,2025-08-02,Echo Media,Manufacturing,51-200,EMEA,Germany,Paid Search,Brand Search Q,cpc,New,,,,,,,,,
L-11381,2026-04-02,Blue Foods,Healthcare,51-200,North America,Canada,Content Syndication,Ebook: State of Marketing,syndication,New,,,,,,,,,
L-11019,2025-12-09,Vertex Capital,SaaS,1-50,APAC,Australia,Outbound,SDR Outbound - Enterprise,outbound,Converted,2025-12-29,2026-01-25,OPP-6019,2026-02-05,Closed Lost,4300,2026-04-06,Tom Reilly,60
L-10449,2025-05-30,Blue Media,Financial Services,201-1000,EMEA,Germany,Paid Search,Competitor Keywords,cpc,New,,,,,,,,,
L-11667,2025-06-29,Blue Works,Manufacturing,5000+,APAC,Singapore,Paid Search,Generic - Analytics,cpc,New,,,,,,,,,
L-11751,2025-12-27,Quartz Partners,Retail,1-50,North America,United States,Outbound,SDR Outbound - Mid-Market,outbound,New,,,,,,,,,
L-11706,2025-08-05,Iron Networks,Logistics,1-50,North America,United States,Paid Search,Competitor Keywords,cpc,MQL,2025-08-19,,,,,,,,
L-11611,2025-03-22,Summit Robotics,Logistics,5000+,North America,Canada,Paid Social,LinkedIn Lead Gen,paid_social,SQL,2025-03-28,2025-04-10,,,,,,Aisha Patel,
L-11834,2025-02-05,Vertex Capital,Manufacturing,1001-5000,North America,United States,Organic Search,SEO - Comparison Pages,organic,SQL,2025-02-05,2025-02-17,,,,,,Dana Okafor,
L-10287,2025-03-30,Echo Systems,Logistics,201-1000,EMEA,Germany,Paid Search,Generic - Analytics,cpc,MQL,2025-04-20,,,,,,,,
L-10954,2026-04-02,Silver Labs,Healthcare,51-200,North America,Canada,Content Syndication,Whitepaper Syndication,syndication,New,,,,,,,,,
L-11981,2025-06-05,Nova Group,SaaS,1-50,North America,Canada,Referral,Partner Referral,referral,MQL,2025-06-19,,,,,,,,
L-11065,2025-02-09,Silver Labs,Retail,1001-5000,North America,Canada,Paid Social,LinkedIn Lead Gen,paid_social,New,,,,,,,,,
L-11579,2026-05-03,Atlas Robotics,Logistics,51-200,North America,Canada,Content Syndication,Whitepaper Syndication,syndication,New,,,,,,,,,
L-11939,2025-12-27,Summit Group,Logistics,51-200,North America,United States,Organic Search,SEO - Comparison Pages,organic,New,,,,,,,,,
L-12394,2025-04-26,Harbor Partners,Retail,201-1000,North America,United States,Paid Search,Generic - Analytics,cpc,New,,,,,,,,,
L-10327,2026-01-09,Apex Group,Healthcare,201-1000,EMEA,France,Webinar,Webinar: RevOps 101,email,Converted,2026-01-11,2026-01-27,OPP-5327,2026-01-28,Closed Won,32500,2026-05-22,Aisha Patel,114
L-10820,2026-05-30,Bright Labs,Manufacturing,51-200,EMEA,United Kingdom,Referral,Customer Referral,referral,MQL,2026-06-18,,,,,,,,
L-11428,2025-04-05,Cedar Robotics,Manufacturing,201-1000,North America,Canada,Content Syndication,Whitepaper Syndication,syndication,MQL,2025-04-26,,,,,,,,
L-10727,2025-08-14,Maple Learning,Retail,51-200,LATAM,Mexico,Organic Search,SEO - Blog,organic,New,,,,,,,,,
L-12218,2025-09-09,Blue Robotics,SaaS,51-200,LATAM,Brazil,Organic Search,SEO - Comparison Pages,organic,New,,,,,,,,,
L-11092,2026-01-24,Lumen Partners,Education,51-200,APAC,Australia,Content Syndication,Whitepaper Syndication,syndication,New,,,,,,,,,
L-12237,2026-03-21,Quartz Group,Healthcare,51-200,EMEA,Netherlands,Events,Regional Roadshow,event,MQL,2026-04-06,,,,,,,,
L-12199,2025-05-02,Vertex Health,SaaS,1001-5000,EMEA,Germany,Events,Customer Dinner Series,event,MQL,2025-05-20,,,,,,,,
L-12039,2025-10-22,Clear Labs,Financial Services,1-50,APAC,Japan,Referral,Customer Referral,referral,Converted,2025-11-05,2025-12-01,OPP-7039,2025-12-19,Closed Won,13700,2025-12-29,Aisha Patel,10
L-12125,2025-02-12,Apex Networks,Logistics,201-1000,EMEA,Germany,Content Syndication,Ebook: State of Marketing,syndication,New,,,,,,,,,
L-10473,2025-04-15,Atlas Learning,Manufacturing,1-50,EMEA,United Kingdom,Content Syndication,Ebook: State of Marketing,syndication,MQL,2025-05-03,,,,,,,,
L-10890,2026-02-28,Iron Systems,Financial Services,1-50,North America,Canada,Paid Search,Competitor Keywords,cpc,MQL,2026-03-12,,,,,,,,
L-11009,2025-08-17,Blue Partners,Media,1-50,North America,Canada,Paid Social,LinkedIn Lead Gen,paid_social,New,,,,,,,,,
L-10279,2025-01-26,Clear Foods,Retail,1001-5000,EMEA,Germany,Paid Search,Generic - Analytics,cpc,MQL,2025-02-15,,,,,,,,
L-10398,2025-03-13,Cedar Media,Logistics,1001-5000,EMEA,Germany,Paid Social,Meta Retargeting,paid_social,New,,,,,,,,,
L-10428,2026-04-25,Clear Works,SaaS,51-200,North America,United States,Paid Social,LinkedIn Thought Leadership,paid_social,New,,,,,,,,,
L-11907,2025-02-02,Quartz Media,Financial Services,51-200,North America,United States,Paid Search,Competitor Keywords,cpc,New,,,,,,,,,
L-11230,2026-06-01,Iron Capital,Healthcare,1-50,North America,United States,Referral,Customer Referral,referral,SQL,2026-06-05,2026-07-03,,,,,,Tom Reilly,
L-10836,2025-04-18,Harbor Retail,SaaS,1-50,LATAM,Brazil,Organic Search,SEO - Comparison Pages,organic,SQL,2025-04-20,2025-05-04,,,,,,Marcus Lee,
L-11571,2025-12-12,Silver Learning,Manufacturing,51-200,EMEA,Germany,Content Syndication,Ebook: State of Marketing,syndication,New,,,,,,,,,
L-11893,2026-03-28,Summit Group,Manufacturing,51-200,North America,United States,Outbound,SDR Outbound - Mid-Market,outbound,SQL,2026-04-06,2026-04-15,,,,,,Marcus Lee,
L-11482,2025-12-10,Blue Partners,Logistics,51-200,North America,Canada,Outbound,SDR Outbound - Mid-Market,outbound,New,,,,,,,,,
L-12017,2025-10-14,Crest Partners,Financial Services,51-200,North America,United States,Organic Search,SEO - Comparison Pages,organic,New,,,,,,,,,
L-10430,2025-10-28,Echo Logistics,Manufacturing,51-200,APAC,Australia,Content Syndication,Ebook: State of Marketing,syndication,MQL,2025-11-11,,,,,,,,
L-11802,2025-07-13,Blue Capital,SaaS,51-200,EMEA,Netherlands,Paid Social,LinkedIn Lead Gen,paid_social,New,,,,,,,,,
L-11717,2025-06-07,Bright Robotics,Manufacturing,1-50,North America,Canada,Organic Search,SEO - Comparison Pages,organic,MQL,2025-06-11,,,,,,,,
L-11722,2025-02-23,Maple Retail,Healthcare,51-200,North America,Canada,Paid Search,Competitor Keywords,cpc,New,,,,,,,,,
L-10734,2025-01-07,Harbor Robotics,Financial Services,51-200,North America,Canada,Organic Search,SEO - Comparison Pages,organic,MQL,2025-01-20,,,,,,,,
L-11636,2026-05-26,Pine Robotics,Education,51-200,APAC,Australia,Content Syndication,Whitepaper Syndication,syndication,New,,,,,,,,,
L-11475,2025-01-30,Atlas Learning,Retail,5000+,North America,United States,Paid Social,Meta Retargeting,paid_social,Disqualified,,,,,,,,,
L-12147,2026-03-29,Echo Networks,Healthcare,51-200,North America,United States,Paid Social,Meta Retargeting,paid_social,MQL,2026-04-07,,,,,,,,
L-10051,2026-01-20,Orbit Group,Education,201-1000,North America,Canada,Paid Social,Meta Retargeting,paid_social,New,,,,,,,,,
L-11216,2025-10-28,Bright Foods,Retail,51-200,EMEA,Netherlands,Webinar,Webinar: RevOps 101,email,New,,,,,,,,,
L-11178,2025-11-26,Summit Analytics,Financial Services,51-200,North America,Canada,Paid Social,Meta Retargeting,paid_social,New,,,,,,,,,
L-11297,2025-10-16,Blue Capital,Logistics,1-50,EMEA,Germany,Paid Social,LinkedIn Thought Leadership,paid_social,MQL,2025-11-02,,,,,,,,
L-11557,2025-09-04,Cedar Works,Education,201-1000,North America,Canada,Paid Social,LinkedIn Lead Gen,paid_social,New,,,,,,,,,
L-12165,2026-01-12,Orbit Foods,SaaS,201-1000,North America,Canada,Webinar,Webinar: Pipeline Masterclass,email,Converted,2026-01-23,2026-02-17,OPP-7165,2026-02-20,Closed Lost,48400,2026-03-30,Marcus Lee,38
L-10410,2025-06-03,Vertex Networks,Retail,51-200,North America,Canada,Paid Social,LinkedIn Lead Gen,paid_social,New,,,,,,,,,
L-11143,2025-09-01,Quartz Capital,SaaS,51-200,EMEA,Netherlands,Paid Search,Brand Search Q,cpc,New,,,,,,,,,
L-12357,2025-09-02,Atlas Group,Logistics,1-50,EMEA,France,Paid Social,LinkedIn Lead Gen,paid_social,New,,,,,,,,,
L-10702,2025-11-20,Apex Systems,Media,1-50,LATAM,Brazil,Paid Social,LinkedIn Lead Gen,paid_social,New,,,,,,,,,
L-10257,2025-12-01,Quartz Networks,Manufacturing,5000+,APAC,Australia,Paid Search,Competitor Keywords,cpc,Converted,2025-12-02,2025-12-11,OPP-5257,2025-12-12,Closed Won,7540000,2026-04-19,Priya Shah,128
L-10251,2025-08-02,Crest Partners,Media,51-200,North America,Canada,Paid search,Brand Search Q,cpc,Converted,2025-08-15,2025-08-23,OPP-5251,2025-09-07,Closed Lost,22300,2025-10-30,Dana Okafor,53
L-10754,2025-06-21,Crest Systems,Media,201-1000,APAC,Japan,Paid Search,Competitor Keywords,cpc,New,,,,,,,,,
L-12236,2025-05-27,Orbit Group,Education,1-50,APAC,Singapore,Webinar,Webinar: RevOps 101,email,MQL,2025-06-17,,,,,,,,
L-11526,2026-05-17,Quartz Media,Retail,201-1000,EMEA,France,Paid Search,Brand Search Q,cpc,New,,,,,,,,,
L-10819,2025-10-06,Harbor Works,Healthcare,5000+,North America,United States,Events,SaaStr Booth,event,Converted,2025-10-06,2025-10-18,OPP-5819,2025-10-21,Closed Lost,34400,2026-02-15,Aisha Patel,117
L-10953,2025-03-26,Apex Health,SaaS,51-200,EMEA,France,Paid Search,Generic - Analytics,cpc,New,,,,,,,,,
L-10557,2026-01-31,Blue Robotics,Media,1-50,North America,Canada,Organic Search,SEO - Comparison Pages,organic,SQL,2026-02-07,2026-03-08,,,,,,Dana Okafor,
L-10305,2025-10-02,Bright Partners,Media,51-200,EMEA,United Kingdom,paid search,Generic - Analytics,cpc,New,,,,,,,,,
L-11326,2025-09-27,Summit Group,Retail,1001-5000,APAC,Singapore,Organic Search,SEO - Blog,organic,New,,,,,,,,,
L-10301,2025-06-30,Iron Systems,Financial Services,1001-5000,EMEA,United Kingdom,Paid Social,LinkedIn Lead Gen,paid_social,MQL,2025-07-18,,,,,,,,
L-10703,2025-08-30,Bright Capital,Financial Services,201-1000,EMEA,Netherlands,Paid Social,LinkedIn Lead Gen,paid_social,New,,,,,,,,,
L-11055,2025-08-25,Quartz Health,Retail,1-50,EMEA,France,Paid Search,Brand Search Q,cpc,New,,,,,,,,,
L-10887,2025-11-13,Atlas Group,Manufacturing,51-200,North America,United States,Paid Search,Generic - Analytics,cpc,Converted,2025-11-20,2025-12-17,OPP-5887,2025-12-28,Closed Lost,24800,2026-02-25,Jake Chen,59
L-10178,2025-04-09,Atlas Foods,Education,1-50,EMEA,United Kingdom,Paid Social,LinkedIn Thought Leadership,paid_social,New,,,,,,,,,
L-10687,2026-05-26,Harbor Capital,SaaS,1-50,North America,United States,Content Syndication,Whitepaper Syndication,syndication,New,,,,,,,,,
L-10466,2025-10-03,North Systems,Education,5000+,EMEA,Netherlands,Content Syndication,Whitepaper Syndication,syndication,New,,,,,,,,,
L-10781,2025-04-26,Maple Robotics,Education,51-200,EMEA,Netherlands,Outbound,SDR Outbound - Enterprise,outbound,MQL,2025-05-07,,,,,,,,
L-11501,2025-03-12,Apex Retail,Manufacturing,201-1000,LATAM,Mexico,Content Syndication,Ebook: State of Marketing,syndication,New,,,,,,,,,
L-10081,2025-03-24,Orbit Group,Retail,1-50,APAC,Japan,Paid Social,LinkedIn Lead Gen,paid_social,New,,,,,,,,,
L-11558,2026-03-30,Pine Learning,Education,201-1000,LATAM,Mexico,Outbound,SDR Outbound - Enterprise,outbound,Converted,2026-04-09,2026-04-18,OPP-6558,2026-05-06,Demo,35700,2026-07-28,Marcus Lee,
L-11589,2025-04-14,Clear Health,SaaS,201-1000,North America,Canada,Outbound,SDR Outbound - Enterprise,outbound,MQL,2025-04-19,,,,,,,,
L-10529,2026-06-10,Clear Networks,Retail,51-200,North America,Canada,Paid Search,Brand Search Q,cpc,New,,,,,,,,,
L-11680,2026-04-28,Nova Labs,SaaS,51-200,North America,United States,Organic Search,SEO - Comparison Pages,organic,New,,,,,,,,,
L-11588,2026-04-30,Lumen Learning,Financial Services,201-1000,North America,United States,Content Syndication,Whitepaper Syndication,syndication,Disqualified,,,,,,,,,
L-11544,2025-08-13,Pine Analytics,Logistics,51-200,APAC,Singapore,Paid Search,Competitor Keywords,cpc,Converted,2025-08-14,2025-08-29,OPP-6544,2025-09-08,Closed Lost,22900,2025-10-13,Ben Carter,35
L-12352,2026-02-23,Echo Health,Manufacturing,51-200,EMEA,Netherlands,Events,Regional Roadshow,event,MQL,2026-03-16,,,,,,,,
L-12345,2026-04-19,Harbor Networks,,1-50,North America,Canada,Outbound,SDR Outbound - Enterprise,outbound,New,,,,,,,,,
L-10068,2025-11-03,Lumen Group,Manufacturing,1001-5000,North America,United States,Referral,Customer Referral,referral,SQL,2025-11-21,2025-12-14,,,,,,Ben Carter,
L-11555,2025-02-03,Silver Partners,Healthcare,51-200,EMEA,Germany,Paid Search,Generic - Analytics,cpc,New,,,,,,,,,
L-11466,2025-08-05,Pine Networks,Media,51-200,North America,United States,Outbound,SDR Outbound - Mid-Market,outbound,New,,,,,,,,,
L-11865,2025-04-05,Lumen Works,Healthcare,1001-5000,North America,United States,Paid Social,LinkedIn Thought Leadership,paid_social,Disqualified,,,,,,,,,
L-11253,2025-04-21,Pine Learning,Education,1-50,APAC,Singapore,Paid Search,Brand Search Q,cpc,New,,,,,,,,,
L-10021,2025-11-11,Nova Analytics,Media,1-50,EMEA,Germany,Outbound,SDR Outbound - Mid-Market,outbound,New,,,,,,,,,
L-12142,2025-10-19,Silver Labs,Financial Services,51-200,North America,Canada,Paid Search,Brand Search Q,cpc,New,,,,,,,,,
L-10457,2025-11-22,Harbor Systems,Logistics,5000+,EMEA,United Kingdom,Paid Social,LinkedIn Lead Gen,paid_social,New,,,,,,,,,
L-11816,2025-05-13,Vertex Labs,SaaS,1-50,LATAM,Brazil,Content Syndication,Ebook: State of Marketing,syndication,Disqualified,,,,,,,,,
L-11521,2025-06-01,Vertex Capital,Education,51-200,EMEA,Netherlands,Organic Search,SEO - Blog,organic,SQL,2025-06-01,2025-06-04,,,,,,Priya Shah,
L-10704,2025-06-02,Cedar Partners,Media,1001-5000,North America,Canada,Webinar,Webinar: Pipeline Masterclass,email,Converted,2025-06-05,2025-06-10,OPP-5704,2025-06-29,Closed Lost,37600,2025-09-26,Marcus Lee,89
L-11415,2026-02-21,Orbit Media,Media,201-1000,EMEA,Germany,Paid Social,Meta Retargeting,,New,,,,,,,,,
L-11048,2025-12-29,Iron Labs,Logistics,51-200,LATAM,Brazil,Organic Search,SEO - Comparison Pages,organic,SQL,2026-01-02,2026-01-15,,,,,,Marcus Lee,
L-11594,2026-01-18,Vertex Networks,Media,201-1000,North America,United States,Webinar,Webinar: 2026 Benchmarks,email,New,,,,,,,,,
L-10513,2026-02-27,Lumen Learning,Media,51-200,North America,United States,Organic Search,SEO - Blog,organic,MQL,2026-03-08,,,,,,,,
L-10888,2025-08-18,Quartz Works,Retail,51-200,APAC,Singapore,Paid Social,Meta Retargeting,paid_social,MQL,2025-08-22,,,,,,,,
L-10239,2026-04-24,Lumen Logistics,Education,1001-5000,EMEA,Germany,Webinar,Webinar: 2026 Benchmarks,email,New,,,,,,,,,
L-10925,2025-05-25,Echo Health,Financial Services,1-50,North America,United States,Paid Search,Competitor Keywords,cpc,New,,,,,,,,,
L-11627,2025-09-22,Iron Media,Healthcare,51-200,North America,Canada,Paid Search,Brand Search Q,,New,,,,,,,,,
L-10736,2025-09-26,Clear Analytics,SaaS,1001-5000,North America,United States,Paid Social,Meta Retargeting,paid_social,New,,,,,,,,,
L-11792,2026-03-11,Crest Foods,Financial Services,201-1000,EMEA,Netherlands,Organic Search,SEO - Blog,organic,New,,,,,,,,,
L-10762,2026-04-07,Bright Analytics,Education,1-50,North America,United States,Paid Search,Generic - Analytics,cpc,MQL,2026-04-18,,,,,,,,
L-10250,2025-03-08,Apex Logistics,Logistics,1001-5000,North America,United States,Webinar,Webinar: Pipeline Masterclass,email,New,,,,,,,,,
L-10611,2026-06-07,Crest Analytics,SaaS,51-200,North America,United States,webinar,Webinar: Pipeline Masterclass,email,SQL,2026-06-18,2026-07-05,,,,,,Priya Shah,
L-10543,2025-11-06,Blue Group,Media,1-50,North America,Canada,Organic Search,SEO - Comparison Pages,organic,New,,,,,,,,,
L-11368,2025-11-14,Clear Labs,Manufacturing,1-50,LATAM,Brazil,Organic Search,SEO - Comparison Pages,organic,MQL,2025-11-20,,,,,,,,
L-11259,2026-02-25,Cedar Labs,SaaS,1-50,North America,United States,Paid Social,LinkedIn Lead Gen,paid_social,New,,,,,,,,,
L-12325,2025-07-23,Lumen Media,Retail,1-50,LATAM,Brazil,Organic Search,SEO - Blog,organic,New,,,,,,,,,
L-10166,2026-06-24,Orbit Media,Retail,201-1000,APAC,Australia,LinkedIn,LinkedIn Thought Leadership,paid_social,New,,,,,,,,,
L-10015,2025-02-27,Summit Learning,Logistics,201-1000,North America,United States,Paid Social,Meta Retargeting,paid_social,New,,,,,,,,,
L-11434,2025-01-13,Bright Networks,Healthcare,1001-5000,EMEA,Netherlands,Referral,Customer Referral,referral,Converted,2025-01-22,2025-01-26,OPP-6434,2025-02-01,Closed Won,49100,2025-04-09,Aisha Patel,67
L-11953,2026-02-06,Nova Group,Manufacturing,1-50,EMEA,Germany,Organic Search,SEO - Comparison Pages,organic,MQL,2026-02-16,,,,,,,,
L-12042,2025-04-29,Bright Systems,Manufacturing,51-200,North America,United States,Organic Search,SEO - Comparison Pages,organic,MQL,2025-05-14,,,,,,,,
L-12102,2025-02-22,Silver Capital,,51-200,North America,United States,Content Syndication,Ebook: State of Marketing,syndication,New,,,,,,,,,
L-11830,2025-08-09,Bright Group,Logistics,1-50,EMEA,France,Organic Search,SEO - Comparison Pages,organic,New,,,,,,,,,
L-10422,2025-03-09,Echo Health,Media,201-1000,LATAM,Mexico,Content Syndication,Ebook: State of Marketing,syndication,New,,,,,,,,,
L-12057,2026-04-12,North Learning,SaaS,1-50,APAC,Japan,Paid Search,Brand Search Q,cpc,New,,,,,,,,,
L-10657,2025-01-28,Blue Retail,Education,1001-5000,North America,Canada,Paid Search,Brand Search Q,cpc,MQL,2025-02-18,,,,,,,,
L-10368,2026-04-20,Silver Analytics,SaaS,201-1000,EMEA,Netherlands,Organic Search,SEO - Blog,organic,Disqualified,,,,,,,,,
L-11132,2025-05-21,Clear Logistics,Logistics,201-1000,LATAM,Brazil,Paid Social,LinkedIn Thought Leadership,paid_social,MQL,2025-06-08,,,,,,,,
L-12135,2026-03-16,Nova Capital,Healthcare,51-200,North America,United States,Organic Search,SEO - Comparison Pages,organic,New,,,,,,,,,
L-11619,2026-04-05,Apex Health,Manufacturing,51-200,North America,Canada,Organic Search,SEO - Comparison Pages,organic,MQL,2026-04-10,,,,,,,,
L-11929,2025-07-30,Pine Analytics,SaaS,51-200,North America,United States,Webinar,Webinar: Pipeline Masterclass,email,SQL,2025-08-10,2025-08-21,,,,,,Aisha Patel,
L-11750,2025-06-28,Atlas Media,Education,1-50,EMEA,Netherlands,Paid Social,Meta Retargeting,paid_social,New,,,,,,,,,
L-10546,2026-04-17,Maple Retail,Media,51-200,North America,United States,Paid Search,Competitor Keywords,cpc,New,,,,,,,,,
L-11809,2025-08-26,North Group,Education,201-1000,EMEA,Germany,Paid Search,Generic - Analytics,cpc,New,,,,,,,,,
L-11298,2026-02-19,Echo Robotics,Education,1-50,EMEA,Germany,Organic Search,SEO - Blog,organic,New,,,,,,,,,
L-11618,2025-07-13,Vertex Analytics,Manufacturing,51-200,North America,Canada,Events,Regional Roadshow,event,SQL,2025-08-01,2025-08-08,,,,,,Marcus Lee,
L-11394,2026-05-06,Clear Retail,SaaS,5000+,North America,Canada,Events,Customer Dinner Series,event,Disqualified,,,,,,,,,
L-11102,2025-10-28,Pine Logistics,Retail,201-1000,APAC,Singapore,Paid Search,Generic - Analytics,cpc,New,,,,,,,,,
L-11174,2025-10-01,Vertex Labs,Manufacturing,1001-5000,APAC,Australia,Paid Search,Generic - Analytics,cpc,Converted,2025-10-17,2025-10-19,OPP-6174,2025-11-01,Closed Lost,132300,2025-12-14,Ben Carter,43
L-12279,2026-01-01,Atlas Works,Education,1001-5000,APAC,Singapore,Referral,Partner Referral,referral,Converted,2026-01-07,2026-02-06,OPP-7279,2026-02-14,Closed Lost,62900,2026-06-27,Aisha Patel,133
L-10243,2025-11-20,Cedar Labs,Media,201-1000,North America,Canada,Webinar,Webinar: Pipeline Masterclass,email,MQL,2025-11-27,,,,,,,,
L-11424,2025-03-21,Harbor Robotics,Manufacturing,201-1000,North America,Canada,Paid Search,Brand Search Q,cpc,Converted,2025-04-07,2025-04-24,OPP-6424,2025-05-10,Closed Lost,50300,2025-05-20,Aisha Patel,10
L-12129,2025-11-17,Lumen Systems,Logistics,1001-5000,LATAM,Brazil,Paid Search,Generic - Analytics,cpc,New,,,,,,,,,
L-10721,2025-11-24,Atlas Systems,Manufacturing,201-1000,North America,Canada,Paid Social,LinkedIn Thought Leadership,paid_social,SQL,2025-11-30,2025-12-25,,,,,,Sofia Martinez,
L-12259,2025-09-08,Echo Systems,Media,51-200,North America,United States,Webinar,Webinar: 2026 Benchmarks,email,New,,,,,,,,,
L-11804,2025-03-26,Iron Media,Logistics,1001-5000,APAC,Singapore,Webinar,Webinar: 2026 Benchmarks,email,Converted,2025-04-12,2025-04-18,OPP-6804,2025-04-22,Closed Lost,57100,2025-05-31,Priya Shah,39
L-11248,2026-01-17,Clear Media,Media,1-50,APAC,Singapore,Content Syndication,Ebook: State of Marketing,syndication,MQL,2026-02-04,,,,,,,,
L-12215,2025-12-07,Nova Group,Retail,51-200,North America,United States,Events,Regional Roadshow,event,MQL,2025-12-18,,,,,,,,
L-12281,2026-06-02,Crest Robotics,Retail,201-1000,North America,Canada,Paid Social,Meta Retargeting,paid_social,New,,,,,,,,,
L-10634,2025-12-16,Bright Retail,Retail,51-200,North America,Canada,Webinar,Webinar: Pipeline Masterclass,email,New,,,,,,,,,
L-11112,2025-11-27,Pine Retail,Manufacturing,201-1000,North America,United States,Webinar,Webinar: RevOps 101,email,New,,,,,,,,,
L-12067,2025-10-01,Clear Retail,Media,51-200,EMEA,United Kingdom,Events,Regional Roadshow,event,New,,,,,,,,,
L-11119,2025-07-26,Maple Media,Manufacturing,201-1000,North America,Canada,Paid Social,LinkedIn Lead Gen,paid_social,New,,,,,,,,,
L-10961,2026-05-18,Blue Media,Media,51-200,North America,United States,Content Syndication,Whitepaper Syndication,syndication,New,,,,,,,,,
L-10144,2025-06-16,Echo Partners,Retail,51-200,North America,United States,Paid Search,Competitor Keywords,cpc,New,,,,,,,,,
L-12043,2026-05-24,Atlas Robotics,Healthcare,201-1000,North America,United States,Paid Search,Brand Search Q,cpc,MQL,2026-05-28,,,,,,,,
L-10150,2026-02-19,Crest Works,Retail,1-50,North America,United States,Content Syndication,Whitepaper Syndication,syndication,MQL,2026-03-11,,,,,,,,
L-10673,2025-08-05,Bright Media,Financial Services,201-1000,North America,United States,Paid Search,Brand Search Q,cpc,MQL,2025-08-08,,,,,,,,
L-10921,2026-02-17,Quartz Labs,Education,1-50,North America,Canada,Referral,Partner Referral,referral,MQL,2026-02-19,,,,,,,,
L-11781,2025-07-18,Silver Logistics,Logistics,201-1000,EMEA,France,Events,Regional Roadshow,event,Converted,2025-07-19,2025-08-02,OPP-6781,2025-08-17,Closed Won,27400,2025-12-06,Marcus Lee,111
L-11708,2026-05-04,Quartz Media,Healthcare,5000+,North America,United States,Webinar,Webinar: 2026 Benchmarks,email,SQL,2026-05-11,2026-06-10,,,,,,Aisha Patel,
L-12098,2026-02-17,Summit Robotics,Media,51-200,APAC,Singapore,Events,SaaStr Booth,event,Disqualified,,,,,,,,,
L-10249,2025-10-10,Nova Health,Retail,1-50,North America,Canada,Events,Regional Roadshow,event,New,,,,,,,,,
L-11997,2025-08-27,Nova Media,Retail,1-50,North America,United States,Paid Search,Generic - Analytics,cpc,MQL,2025-09-06,,,,,,,,
L-11008,2025-11-07,Echo Group,Education,1-50,LATAM,Mexico,Paid Search,Brand Search Q,cpc,MQL,2025-11-09,,,,,,,,
L-10192,2026-02-13,Nova Works,Media,1-50,North America,Canada,Paid Social,Meta Retargeting,paid_social,Disqualified,,,,,,,,,
L-12270,2026-01-04,Orbit Analytics,Healthcare,1-50,North America,Canada,Webinar,Webinar: 2026 Benchmarks,email,MQL,2026-01-25,,,,,,,,
L-10087,2025-12-18,Orbit Analytics,Financial Services,5000+,LATAM,Brazil,Paid Social,LinkedIn Thought Leadership,paid_social,Disqualified,,,,,,,,,
L-10040,2026-02-10,Lumen Labs,Retail,51-200,North America,Canada,PPC,Competitor Keywords,cpc,New,,,,,,,,,
L-12205,2025-02-01,Lumen Media,Financial Services,51-200,APAC,Australia,Referral,Customer Referral,referral,Converted,2025-02-17,2025-03-19,OPP-7205,2025-04-08,Closed Won,22400,2025-05-27,Aisha Patel,49
L-12463,2026-03-12,Apex Media,Logistics,51-200,North America,Canada,Paid Search,Generic - Analytics,cpc,New,,,,,,,,,
L-10057,2025-06-11,Echo Retail,Manufacturing,1-50,North America,United States,Webinar,Webinar: Pipeline Masterclass,email,MQL,2025-06-20,,,,,,,,
L-10005,2026-06-23,Atlas Capital,Education,1001-5000,North America,United States,Referral,Customer Referral,referral,Converted,2026-07-14,2026-08-06,OPP-5005,2026-08-12,Demo,65800,2026-10-06,Marcus Lee,
L-10445,2025-10-10,Summit Networks,Healthcare,201-1000,EMEA,Netherlands,Paid Search,Generic - Analytics,cpc,New,,,,,,,,,
L-10548,2025-05-08,Crest Retail,Retail,201-1000,APAC,Japan,Paid Search,Generic - Analytics,cpc,New,,,,,,,,,
L-11649,2025-11-17,Pine Labs,Education,1001-5000,North America,United States,Events,SaaStr Booth,event,MQL,2025-12-04,,,,,,,,
L-11260,2026-04-26,Crest Systems,Healthcare,1-50,North America,United States,Content Syndication,Whitepaper Syndication,syndication,Disqualified,,,,,,,,,
L-11679,2026-04-06,Crest Capital,Logistics,51-200,LATAM,Brazil,Paid Search,Competitor Keywords,cpc,SQL,2026-04-16,2026-05-14,,,,,,Marcus Lee,
L-10259,2025-07-25,Echo Media,Education,201-1000,APAC,Australia,Content Syndication,Ebook: State of Marketing,syndication,New,,,,,,,,,
L-11882,2025-02-13,Apex Partners,Media,201-1000,North America,United States,Organic Search,SEO - Blog,,SQL,2025-02-23,2025-03-07,,,,,,Ben Carter,
L-11479,2025-12-27,Nova Robotics,Education,5000+,North America,Canada,Referral,Partner Referral,referral,SQL,2026-01-08,2026-01-11,,,,,,Aisha Patel,
L-10881,2025-10-20,Apex Analytics,Education,1-50,North America,United States,Events,Regional Roadshow,event,Converted,2025-10-28,2025-11-14,OPP-5881,2025-11-20,Closed Won,4400,2026-01-20,Dana Okafor,61
L-10833,2025-10-24,Crest Capital,Manufacturing,1-50,APAC,Australia,Paid Social,LinkedIn Thought Leadership,paid_social,New,,,,,,,,,
L-11477,2026-01-27,Clear Learning,Healthcare,51-200,EMEA,United Kingdom,Paid Search,Competitor Keywords,cpc,MQL,2026-01-28,,,,,,,,
L-11763,2025-11-27,Bright Networks,Financial Services,1001-5000,North America,Canada,Paid Search,Generic - Analytics,cpc,New,,,,,,,,,
L-10608,2025-03-06,Atlas Systems,Education,1001-5000,North America,Canada,Paid Search,Generic - Analytics,cpc,New,,,,,,,,,
L-10080,2025-07-13,Apex Health,Retail,201-1000,North America,Canada,Referral,Customer Referral,referral,Converted,2025-07-25,2025-08-13,OPP-5080,2025-08-22,Closed Lost,51300,2025-11-03,Marcus Lee,73
L-11688,2025-10-08,Iron Logistics,Financial Services,201-1000,EMEA,Netherlands,Paid Search,Brand Search Q,cpc,SQL,2025-10-12,2025-11-11,,,,,,Sofia Martinez,
L-11663,2025-10-10,North Capital,Logistics,1-50,EMEA,Germany,Webinar,Webinar: Pipeline Masterclass,email,MQL,2025-10-16,,,,,,,,
L-11676,2025-10-26,Cedar Labs,Retail,1-50,North America,United States,Outbound,SDR Outbound - Enterprise,outbound,MQL,2025-10-26,,,,,,,,
L-12176,2025-09-20,Summit Partners,Media,5000+,APAC,Australia,Paid Social,LinkedIn Thought Leadership,paid_social,New,,,,,,,,,
L-11979,2025-01-09,Bright Group,Financial Services,1-50,EMEA,Germany,Organic Search,SEO - Blog,organic,Converted,2025-01-13,2025-02-01,OPP-6979,2025-02-19,Closed Won,7300,2025-03-22,Dana Okafor,31
L-10109,2026-06-25,Silver Partners,Media,201-1000,North America,Canada,Organic Search,SEO - Blog,organic,New,,,,,,,,,
L-10680,2026-01-12,Cedar Group,Retail,1-50,APAC,Australia,Paid Social,LinkedIn Thought Leadership,paid_social,MQL,2026-02-02,,,,,,,,
L-10670,2025-04-26,Bright Networks,Media,201-1000,North America,United States,Events,SaaStr Booth,event,Disqualified,,,,,,,,,
L-10127,2025-09-08,Iron Retail,Logistics,5000+,North America,Canada,Organic Search,SEO - Comparison Pages,,New,,,,,,,,,
L-10355,2025-03-10,Vertex Works,Retail,51-200,EMEA,United Kingdom,Paid Social,LinkedIn Thought Leadership,paid_social,New,,,,,,,,,
L-10643,2025-05-27,Vertex Logistics,Media,201-1000,APAC,Australia,Organic Search,SEO - Blog,organic,Converted,2025-05-29,2025-06-17,OPP-5643,2025-07-02,Closed Won,18100,2025-09-06,Marcus Lee,66
L-10389,2025-12-29,Apex Capital,Media,201-1000,North America,United States,Paid Social,LinkedIn Thought Leadership,paid_social,New,,,,,,,,,
L-11370,2025-04-13,Summit Health,Manufacturing,1-50,EMEA,Netherlands,Paid Social,LinkedIn Lead Gen,paid_social,SQL,2025-05-01,2025-05-30,,,,,,Jake Chen,
L-12172,2025-10-09,Nova Retail,Media,201-1000,North America,Canada,Paid Social,Meta Retargeting,paid_social,New,,,,,,,,,
L-10993,2025-07-30,Maple Retail,Manufacturing,1-50,North America,United States,Webinar,Webinar: Pipeline Masterclass,email,MQL,2025-08-09,,,,,,,,
L-11396,2025-12-05,Atlas Robotics,Financial Services,1001-5000,EMEA,United Kingdom,Webinar,Webinar: Pipeline Masterclass,email,New,,,,,,,,,
L-10603,2026-01-01,Vertex Media,Retail,51-200,North America,Canada,Webinar,Webinar: Pipeline Masterclass,email,MQL,2026-01-11,,,,,,,,
L-10496,2026-05-02,Atlas Learning,SaaS,201-1000,North America,United States,Organic Search,SEO - Comparison Pages,organic,New,,,,,,,,,
L-11921,2026-01-14,Echo Systems,Media,51-200,EMEA,United Kingdom,Outbound,SDR Outbound - Mid-Market,outbound,MQL,2026-01-14,,,,,,,,
L-10232,2025-09-07,Lumen Learning,Media,201-1000,EMEA,United Kingdom,Paid Social,LinkedIn Thought Leadership,paid_social,New,,,,,,,,,
L-12417,2025-08-11,Clear Logistics,Media,1-50,North America,Canada,Outbound,SDR Outbound - Enterprise,outbound,SQL,2025-08-27,2025-09-12,,,,,,Aisha Patel,
L-11878,2026-02-05,Summit Robotics,Financial Services,51-200,North America,United States,Paid Search,Competitor Keywords,cpc,New,,,,,,,,,
L-12030,2026-04-28,Blue Systems,Healthcare,1001-5000,North America,Canada,Referral,Customer Referral,referral,Converted,2026-05-13,2026-06-12,OPP-7030,2026-06-14,Discovery,38000,2026-07-14,Priya Shah,
L-11198,2025-08-02,Apex Media,Education,1-50,North America,United States,Paid Search,Competitor Keywords,cpc,Converted,2025-08-15,2025-09-01,OPP-6198,2025-09-13,Closed Lost,6300,2025-11-26,Priya Shah,74
L-11978,2026-03-17,Lumen Partners,SaaS,1-50,LATAM,Mexico,Paid Search,Brand Search Q,cpc,New,,,,,,,,,
L-12036,2025-09-19,Vertex Retail,Education,201-1000,APAC,Japan,Paid Search,Generic - Analytics,cpc,New,,,,,,,,,
L-12177,2026-03-09,Crest Learning,Healthcare,1-50,North America,United States,Referral,Partner Referral,referral,SQL,2026-03-18,2026-04-13,,,,,,Jake Chen,
L-10757,2026-01-11,Blue Works,Healthcare,201-1000,North America,Canada,Organic Search,SEO - Comparison Pages,organic,MQL,2026-01-11,,,,,,,,
L-11379,2025-09-26,Maple Systems,SaaS,201-1000,EMEA,Germany,Paid Search,Brand Search Q,cpc,New,,,,,,,,,
L-12115,2025-03-06,Echo Analytics,Manufacturing,201-1000,EMEA,France,Paid Search,Competitor Keywords,cpc,New,,,,,,,,,
L-12258,2026-04-15,Summit Labs,Manufacturing,1-50,North America,Canada,Webinar,Webinar: RevOps 101,email,Converted,2026-04-24,2026-05-08,OPP-7258,2026-05-14,Closed Lost,8500,2026-06-10,Tom Reilly,27
L-12005,2025-12-30,Harbor Learning,Retail,1-50,North America,United States,Referral,Partner Referral,referral,MQL,2026-01-11,,,,,,,,
L-12418,2025-02-27,Crest Works,,201-1000,APAC,Australia,Content Syndication,Whitepaper Syndication,syndication,New,,,,,,,,,
L-10707,2025-10-30,North Works,Education,201-1000,North America,Canada,Organic Search,SEO - Blog,organic,MQL,2025-11-17,,,,,,,,
L-11243,2025-01-03,Lumen Analytics,Manufacturing,1-50,North America,United States,Paid Search,Generic - Analytics,cpc,MQL,2025-01-22,,,,,,,,
L-11488,2026-03-13,Nova Partners,Financial Services,51-200,North America,United States,Paid Social,LinkedIn Thought Leadership,paid_social,MQL,2026-03-24,,,,,,,,
L-12431,2025-07-07,Clear Health,Financial Services,51-200,EMEA,Germany,Organic Search,SEO - Comparison Pages,organic,SQL,2025-07-09,2025-08-05,,,,,,Jake Chen,
L-10248,2025-09-06,Iron Labs,Media,51-200,APAC,Singapore,Paid Search,Generic - Analytics,,New,,,,,,,,,
L-10988,2025-03-15,Iron Logistics,Healthcare,51-200,EMEA,Germany,Referral,Partner Referral,referral,Converted,2025-03-24,2025-04-11,OPP-5988,2025-04-21,Closed Lost,31000,2025-06-20,Ben Carter,60
L-12068,2025-05-12,Orbit Works,SaaS,201-1000,APAC,Singapore,Outbound,SDR Outbound - Mid-Market,outbound,New,,,,,,,,,
L-10423,2025-12-02,Iron Media,SaaS,1-50,APAC,Singapore,Webinar,Webinar: 2026 Benchmarks,email,SQL,2025-12-16,2025-12-23,,,,,,Marcus Lee,
L-10335,2026-06-29,Nova Robotics,Manufacturing,201-1000,North America,United States,Organic Search,SEO - Comparison Pages,organic,Disqualified,,,,,,,,,
L-11564,2025-05-31,Bright Capital,Media,51-200,North America,Canada,Paid Social,Meta Retargeting,paid_social,Disqualified,,,,,,,,,
L-11043,2025-11-23,Nova Logistics,Retail,51-200,North America,Canada,Webinar,Webinar: RevOps 101,email,Disqualified,,,,,,,,,
L-11056,2025-12-19,Iron Networks,Financial Services,1001-5000,EMEA,Netherlands,Webinar,Webinar: Pipeline Masterclass,email,MQL,2026-01-05,,,,,,,,
L-11644,2026-02-14,Maple Retail,Retail,1-50,North America,Canada,Paid Search,Competitor Keywords,cpc,Converted,2026-02-28,2026-03-24,OPP-6644,2026-04-13,Proposal,8700,2026-07-08,Jake Chen,
L-11232,2026-05-09,Blue Systems,Media,51-200,EMEA,Germany,Content Syndication,Whitepaper Syndication,syndication,New,,,,,,,,,
L-12390,2025-05-07,Clear Health,Retail,51-200,EMEA,France,Content Syndication,Whitepaper Syndication,syndication,SQL,2025-05-07,2025-05-19,,,,,,Jake Chen,
L-10489,2025-06-09,Cedar Logistics,Healthcare,201-1000,North America,Canada,Organic Search,SEO - Blog,organic,MQL,2025-06-22,,,,,,,,
L-11707,2025-02-17,Lumen Labs,Healthcare,1-50,North America,Canada,Paid Social,LinkedIn Lead Gen,paid_social,MQL,2025-02-23,,,,,,,,
L-10476,2025-03-12,Atlas Media,Manufacturing,5000+,North America,United States,Organic Search,SEO - Blog,organic,MQL,2025-03-24,,,,,,,,
L-10495,2025-03-17,Lumen Logistics,Financial Services,1-50,EMEA,France,Organic Search,SEO - Comparison Pages,organic,Converted,2025-03-19,2025-04-11,OPP-5495,2025-04-26,Closed Lost,4600,2025-06-25,Sofia Martinez,60
L-11998,2025-07-10,Orbit Robotics,Financial Services,1-50,North America,Canada,Paid Search,Brand Search Q,cpc,MQL,2025-07-10,,,,,,,,
L-10009,2025-04-25,Echo Retail,Manufacturing,201-1000,North America,United States,Content Syndication,Ebook: State of Marketing,syndication,New,,,,,,,,,
L-10299,2026-05-02,Lumen Learning,Healthcare,51-200,EMEA,United Kingdom,Referral,Partner Referral,referral,MQL,2026-05-06,,,,,,,,
L-11138,2026-06-25,Pine Robotics,Financial Services,51-200,EMEA,Germany,Organic Search,SEO - Comparison Pages,organic,MQL,2026-07-05,,,,,,,,
L-12138,2026-02-09,Bright Learning,Media,1-50,APAC,Australia,Paid Search,Generic - Analytics,cpc,New,,,,,,,,,
L-10154,2025-07-04,Silver Learning,Retail,1001-5000,LATAM,Mexico,Paid Social,Meta Retargeting,paid_social,New,,,,,,,,,
L-11920,2025-07-15,Vertex Health,Healthcare,1001-5000,EMEA,France,Events,Customer Dinner Series,event,MQL,2025-07-26,,,,,,,,
L-12150,2025-11-18,Orbit Media,Retail,51-200,APAC,Japan,Paid Search,Generic - Analytics,cpc,MQL,2025-12-07,,,,,,,,
L-10266,2026-06-19,Quartz Retail,Manufacturing,1-50,EMEA,United Kingdom,Organic Search,SEO - Comparison Pages,organic,Converted,2026-07-01,2026-07-17,OPP-5266,2026-08-01,Discovery,2800,2026-09-05,Priya Shah,
L-10533,2026-02-27,Clear Group,Retail,1-50,North America,Canada,Referral,Partner Referral,referral,MQL,2026-03-12,,,,,,,,
L-12121,2025-05-04,Nova Systems,Media,51-200,North America,Canada,Content Syndication,Ebook: State of Marketing,syndication,New,,,,,,,,,
L-12383,2026-01-03,Clear Partners,Manufacturing,1-50,North America,United States,Outbound,SDR Outbound - Mid-Market,outbound,New,,,,,,,,,
L-10340,2025-01-08,Maple Capital,Manufacturing,51-200,North America,United States,Referral,Partner Referral,referral,MQL,2025-01-19,,,,,,,,
L-10393,2026-02-19,Nova Works,Financial Services,1-50,North America,Canada,Organic Search,SEO - Blog,organic,New,,,,,,,,,
L-11935,2025-02-24,Apex Group,Logistics,51-200,EMEA,France,Outbound,SDR Outbound - Enterprise,outbound,Converted,2025-02-26,2025-03-22,OPP-6935,2025-04-06,Closed Won,21800,2025-07-19,Ben Carter,104
L-11870,2026-01-26,Maple Health,Media,51-200,EMEA,Netherlands,Referral,Customer Referral,referral,MQL,2026-02-13,,,,,,,,
L-11122,2026-03-05,Vertex Systems,Manufacturing,1-50,APAC,Singapore,Paid Social,LinkedIn Lead Gen,paid_social,New,,,,,,,,,
L-11550,2025-09-26,Silver Learning,Retail,51-200,North America,Canada,Paid Social,LinkedIn Thought Leadership,paid_social,MQL,2025-09-28,,,,,,,,
L-11335,2025-12-31,Apex Robotics,Healthcare,1001-5000,APAC,Singapore,Referral,Customer Referral,referral,Converted,2026-01-06,2026-01-30,OPP-6335,2026-02-08,Closed Won,83400,2026-03-19,Jake Chen,39
L-11699,2025-05-07,Lumen Networks,SaaS,51-200,EMEA,Netherlands,Paid Search,Competitor Keywords,cpc,SQL,2025-05-07,2025-05-12,,,,,,Marcus Lee,
L-10568,2026-06-19,North Works,Financial Services,1-50,APAC,Singapore,Content Syndication,Ebook: State of Marketing,syndication,New,,,,,,,,,
L-10198,2026-04-27,Orbit Robotics,Retail,51-200,EMEA,Germany,Paid Search,Generic - Analytics,cpc,Converted,2026-05-01,2026-05-11,OPP-5198,2026-05-17,Proposal,17700,2026-07-02,Ben Carter,
L-10853,2025-10-26,Bright Retail,Media,51-200,EMEA,Netherlands,Webinar,Webinar: Pipeline Masterclass,email,SQL,2025-11-09,2025-11-23,,,,,,Priya Shah,
L-10511,2025-08-16,Maple Logistics,Manufacturing,201-1000,North America,United States,Paid Social,LinkedIn Lead Gen,paid_social,MQL,2025-08-30,,,,,,,,
L-12015,2025-05-25,Pine Capital,SaaS,1-50,North America,Canada,Organic Search,SEO - Comparison Pages,organic,Converted,2025-06-07,2025-06-14,OPP-7015,2025-06-22,Closed Lost,16100,2025-07-25,Aisha Patel,33
L-11661,2025-10-17,Iron Labs,Financial Services,51-200,EMEA,United Kingdom,Paid Search,Brand Search Q,cpc,New,,,,,,,,,
L-11472,2026-02-08,Harbor Robotics,Retail,1-50,EMEA,France,Paid Search,Competitor Keywords,cpc,Disqualified,,,,,,,,,
L-11933,2026-05-23,Cedar Group,Healthcare,1-50,North America,United States,Organic Search,SEO - Comparison Pages,organic,New,,,,,,,,,
L-12191,2025-05-13,Silver Robotics,Financial Services,201-1000,APAC,Australia,Paid Search,Generic - Analytics,cpc,New,,,,,,,,,
L-10693,2025-05-20,Lumen Retail,Healthcare,201-1000,North America,United States,Content Syndication,Ebook: State of Marketing,syndication,New,,,,,,,,,
L-11980,2025-05-15,Blue Analytics,Healthcare,201-1000,North America,United States,Outbound,SDR Outbound - Mid-Market,outbound,New,,,,,,,,,
L-10874,2026-02-10,Summit Foods,Retail,51-200,North America,Canada,Webinar,Webinar: RevOps 101,email,Disqualified,,,,,,,,,
L-10828,2025-10-27,Bright Logistics,Healthcare,201-1000,EMEA,United Kingdom,Organic Search,SEO - Blog,organic,New,,,,,,,,,
L-12220,2026-05-24,Clear Analytics,Financial Services,51-200,EMEA,Netherlands,Paid Search,Competitor Keywords,cpc,MQL,2026-05-25,,,,,,,,
L-12344,2026-01-04,Summit Logistics,Manufacturing,1-50,North America,United States,Paid Search,Competitor Keywords,cpc,MQL,2026-01-18,,,,,,,,
L-12379,2026-03-02,Nova Labs,SaaS,1-50,LATAM,Brazil,Webinar,Webinar: RevOps 101,email,New,,,,,,,,,
L-11284,2025-03-01,Apex Analytics,SaaS,51-200,North America,Canada,SEO,SEO - Blog,organic,New,,,,,,,,,
L-11005,2026-06-04,Apex Group,Education,1-50,North America,United States,Paid Search,Generic - Analytics,cpc,SQL,2026-06-13,2026-06-23,,,,,,Tom Reilly,
L-10712,2025-01-11,Summit Partners,Media,201-1000,EMEA,Germany,Content Syndication,Ebook: State of Marketing,syndication,SQL,2025-01-26,2025-01-29,,,,,,Marcus Lee,
L-11182,2025-01-21,North Retail,Financial Services,1-50,North America,United States,Organic Search,SEO - Blog,organic,New,,,,,,,,,
L-10369,2026-04-03,Cedar Analytics,Education,201-1000,North America,Canada,Organic Search,SEO - Comparison Pages,organic,Converted,2026-04-16,2026-05-15,OPP-5369,2026-06-02,Closed Lost,23300,2026-06-20,Tom Reilly,18
L-11155,2025-05-28,Apex Health,Financial Services,201-1000,EMEA,Germany,Paid Search,Brand Search Q,cpc,New,,,,,,,,,
L-11236,2025-09-02,Nova Retail,Logistics,201-1000,LATAM,Mexico,Paid Search,Competitor Keywords,cpc,MQL,2025-09-02,,,,,,,,
L-11109,2026-03-23,North Retail,Retail,1-50,APAC,Australia,Paid Social,LinkedIn Thought Leadership,paid_social,MQL,2026-04-03,,,,,,,,
L-10168,2026-01-28,Atlas Media,SaaS,51-200,APAC,Singapore,Content Syndication,Ebook: State of Marketing,syndication,New,,,,,,,,,
L-10981,2026-05-20,Maple Robotics,Retail,1001-5000,APAC,Japan,Referral,Partner Referral,referral,Converted,2026-05-21,2026-05-26,OPP-5981,2026-06-04,Discovery,69800,2026-08-10,Jake Chen,
L-10307,2026-04-17,Harbor Learning,Logistics,201-1000,EMEA,United Kingdom,Paid Social,LinkedIn Lead Gen,paid_social,New,,,,,,,,,
L-11660,2026-04-16,Clear Health,Media,1-50,North America,United States,Events,SaaStr Booth,event,Converted,2026-05-05,2026-05-13,OPP-6660,2026-05-27,Discovery,5600,2026-07-16,Sofia Martinez,
L-11837,2026-06-26,Bright Works,Healthcare,1-50,LATAM,Mexico,Paid Search,Brand Search Q,cpc,MQL,2026-07-02,,,,,,,,
L-12487,2025-10-03,Blue Partners,Financial Services,51-200,LATAM,Brazil,Paid Social,LinkedIn Lead Gen,paid_social,MQL,2025-10-23,,,,,,,,
L-11163,2025-06-11,Cedar Networks,Media,5000+,North America,Canada,Paid Search,Competitor Keywords,cpc,New,,,,,,,,,
L-10514,2026-04-28,Vertex Systems,SaaS,1-50,LATAM,Mexico,Outbound,SDR Outbound - Mid-Market,outbound,New,,,,,,,,,
L-12415,2025-05-12,Blue Learning,Manufacturing,201-1000,North America,Canada,Organic Search,SEO - Comparison Pages,organic,MQL,2025-05-16,,,,,,,,
L-11906,2026-03-11,Blue Robotics,Media,1-50,APAC,Singapore,Events,Customer Dinner Series,event,New,,,,,,,,,
L-10053,2025-11-11,Nova Group,Financial Services,1-50,North America,Canada,Paid Social,LinkedIn Lead Gen,paid_social,Disqualified,,,,,,,,,
L-12336,2025-10-04,Bright Systems,Media,201-1000,EMEA,France,Paid Search,Competitor Keywords,cpc,MQL,2025-10-15,,,,,,,,
L-10371,2026-05-17,Silver Learning,Manufacturing,51-200,North America,Canada,Paid Search,Competitor Keywords,cpc,New,,,,,,,,,
L-10218,2025-08-12,Summit Media,Retail,201-1000,North America,United States,Content Syndication,Ebook: State of Marketing,syndication,New,,,,,,,,,
L-10190,2026-01-15,Vertex Partners,Logistics,201-1000,North America,United States,Referral,Partner Referral,referral,Converted,2026-01-17,2026-02-01,OPP-5190,2026-02-05,Closed Won,49900,2026-03-29,Jake Chen,52
L-10374,2026-06-28,Vertex Analytics,Retail,201-1000,North America,United States,Paid Search,Generic - Analytics,cpc,Converted,2026-07-18,2026-08-05,OPP-5374,2026-08-17,Negotiation,53900,2026-10-25,Dana Okafor,
L-11993,2025-05-16,Echo Foods,Media,201-1000,North America,Canada,Content Syndication,Whitepaper Syndication,syndication,New,,,,,,,,,
L-12107,2025-10-23,Echo Foods,Healthcare,51-200,APAC,Singapore,Organic Search,SEO - Blog,organic,Converted,2025-10-31,2025-11-02,OPP-7107,2025-11-15,Closed Won,30100,2025-12-12,Dana Okafor,27
L-11141,2025-07-19,Bright Foods,Retail,51-200,North America,United States,Content Syndication,Ebook: State of Marketing,syndication,MQL,2025-07-22,,,,,,,,
L-11731,2025-10-30,Apex Works,SaaS,51-200,North America,United States,Paid Social,LinkedIn Thought Leadership,paid_social,MQL,2025-11-04,,,,,,,,
L-10665,2025-09-16,Vertex Robotics,Financial Services,201-1000,North America,United States,Paid Search,Competitor Keywords,cpc,Disqualified,,,,,,,,,
L-12433,2025-03-01,Harbor Works,Manufacturing,51-200,LATAM,Mexico,Organic Search,SEO - Comparison Pages,,SQL,2025-03-06,2025-03-26,,,,,,Tom Reilly,
L-12257,2026-01-19,Atlas Partners,Financial Services,1-50,North America,Canada,Organic Search,SEO - Blog,organic,MQL,2026-02-08,,,,,,,,
L-10872,2026-05-09,Bright Capital,Healthcare,1-50,North America,United States,Outbound,SDR Outbound - Mid-Market,outbound,New,,,,,,,,,
L-11677,2025-08-26,Atlas Logistics,Healthcare,201-1000,LATAM,Brazil,Events,SaaStr Booth,event,MQL,2025-09-13,,,,,,,,
L-10482,2025-09-16,Crest Labs,Financial Services,201-1000,North America,United States,Content Syndication,Whitepaper Syndication,,Disqualified,,,,,,,,,
L-11283,2025-10-18,Lumen Logistics,Financial Services,201-1000,EMEA,Germany,Events,SaaStr Booth,event,New,,,,,,,,,
L-10960,2025-02-11,Pine Learning,Financial Services,1-50,LATAM,Mexico,Webinar,Webinar: RevOps 101,email,New,,,,,,,,,
L-10755,2025-11-25,Crest Capital,Media,1-50,North America,United States,Events,Regional Roadshow,event,Converted,2025-12-08,2026-01-07,OPP-5755,2026-01-13,Closed Lost,8100,2026-03-18,Ben Carter,64
L-11307,2026-02-20,Summit Group,SaaS,51-200,North America,United States,Content Syndication,Whitepaper Syndication,syndication,New,,,,,,,,,
L-11166,2025-08-25,Atlas Networks,Education,201-1000,LATAM,Brazil,paid_social,Meta Retargeting,paid_social,New,,,,,,,,,
L-11889,2025-11-20,Pine Learning,Healthcare,1-50,LATAM,Brazil,Content Syndication,Whitepaper Syndication,syndication,Disqualified,,,,,,,,,
L-11254,2026-01-19,Atlas Analytics,Education,51-200,North America,Canada,Paid Search,Generic - Analytics,cpc,SQL,2026-01-19,2026-01-30,,,,,,Aisha Patel,
L-11110,2025-10-21,Cedar Works,Retail,51-200,North America,United States,Paid Search,Generic - Analytics,cpc,New,,,,,,,,,
L-10839,2025-08-10,Summit Retail,Financial Services,1-50,LATAM,Mexico,Paid Search,Generic - Analytics,cpc,New,,,,,,,,,
L-11831,2026-01-23,North Capital,Logistics,201-1000,LATAM,Mexico,Paid Social,LinkedIn Lead Gen,paid_social,MQL,2026-01-23,,,,,,,,
L-10274,2025-06-10,Blue Group,Manufacturing,1001-5000,APAC,Singapore,Content Syndication,Whitepaper Syndication,syndication,New,,,,,,,,,
L-11700,2025-05-08,Pine Systems,Financial Services,1001-5000,North America,United States,Paid Search,Brand Search Q,cpc,Converted,2025-05-20,2025-06-10,OPP-6700,2025-06-18,Closed Lost,63100,2025-11-22,Aisha Patel,157
L-10460,2025-12-06,Silver Analytics,Financial Services,51-200,LATAM,Brazil,Paid Social,LinkedIn Thought Leadership,paid_social,New,,,,,,,,,
L-10050,2025-08-07,Blue Networks,Retail,201-1000,North America,United States,Referral,Partner Referral,referral,Converted,2025-08-22,2025-08-31,OPP-5050,2025-09-16,Closed Won,32600,2025-11-12,Ben Carter,57
L-10032,2025-07-21,Summit Logistics,Media,51-200,North America,Canada,Organic Search,SEO - Blog,organic,New,,,,,,,,,
L-12051,2025-08-16,Crest Partners,Logistics,201-1000,North America,United States,Referral,Customer Referral,referral,MQL,2025-09-01,,,,,,,,
L-12428,2025-07-19,North Retail,Healthcare,1001-5000,EMEA,Netherlands,Paid Search,Competitor Keywords,cpc,Disqualified,,,,,,,,,
L-11405,2025-01-13,Harbor Works,Retail,1-50,North America,Canada,Webinar,Webinar: 2026 Benchmarks,email,Converted,2025-01-17,2025-02-06,OPP-6405,2025-02-19,Closed Won,10300,2025-03-06,Tom Reilly,15
L-11945,2026-03-07,Orbit Analytics,,1-50,North America,United States,Referral,Partner Referral,referral,SQL,2026-03-27,2026-04-03,,,,,,Aisha Patel,
L-10535,2025-10-06,Summit Labs,Healthcare,51-200,North America,United States,Paid Search,Brand Search Q,cpc,Disqualified,,,,,,,,,
L-11783,2025-12-05,Iron Works,Healthcare,1-50,North America,United States,Outbound,SDR Outbound - Mid-Market,outbound,MQL,2025-12-19,,,,,,,,
L-11449,2026-01-06,Quartz Media,Healthcare,51-200,EMEA,France,PPC,Brand Search Q,cpc,MQL,2026-01-24,,,,,,,,
L-11950,2025-02-24,Harbor Media,Retail,1001-5000,LATAM,Brazil,Organic Search,SEO - Comparison Pages,organic,Converted,2025-02-27,2025-03-26,OPP-6950,2025-04-08,Closed Lost,170500,2025-08-11,Jake Chen,125
L-10347,2026-02-06,Vertex Group,Healthcare,1001-5000,North America,Canada,Organic Search,SEO - Blog,organic,MQL,2026-02-13,,,,,,,,
L-10567,2025-06-21,Nova Retail,Education,1-50,North America,United States,Paid Search,Brand Search Q,cpc,MQL,2025-07-10,,,,,,,,
L-11203,2026-04-07,Quartz Systems,Manufacturing,1-50,North America,Canada,Paid Search,Generic - Analytics,cpc,Disqualified,,,,,,,,,
L-11349,2026-01-01,Maple Logistics,Media,201-1000,APAC,Singapore,Paid Search,Competitor Keywords,cpc,MQL,2026-01-18,,,,,,,,
L-11753,2025-05-08,Harbor Logistics,Media,201-1000,North America,United States,Organic Search,SEO - Comparison Pages,organic,New,,,,,,,,,
L-11586,2025-03-25,Silver Analytics,Financial Services,201-1000,North America,United States,Paid Social,LinkedIn Lead Gen,paid_social,New,,,,,,,,,
L-11168,2026-04-06,Lumen Capital,Logistics,51-200,North America,United States,Organic Search,SEO - Comparison Pages,organic,Converted,2026-04-16,2026-04-23,OPP-6168,2026-04-25,Closed Won,9400,2026-06-13,Marcus Lee,49
L-11045,2026-01-02,Harbor Media,Manufacturing,5000+,EMEA,Netherlands,Referral,Customer Referral,referral,SQL,2026-01-09,2026-01-22,,,,,,Marcus Lee,
L-11456,2025-07-26,Summit Health,Education,1-50,APAC,Singapore,Events,SaaStr Booth,event,Disqualified,,,,,,,,,
L-10743,2025-08-04,Silver Systems,Manufacturing,51-200,EMEA,France,Organic Search,SEO - Comparison Pages,organic,New,,,,,,,,,
L-11249,2025-12-07,Atlas Networks,Financial Services,201-1000,LATAM,Brazil,Paid Search,Generic - Analytics,cpc,MQL,2025-12-27,,,,,,,,
L-10509,2025-11-03,Crest Capital,Financial Services,51-200,APAC,Japan,Webinar,Webinar: RevOps 101,email,New,,,,,,,,,
L-11374,2025-09-20,Quartz Analytics,SaaS,1-50,North America,United States,Paid Social,LinkedIn Thought Leadership,paid_social,New,,,,,,,,,
L-11355,2026-03-27,Nova Networks,Financial Services,201-1000,EMEA,Germany,Webinar,Webinar: Pipeline Masterclass,email,MQL,2026-04-07,,,,,,,,
L-11995,2025-05-04,Apex Retail,Financial Services,1-50,North America,Canada,Paid Social,LinkedIn Lead Gen,paid_social,New,,,,,,,,,
L-10708,2026-04-10,Cedar Health,Retail,201-1000,North America,United States,Organic Search,SEO - Blog,organic,New,,,,,,,,,
L-11721,2025-07-13,Harbor Media,Manufacturing,201-1000,APAC,Singapore,Paid Social,Meta Retargeting,paid_social,Disqualified,,,,,,,,,
L-10064,2026-03-14,Orbit Retail,Media,201-1000,North America,United States,Referral,Partner Referral,referral,MQL,2026-04-02,,,,,,,,
L-10139,2025-06-18,Silver Works,Healthcare,201-1000,North America,United States,Webinar,Webinar: RevOps 101,email,New,,,,,,,,,
L-11899,2026-04-07,Blue Robotics,Media,51-200,North America,United States,Webinar,Webinar: Pipeline Masterclass,email,Converted,2026-04-11,2026-04-28,OPP-6899,2026-05-15,Closed Won,13600,2026-05-25,Marcus Lee,10
L-11941,2026-06-19,Cedar Robotics,Financial Services,51-200,EMEA,Germany,Content Syndication,Whitepaper Syndication,syndication,Disqualified,,,,,,,,,
L-10774,2025-04-23,Summit Learning,Retail,51-200,LATAM,Mexico,Outbound,SDR Outbound - Enterprise,outbound,MQL,2025-04-28,,,,,,,,
L-11115,2026-05-06,Apex Robotics,Healthcare,201-1000,North America,United States,Paid Search,Brand Search Q,cpc,MQL,2026-05-11,,,,,,,,
L-12302,2026-06-15,Lumen Learning,Logistics,201-1000,North America,Canada,Outbound,SDR Outbound - Enterprise,outbound,New,,,,,,,,,
L-11032,2025-09-19,Pine Robotics,Manufacturing,1001-5000,North America,Canada,Webinar,Webinar: 2026 Benchmarks,email,New,,,,,,,,,
L-12162,2025-07-03,Lumen Partners,Retail,1-50,North America,Canada,Content Syndication,Whitepaper Syndication,syndication,Disqualified,,,,,,,,,
L-11127,2026-04-21,Blue Analytics,Logistics,1001-5000,LATAM,Mexico,Webinar,Webinar: RevOps 101,email,SQL,2026-04-26,2026-05-09,,,,,,Tom Reilly,
L-12460,2026-04-25,Cedar Works,Logistics,1-50,EMEA,France,Paid Social,Meta Retargeting,paid_social,New,,,,,,,,,
L-10079,2025-03-12,Summit Media,Education,201-1000,North America,Canada,Paid Social,LinkedIn Lead Gen,paid_social,MQL,2025-03-27,,,,,,,,
L-11064,2025-03-18,Apex Learning,Retail,1001-5000,EMEA,Netherlands,Outbound,SDR Outbound - Enterprise,outbound,New,,,,,,,,,
L-11687,2025-11-24,Cedar Group,SaaS,1001-5000,EMEA,France,Content Syndication,Whitepaper Syndication,syndication,Converted,2025-11-25,2025-12-16,OPP-6687,2025-12-25,Closed Lost,59300,2026-04-29,Dana Okafor,125
L-10775,2026-06-18,Quartz Group,Media,1-50,EMEA,Netherlands,Webinar,Webinar: Pipeline Masterclass,email,MQL,2026-06-29,,,,,,,,
L-10286,2025-05-08,Orbit Media,Financial Services,1-50,North America,Canada,Paid Search,Generic - Analytics,cpc,Converted,2025-05-19,2025-06-17,OPP-5286,2025-06-28,Closed Lost,7500,2025-09-29,Sofia Martinez,93
L-10465,2025-04-30,Pine Media,Healthcare,1001-5000,North America,United States,Webinar,Webinar: Pipeline Masterclass,email,Converted,2025-05-15,2025-06-09,OPP-5465,2025-06-22,Closed Lost,61700,2025-09-17,Tom Reilly,87
L-12227,2025-08-23,Vertex Labs,Logistics,51-200,North America,United States,Organic Search,SEO - Comparison Pages,organic,Disqualified,,,,,,,,,
L-10136,2025-10-13,Apex Analytics,Media,1-50,APAC,Japan,Outbound,SDR Outbound - Mid-Market,outbound,New,,,,,,,,,
L-11478,2025-09-23,Apex Systems,Manufacturing,201-1000,EMEA,United Kingdom,Organic Search,SEO - Blog,organic,New,,,,,,,,,
L-11665,2026-03-24,Apex Retail,SaaS,1-50,North America,Canada,Outbound,SDR Outbound - Mid-Market,outbound,SQL,2026-04-06,2026-04-12,,,,,,Tom Reilly,
L-10349,2025-08-20,Lumen Networks,,201-1000,EMEA,Germany,Paid Social,Meta Retargeting,paid_social,New,,,,,,,,,
L-10121,2025-01-19,Echo Networks,Media,1-50,LATAM,Brazil,Paid Search,Competitor Keywords,cpc,Converted,2025-01-22,2025-02-06,OPP-5121,2025-02-22,Closed Won,10600,2025-03-28,Ben Carter,34
L-11060,2025-12-01,Clear Analytics,Education,51-200,EMEA,Germany,Content Syndication,Whitepaper Syndication,syndication,New,,,,,,,,,
L-10794,2026-03-01,Echo Partners,Retail,201-1000,EMEA,France,Paid Search,Brand Search Q,cpc,New,,,,,,,,,
L-10088,2025-08-16,Pine Labs,Financial Services,201-1000,North America,Canada,Events,Customer Dinner Series,event,MQL,2025-08-18,,,,,,,,
L-11848,2025-12-15,Echo Analytics,Manufacturing,51-200,EMEA,France,Paid Search,Brand Search Q,cpc,Disqualified,,,,,,,,,
L-11331,2026-06-11,Iron Analytics,Healthcare,1001-5000,North America,Canada,Outbound,SDR Outbound - Enterprise,outbound,New,,,,,,,,,
L-10227,2025-04-28,Lumen Works,Logistics,1-50,EMEA,Germany,Paid Social,LinkedIn Lead Gen,paid_social,Disqualified,,,,,,,,,
L-11506,2025-12-22,Blue Analytics,Media,1-50,North America,United States,Paid Search,Competitor Keywords,cpc,MQL,2025-12-27,,,,,,,,
L-12192,2025-10-11,Crest Learning,Healthcare,5000+,APAC,Australia,Events,SaaStr Booth,event,MQL,2025-10-15,,,,,,,,
L-10950,2026-06-10,Bright Retail,Healthcare,1-50,EMEA,France,Organic Search,SEO - Blog,organic,New,,,,,,,,,
L-12173,2025-06-26,Atlas Group,Healthcare,5000+,North America,Canada,Paid Search,Generic - Analytics,cpc,SQL,2025-07-02,2025-07-06,,,,,,Jake Chen,
L-11600,2025-04-30,Pine Logistics,Healthcare,1001-5000,North America,United States,Webinar,Webinar: 2026 Benchmarks,email,Converted,2025-05-13,2025-05-31,OPP-6600,2025-06-19,Closed Lost,39400,2025-08-29,Marcus Lee,71
L-10851,2026-04-06,Atlas Foods,Healthcare,51-200,APAC,Singapore,Events,SaaStr Booth,event,New,,,,,,,,,
L-11823,2026-06-19,Silver Foods,SaaS,201-1000,APAC,Singapore,Paid Search,Brand Search Q,cpc,New,,,,,,,,,
L-10406,2025-12-29,Vertex Capital,Manufacturing,201-1000,North America,Canada,Paid Search,Brand Search Q,cpc,MQL,2026-01-18,,,,,,,,
L-10515,2026-02-12,Vertex Analytics,Logistics,1-50,North America,United States,Content Syndication,Whitepaper Syndication,syndication,New,,,,,,,,,
L-12366,2025-07-12,Crest Partners,Logistics,201-1000,North America,Canada,Outbound,SDR Outbound - Enterprise,outbound,MQL,2025-08-02,,,,,,,,
L-11932,2025-10-23,Apex Analytics,SaaS,1001-5000,North America,United States,Organic Search,SEO - Blog,organic,New,,,,,,,,,
L-11542,2025-05-11,Atlas Group,Logistics,51-200,EMEA,Netherlands,Organic Search,SEO - Comparison Pages,organic,MQL,2025-05-31,,,,,,,,
L-12141,2026-03-22,North Networks,Financial Services,1-50,North America,United States,Organic Search,SEO - Comparison Pages,organic,Converted,2026-03-28,2026-04-23,OPP-7141,2026-05-10,Discovery,5100,2026-07-08,Marcus Lee,
L-10904,2025-05-05,Vertex Learning,Financial Services,201-1000,North America,Canada,Outbound,SDR Outbound - Mid-Market,outbound,New,,,,,,,,,
L-10614,2025-03-11,Silver Networks,Healthcare,1-50,EMEA,United Kingdom,Paid Search,Brand Search Q,cpc,New,,,,,,,,,
L-12034,2025-10-04,North Health,Logistics,1-50,LATAM,Brazil,Paid Social,Meta Retargeting,paid_social,New,,,,,,,,,
L-10624,2025-04-09,Blue Capital,Financial Services,201-1000,North America,Canada,Outbound,SDR Outbound - Mid-Market,outbound,New,,,,,,,,,
L-10564,2025-04-19,Blue Learning,Media,1-50,EMEA,Netherlands,Outbound,SDR Outbound - Mid-Market,outbound,Converted,2025-04-25,2025-05-24,OPP-5564,2025-06-09,Closed Lost,8200,2025-08-03,Sofia Martinez,55
L-11695,2025-03-24,Silver Health,Financial Services,51-200,North America,United States,Organic Search,SEO - Comparison Pages,organic,New,,,,,,,,,
L-10380,2025-01-10,Lumen Analytics,Logistics,1-50,North America,Canada,paid search,Competitor Keywords,cpc,Disqualified,,,,,,,,,
L-10354,2025-11-08,Nova Works,Financial Services,201-1000,North America,United States,Paid Search,Competitor Keywords,cpc,MQL,2025-11-08,,,,,,,,
L-10029,2026-04-04,Nova Logistics,SaaS,51-200,EMEA,Germany,Organic Search,SEO - Comparison Pages,organic,MQL,2026-04-06,,,,,,,,
L-12439,2025-12-02,Lumen Robotics,SaaS,5000+,APAC,Australia,Content Syndication,Ebook: State of Marketing,syndication,MQL,2025-12-20,,,,,,,,
L-10037,2025-10-12,Summit Media,Logistics,1001-5000,North America,Canada,Webinar,Webinar: 2026 Benchmarks,email,MQL,2025-10-28,,,,,,,,
L-10118,2025-07-07,Summit Foods,Media,51-200,APAC,Australia,Content Syndication,Ebook: State of Marketing,syndication,New,,,,,,,,,
L-11737,2025-11-23,Blue Robotics,Retail,51-200,APAC,Australia,Referral,Customer Referral,referral,New,,,,,,,,,
L-11681,2025-03-31,Apex Robotics,Healthcare,1001-5000,LATAM,Brazil,Paid Search,Competitor Keywords,cpc,MQL,2025-04-19,,,,,,,,
L-11451,2026-05-05,Maple Works,Financial Services,51-200,APAC,Singapore,Content Syndication,Ebook: State of Marketing,syndication,Disqualified,,,,,,,,,
L-12321,2025-07-30,Harbor Group,Logistics,51-200,North America,United States,Events,Customer Dinner Series,event,New,,,,,,,,,
L-11385,2026-03-16,Atlas Robotics,Manufacturing,1-50,APAC,Singapore,Webinar,Webinar: 2026 Benchmarks,email,SQL,2026-03-20,2026-04-09,,,,,,Marcus Lee,
L-11151,2026-02-08,Harbor Retail,Media,1-50,APAC,Japan,Paid Search,Brand Search Q,,New,,,,,,,,,
L-11290,2025-07-18,Clear Group,Manufacturing,201-1000,LATAM,Brazil,Webinar,Webinar: 2026 Benchmarks,email,New,,,,,,,,,
L-11117,2026-01-09,Clear Retail,Financial Services,1-50,APAC,Australia,Paid Social,Meta Retargeting,paid_social,MQL,2026-01-10,,,,,,,,
L-11189,2026-05-24,Orbit Analytics,SaaS,5000+,North America,United States,Paid Search,Generic - Analytics,cpc,MQL,2026-06-09,,,,,,,,
L-12392,2025-08-10,Atlas Analytics,Healthcare,201-1000,North America,United States,Webinar,Webinar: Pipeline Masterclass,email,MQL,2025-08-16,,,,,,,,
L-10112,2025-04-05,Maple Systems,Media,1001-5000,LATAM,Mexico,Content Syndication,Ebook: State of Marketing,syndication,New,,,,,,,,,
L-11094,2025-03-23,Nova Media,Healthcare,51-200,North America,United States,Paid Search,Brand Search Q,cpc,New,,,,,,,,,
L-10367,2026-04-23,Quartz Media,SaaS,201-1000,EMEA,Germany,Paid Search,Competitor Keywords,cpc,New,,,,,,,,,
L-11852,2025-01-12,Vertex Labs,Financial Services,201-1000,EMEA,Germany,Organic Search,SEO - Comparison Pages,organic,Disqualified,,,,,,,,,
L-12048,2025-10-08,Lumen Labs,Healthcare,51-200,EMEA,France,Paid Social,Meta Retargeting,paid_social,New,,,,,,,,,
L-10949,2025-08-06,Apex Capital,Retail,201-1000,EMEA,Germany,Events,Regional Roadshow,event,Converted,2025-08-12,2025-08-16,OPP-5949,2025-08-22,Closed Won,,2025-09-15,Jake Chen,24
L-11047,2025-12-22,Orbit Foods,Retail,201-1000,EMEA,Netherlands,Content Syndication,Whitepaper Syndication,syndication,Disqualified,,,,,,,,,
L-12075,2025-01-23,Iron Health,Retail,201-1000,North America,United States,Webinar,Webinar: 2026 Benchmarks,email,New,,,,,,,,,
L-11556,2026-04-07,Summit Media,Healthcare,201-1000,North America,United States,Paid Search,Generic - Analytics,cpc,New,,,,,,,,,
L-11011,2026-01-12,Crest Labs,Financial Services,1-50,North America,United States,Paid Social,LinkedIn Lead Gen,paid_social,New,,,,,,,,,
L-12052,2026-06-23,Summit Labs,Retail,51-200,APAC,Australia,Paid Social,Meta Retargeting,paid_social,New,,,,,,,,,
L-11632,2025-10-19,Cedar Health,Healthcare,51-200,North America,United States,Webinar,Webinar: RevOps 101,email,New,,,,,,,,,
L-10719,2025-11-09,Crest Retail,Education,201-1000,North America,Canada,Events,Customer Dinner Series,event,MQL,2025-11-15,,,,,,,,
L-12456,2026-02-23,Silver Partners,Healthcare,51-200,North America,United States,Webinar,Webinar: 2026 Benchmarks,email,Disqualified,,,,,,,,,
L-11437,2025-09-21,Echo Labs,Manufacturing,51-200,North America,Canada,Webinar,Webinar: 2026 Benchmarks,email,Disqualified,,,,,,,,,
L-11553,2025-04-06,Crest Capital,Manufacturing,201-1000,North America,United States,Content Syndication,Ebook: State of Marketing,,MQL,2025-04-06,,,,,,,,
L-11105,2025-08-07,Crest Retail,Healthcare,201-1000,North America,United States,Paid Social,Meta Retargeting,paid_social,New,,,,,,,,,
L-11392,2025-10-22,Cedar Partners,Financial Services,1-50,APAC,Australia,Webinar,Webinar: RevOps 101,email,New,,,,,,,,,
L-11400,2025-09-09,Maple Robotics,Logistics,201-1000,LATAM,Mexico,Content Syndication,Ebook: State of Marketing,syndication,New,,,,,,,,,
L-12430,2026-01-29,Summit Robotics,Media,1-50,North America,Canada,Paid Search,Brand Search Q,cpc,SQL,2026-02-05,2026-02-28,,,,,,Jake Chen,
L-10091,2026-02-13,Maple Works,Media,201-1000,North America,United States,paid_social,LinkedIn Thought Leadership,paid_social,MQL,2026-03-05,,,,,,,,
L-11638,2025-03-28,Quartz Foods,Healthcare,1-50,LATAM,Mexico,Paid Search,Competitor Keywords,cpc,New,,,,,,,,,
L-10682,2025-04-14,Clear Logistics,Healthcare,1-50,EMEA,Netherlands,Paid Search,Generic - Analytics,cpc,New,,,,,,,,,
L-12116,2025-10-16,Bright Works,Financial Services,51-200,North America,Canada,Webinar,Webinar: 2026 Benchmarks,email,MQL,2025-10-23,,,,,,,,
L-10366,2025-08-24,Summit Works,Retail,51-200,North America,United States,Referral,Customer Referral,referral,New,,,,,,,,,
L-10312,2025-11-23,Clear Logistics,Retail,201-1000,EMEA,France,Paid Social,LinkedIn Thought Leadership,paid_social,New,,,,,,,,,
L-11537,2025-07-08,Harbor Partners,Healthcare,201-1000,EMEA,France,Paid Social,LinkedIn Thought Leadership,paid_social,SQL,2025-07-23,2025-08-04,,,,,,Sofia Martinez,
L-10813,2025-12-21,Vertex Labs,Healthcare,5000+,North America,United States,Referral,Customer Referral,referral,Converted,2025-12-26,2025-12-30,OPP-5813,2026-01-11,Proposal,70300,2026-07-18,Tom Reilly,
L-10128,2025-03-04,Cedar Systems,Healthcare,201-1000,North America,Canada,Webinar,Webinar: RevOps 101,email,MQL,2025-03-18,,,,,,,,
L-11584,2025-06-03,Iron Foods,Financial Services,1-50,EMEA,United Kingdom,Referral,Partner Referral,referral,New,,,,,,,,,
L-11258,2025-02-08,Nova Learning,Healthcare,1001-5000,North America,United States,Organic Search,SEO - Comparison Pages,organic,MQL,2025-02-28,,,,,,,,
L-10418,2025-02-04,Clear Analytics,Logistics,201-1000,LATAM,Mexico,Paid Social,Meta Retargeting,paid_social,New,,,,,,,,,
L-10485,2025-03-11,Orbit Logistics,Retail,51-200,North America,United States,Events,Customer Dinner Series,event,New,,,,,,,,,
L-11562,2025-11-29,Atlas Media,Education,51-200,North America,United States,Outbound,SDR Outbound - Enterprise,outbound,MQL,2025-12-15,,,,,,,,
L-12208,2025-01-17,Maple Works,Education,201-1000,EMEA,Germany,Paid Social,LinkedIn Thought Leadership,paid_social,MQL,2025-02-04,,,,,,,,
L-11697,2025-06-19,Crest Media,Financial Services,51-200,North America,United States,Content Syndication,Whitepaper Syndication,syndication,New,,,,,,,,,
L-10298,2026-04-13,Maple Systems,Healthcare,1-50,North America,Canada,Webinar,Webinar: RevOps 101,email,SQL,2026-04-22,2026-04-25,,,,,,Marcus Lee,
L-10281,2026-02-12,Atlas Analytics,Retail,1001-5000,APAC,Singapore,Paid Social,Meta Retargeting,paid_social,New,,,,,,,,,
L-11554,2026-03-08,Quartz Media,SaaS,1-50,North America,Canada,Organic Search,SEO - Comparison Pages,organic,Converted,2026-03-24,2026-04-04,OPP-6554,2026-04-20,Closed Lost,13100,2026-06-10,Aisha Patel,51
L-10878,2026-03-31,Silver Foods,Logistics,5000+,LATAM,Mexico,Webinar,Webinar: RevOps 101,email,New,,,,,,,,,
L-11277,2025-10-13,Clear Logistics,Healthcare,1-50,North America,United States,Referral,Customer Referral,referral,MQL,2025-10-25,,,,,,,,
L-12483,2026-06-27,North Group,Financial Services,5000+,North America,United States,Events,SaaStr Booth,event,MQL,2026-07-04,,,,,,,,
L-12229,2026-02-01,Iron Group,Retail,201-1000,EMEA,United Kingdom,Paid Social,Meta Retargeting,paid_social,New,,,,,,,,,
L-10731,2025-11-11,Maple Group,SaaS,1-50,APAC,Singapore,Paid Social,Meta Retargeting,paid_social,New,,,,,,,,,
L-11800,2025-03-28,Silver Labs,Logistics,201-1000,North America,United States,Paid Search,Brand Search Q,cpc,MQL,2025-04-17,,,,,,,,
L-11515,2025-05-06,Blue Works,Education,1-50,EMEA,France,Paid Social,LinkedIn Thought Leadership,paid_social,Converted,2025-05-16,2025-05-30,OPP-6515,2025-06-11,Closed Lost,10800,2025-08-09,Dana Okafor,59
L-10326,2025-12-07,Vertex Partners,Education,51-200,North America,United States,Paid Social,Meta Retargeting,paid_social,New,,,,,,,,,
L-11037,2026-02-21,Harbor Group,Retail,51-200,APAC,Singapore,Events,Regional Roadshow,event,New,,,,,,,,,
L-11104,2025-10-27,Iron Group,Manufacturing,51-200,LATAM,Mexico,Paid Search,Generic - Analytics,cpc,MQL,2025-10-31,,,,,,,,
L-10455,2025-09-27,Lumen Foods,Logistics,1-50,EMEA,Netherlands,Outbound,SDR Outbound - Enterprise,outbound,New,,,,,,,,,
L-10424,2026-06-11,Quartz Foods,Logistics,201-1000,North America,United States,Paid Search,Generic - Analytics,cpc,New,,,,,,,,,
L-12101,2025-05-05,Quartz Group,Education,1-50,North America,Canada,Content Syndication,Whitepaper Syndication,syndication,New,,,,,,,,,
L-10020,2026-01-26,Nova Works,SaaS,1-50,APAC,Japan,Paid Social,LinkedIn Lead Gen,paid_social,New,,,,,,,,,
L-11237,2025-04-24,Maple Analytics,Retail,1001-5000,EMEA,Netherlands,Events,SaaStr Booth,event,Disqualified,,,,,,,,,
L-12103,2026-01-12,Apex Robotics,SaaS,1001-5000,North America,United States,Paid Social,LinkedIn Thought Leadership,paid_social,New,,,,,,,,,
L-11468,2026-05-24,Vertex Robotics,Financial Services,201-1000,APAC,Japan,Events,SaaStr Booth,event,SQL,2026-05-25,2026-06-10,,,,,,Sofia Martinez,
L-11066,2025-08-24,Nova Works,Manufacturing,1-50,North America,Canada,Events,Customer Dinner Series,event,Converted,2025-09-13,2025-10-13,OPP-6066,2025-10-14,Closed Won,8600,2025-10-25,Sofia Martinez,11
L-10500,2026-05-13,Harbor Group,Logistics,51-200,North America,Canada,Organic Search,SEO - Blog,organic,MQL,2026-05-30,,,,,,,,
L-10153,2025-10-19,Orbit Group,Education,5000+,North America,Canada,Paid Social,LinkedIn Thought Leadership,paid_social,New,,,,,,,,,
L-11637,2025-10-28,Maple Systems,Healthcare,51-200,North America,United States,Referral,Partner Referral,referral,SQL,2025-11-03,2025-11-15,,,,,,Aisha Patel,
L-11970,2025-08-28,Orbit Media,Healthcare,1-50,North America,United States,Referral,Customer Referral,referral,MQL,2025-08-31,,,,,,,,
L-11812,2026-06-29,Vertex Media,,1-50,North America,Canada,Outbound,SDR Outbound - Mid-Market,outbound,Disqualified,,,,,,,,,
L-12356,2025-10-06,Clear Systems,SaaS,201-1000,North America,United States,Paid Social,LinkedIn Lead Gen,paid_social,MQL,2025-10-17,,,,,,,,
L-10691,2025-09-07,Blue Systems,Healthcare,5000+,APAC,Japan,paid_social,Meta Retargeting,paid_social,New,,,,,,,,,
L-11414,2025-02-18,Vertex Robotics,SaaS,51-200,North America,Canada,Content Syndication,Ebook: State of Marketing,syndication,MQL,2025-02-20,,,,,,,,
L-11364,2026-04-03,Apex Group,Financial Services,201-1000,North America,United States,Referral,Partner Referral,referral,MQL,2026-04-07,,,,,,,,
L-11874,2025-09-22,Cedar Labs,Manufacturing,201-1000,North America,United States,Webinar,Webinar: Pipeline Masterclass,email,New,,,,,,,,,
L-10433,2026-02-19,Cedar Foods,Education,1-50,North America,Canada,Webinar,Webinar: 2026 Benchmarks,email,New,,,,,,,,,
L-10934,2025-02-23,Apex Health,Logistics,51-200,EMEA,United Kingdom,Events,Regional Roadshow,event,New,,,,,,,,,
L-11640,2025-12-12,Cedar Learning,SaaS,201-1000,North America,Canada,Paid Social,LinkedIn Thought Leadership,paid_social,MQL,2026-01-02,,,,,,,,
L-10159,2026-05-05,Vertex Media,Logistics,1001-5000,LATAM,Brazil,paid search,Generic - Analytics,cpc,New,,,,,,,,,
L-10534,2025-07-03,Vertex Group,Logistics,201-1000,North America,Canada,Content Syndication,Whitepaper Syndication,syndication,Disqualified,,,,,,,,,
L-10362,2026-04-19,Crest Foods,Manufacturing,51-200,APAC,Singapore,Paid Social,LinkedIn Lead Gen,paid_social,New,,,,,,,,,
L-12012,2025-05-15,Cedar Media,Retail,1001-5000,North America,United States,Paid Search,Brand Search Q,cpc,Disqualified,,,,,,,,,
L-10946,2025-06-14,Quartz Health,Education,1001-5000,North America,United States,Content Syndication,Whitepaper Syndication,syndication,New,,,,,,,,,
L-11610,2025-05-13,Orbit Networks,Retail,1-50,North America,Canada,Webinar,Webinar: 2026 Benchmarks,email,New,,,,,,,,,
L-10403,2025-07-18,Atlas Works,Financial Services,201-1000,LATAM,Mexico,Outbound,SDR Outbound - Enterprise,outbound,New,,,,,,,,,
L-11089,2026-05-07,Summit Works,Manufacturing,1001-5000,North America,Canada,Outbound,SDR Outbound - Enterprise,outbound,Converted,2026-05-28,2026-06-19,OPP-6089,2026-06-22,Proposal,62500,2026-07-02,Jake Chen,
L-11965,2026-05-26,Apex Robotics,SaaS,51-200,North America,United States,Organic Search,SEO - Comparison Pages,organic,Converted,2026-06-01,2026-07-01,OPP-6965,2026-07-10,Negotiation,14300,2026-08-03,Jake Chen,
L-11765,2026-06-04,Silver Works,Financial Services,1-50,North America,United States,Events,SaaStr Booth,event,New,,,,,,,,,
L-12119,2025-11-12,Summit Logistics,Manufacturing,201-1000,North America,Canada,Content Syndication,Ebook: State of Marketing,syndication,New,,,,,,,,,
L-11121,2026-04-10,Echo Analytics,Manufacturing,1-50,North America,Canada,Paid Social,LinkedIn Thought Leadership,paid_social,New,,,,,,,,,
L-11725,2025-09-05,Iron Networks,Manufacturing,5000+,APAC,Australia,Organic Search,SEO - Comparison Pages,organic,SQL,2025-09-13,2025-09-29,,,,,,Aisha Patel,
L-11693,2026-03-19,Apex Robotics,Logistics,1001-5000,North America,Canada,Outbound,SDR Outbound - Mid-Market,outbound,New,,,,,,,,,
L-11275,2025-11-08,Summit Retail,SaaS,51-200,EMEA,France,Events,SaaStr Booth,event,Converted,2025-11-28,2025-12-27,OPP-6275,2026-01-03,Closed Won,6700,2026-01-30,Sofia Martinez,27
L-12126,2025-04-03,Crest Media,Media,1-50,North America,United States,Paid Search,Competitor Keywords,cpc,MQL,2025-04-17,,,,,,,,
L-11492,2025-05-26,Crest Robotics,Education,201-1000,North America,Canada,Paid Social,LinkedIn Thought Leadership,paid_social,New,,,,,,,,,
L-11799,2026-04-27,Pine Robotics,Financial Services,1001-5000,North America,United States,Content Syndication,Whitepaper Syndication,syndication,MQL,2026-05-11,,,,,,,,
L-11046,2025-04-10,Orbit Works,Financial Services,5000+,North America,United States,Referral,Customer Referral,referral,MQL,2025-04-13,,,,,,,,
L-11685,2025-12-18,Vertex Health,SaaS,5000+,North America,Canada,Content Syndication,Ebook: State of Marketing,syndication,New,,,,,,,,,
L-10965,2025-12-02,Silver Networks,Logistics,201-1000,EMEA,Germany,Organic Search,SEO - Comparison Pages,organic,Disqualified,,,,,,,,,
L-11058,2026-05-27,Bright Capital,Healthcare,51-200,North America,Canada,Organic Search,SEO - Blog,organic,MQL,2026-06-03,,,,,,,,
L-10134,2026-04-01,Apex Networks,Manufacturing,5000+,EMEA,France,Outbound,SDR Outbound - Enterprise,outbound,New,,,,,,,,,
L-10070,2026-03-16,Vertex Partners,Financial Services,201-1000,EMEA,Netherlands,Paid Search,Brand Search Q,cpc,Converted,2026-04-03,2026-04-08,OPP-5070,2026-04-23,Closed Lost,20000,2026-06-18,Ben Carter,56
L-12179,2025-07-25,Pine Partners,Media,5000+,EMEA,United Kingdom,Paid Search,Competitor Keywords,cpc,New,,,,,,,,,
L-10986,2025-10-21,Orbit Logistics,Education,201-1000,North America,Canada,Paid Social,LinkedIn Thought Leadership,paid_social,New,,,,,,,,,
L-10596,2025-03-20,Bright Foods,Retail,51-200,North America,Canada,Webinar,Webinar: Pipeline Masterclass,email,New,,,,,,,,,
L-10789,2025-02-21,Clear Labs,Retail,201-1000,LATAM,Brazil,Events,Customer Dinner Series,event,MQL,2025-03-01,,,,,,,,
L-12305,2026-03-30,Silver Health,Manufacturing,51-200,North America,Canada,Paid Social,LinkedIn Thought Leadership,paid_social,New,,,,,,,,,
L-11624,2025-11-14,Pine Retail,Logistics,51-200,EMEA,France,Webinar,Webinar: 2026 Benchmarks,email,MQL,2025-11-25,,,,,,,,
L-10801,2026-04-15,Lumen Labs,SaaS,51-200,North America,United States,Events,SaaStr Booth,event,New,,,,,,,,,
L-12004,2025-08-26,Maple Learning,,51-200,North America,Canada,Content Syndication,Whitepaper Syndication,syndication,MQL,2025-09-09,,,,,,,,
L-12244,2026-02-09,Summit Health,Retail,1-50,North America,Canada,Webinar,Webinar: Pipeline Masterclass,email,New,,,,,,,,,
L-10845,2026-05-20,Summit Works,Manufacturing,201-1000,North America,United States,Paid Search,Generic - Analytics,cpc,Disqualified,,,,,,,,,
L-12298,2025-12-02,Clear Media,Logistics,1001-5000,EMEA,France,Events,Customer Dinner Series,event,SQL,2025-12-05,2025-12-27,,,,,,Jake Chen,
L-12223,2026-05-10,Pine Robotics,Media,1001-5000,North America,United States,Paid Search,Competitor Keywords,cpc,SQL,2026-05-30,2026-06-07,,,,,,Aisha Patel,
L-12031,2025-07-07,Nova Systems,Education,1-50,North America,Canada,Webinar,Webinar: 2026 Benchmarks,email,New,,,,,,,,,
L-11755,2025-10-03,Iron Capital,Manufacturing,1-50,EMEA,France,Content Syndication,Ebook: State of Marketing,syndication,New,,,,,,,,,
L-10964,2026-01-04,Maple Group,Manufacturing,51-200,North America,Canada,Webinar,Webinar: 2026 Benchmarks,email,SQL,2026-01-18,2026-02-08,,,,,,Dana Okafor,
L-10677,2025-12-12,Crest Learning,SaaS,201-1000,North America,United States,Paid Social,LinkedIn Lead Gen,paid_social,New,,,,,,,,,
L-12128,2026-05-28,Orbit Foods,Media,51-200,North America,Canada,Paid Search,Competitor Keywords,cpc,MQL,2026-05-31,,,,,,,,
L-11274,2026-03-24,Maple Networks,SaaS,51-200,LATAM,Brazil,Referral,Partner Referral,referral,MQL,2026-04-10,,,,,,,,
L-10880,2025-07-13,Pine Capital,Manufacturing,1-50,North America,United States,Webinar,Webinar: Pipeline Masterclass,email,Converted,2025-08-03,2025-08-13,OPP-5880,2025-08-14,Closed Lost,8800,2025-10-20,Dana Okafor,67
L-10099,2026-03-05,Lumen Retail,Logistics,1-50,North America,Canada,Paid Search,Competitor Keywords,cpc,Converted,2026-03-21,2026-04-05,OPP-5099,2026-04-24,Discovery,9400,2026-07-05,Marcus Lee,
L-11724,2026-03-16,Silver Networks,Education,51-200,North America,Canada,Referral,Partner Referral,referral,SQL,2026-03-21,2026-04-02,,,,,,Sofia Martinez,
L-12360,2026-04-01,Orbit Labs,Education,1001-5000,EMEA,Netherlands,Paid Social,Meta Retargeting,paid_social,MQL,2026-04-22,,,,,,,,
L-10469,2025-01-31,Clear Works,Healthcare,1-50,EMEA,United Kingdom,Webinar,Webinar: Pipeline Masterclass,email,Disqualified,,,,,,,,,
L-10867,2025-12-26,Pine Learning,SaaS,201-1000,LATAM,Brazil,Paid Search,Brand Search Q,cpc,New,,,,,,,,,
L-10462,2025-03-07,Summit Works,Manufacturing,1001-5000,North America,Canada,Organic Search,SEO - Comparison Pages,organic,MQL,2025-03-10,,,,,,,,
L-11296,2026-04-15,Lumen Partners,SaaS,1-50,EMEA,Netherlands,Events,Customer Dinner Series,event,New,,,,,,,,,
L-11459,2026-04-04,Nova Systems,Financial Services,201-1000,EMEA,Netherlands,Paid Search,Brand Search Q,cpc,MQL,2026-04-21,,,,,,,,
L-11124,2025-07-15,Silver Group,Logistics,1-50,EMEA,United Kingdom,Content Syndication,Ebook: State of Marketing,syndication,New,,,,,,,,,
L-11384,2025-10-02,Clear Systems,SaaS,201-1000,North America,Canada,Content Syndication,Ebook: State of Marketing,syndication,New,,,,,,,,,
L-12255,2025-11-10,Bright Systems,Financial Services,51-200,LATAM,Mexico,Paid Search,Brand Search Q,cpc,New,,,,,,,,,
L-11532,2025-05-25,Summit Health,Financial Services,1-50,EMEA,United Kingdom,Outbound,SDR Outbound - Enterprise,outbound,New,,,,,,,,,
L-10580,2026-01-26,Maple Capital,Healthcare,201-1000,LATAM,Mexico,webinar,Webinar: 2026 Benchmarks,email,SQL,2026-02-10,2026-02-16,,,,,,Sofia Martinez,
L-10120,2026-01-13,Quartz Learning,Financial Services,1-50,North America,Canada,Events,Regional Roadshow,event,New,,,,,,,,,
L-11332,2026-06-25,Iron Works,Financial Services,1001-5000,North America,Canada,Organic Search,SEO - Blog,organic,New,,,,,,,,,
L-12149,2025-05-05,Vertex Partners,Media,1-50,North America,United States,Webinar,Webinar: Pipeline Masterclass,email,New,,,,,,,,,
L-10583,2025-09-16,Atlas Works,Manufacturing,51-200,EMEA,France,Content Syndication,Ebook: State of Marketing,syndication,MQL,2025-09-18,,,,,,,,
L-10764,2026-01-01,Quartz Capital,Education,1001-5000,North America,Canada,Paid Social,LinkedIn Thought Leadership,paid_social,New,,,,,,,,,
L-12019,2025-04-15,Atlas Robotics,Media,1001-5000,EMEA,Netherlands,Content Syndication,Ebook: State of Marketing,syndication,New,,,,,,,,,
L-12367,2025-07-17,Cedar Group,Financial Services,51-200,EMEA,Germany,Webinar,Webinar: RevOps 101,email,New,,,,,,,,,
L-10022,2026-05-31,Bright Systems,Retail,201-1000,EMEA,France,Paid Search,Brand Search Q,cpc,New,,,,,,,,,
L-12457,2026-05-26,North Foods,Healthcare,1-50,EMEA,Netherlands,Webinar,Webinar: RevOps 101,email,Disqualified,,,,,,,,,
L-11373,2025-11-19,Blue Analytics,Healthcare,201-1000,North America,United States,Paid Social,LinkedIn Lead Gen,paid_social,MQL,2025-12-04,,,,,,,,
L-11918,2025-11-29,Nova Logistics,Financial Services,201-1000,EMEA,France,Outbound,SDR Outbound - Enterprise,outbound,New,,,,,,,,,
L-10997,2025-04-13,Cedar Foods,Education,1001-5000,EMEA,Netherlands,Content Syndication,Ebook: State of Marketing,syndication,MQL,2025-04-27,,,,,,,,
L-10701,2026-02-15,Orbit Foods,Logistics,51-200,North America,United States,Paid Search,Competitor Keywords,cpc,New,,,,,,,,,
L-10790,2025-03-08,Atlas Foods,Media,51-200,North America,United States,Paid Search,Generic - Analytics,cpc,New,,,,,,,,,
L-12262,2026-06-26,Atlas Analytics,Financial Services,51-200,LATAM,Brazil,Paid Search,Competitor Keywords,cpc,Disqualified,,,,,,,,,
L-12156,2025-10-15,Orbit Networks,Retail,51-200,North America,United States,Paid Social,LinkedIn Lead Gen,paid_social,New,,,,,,,,,
L-12219,2025-02-20,Apex Media,Education,201-1000,APAC,Japan,Paid Search,Competitor Keywords,cpc,New,,,,,,,,,
L-11169,2025-03-16,Crest Labs,SaaS,51-200,North America,United States,Content Syndication,Whitepaper Syndication,syndication,New,,,,,,,,,
L-11201,2026-02-06,North Health,Manufacturing,1-50,North America,Canada,Paid Search,Generic - Analytics,cpc,New,,,,,,,,,
L-12011,2025-11-19,Maple Learning,Manufacturing,1-50,North America,Canada,Webinar,Webinar: 2026 Benchmarks,email,SQL,2025-12-04,2025-12-15,,,,,,Dana Okafor,
L-12190,2025-07-21,North Learning,SaaS,201-1000,North America,United States,Content Syndication,Ebook: State of Marketing,syndication,New,,,,,,,,,
L-11383,2025-10-26,Clear Labs,SaaS,51-200,North America,Canada,Paid Search,Brand Search Q,cpc,MQL,2025-11-11,,,,,,,,
L-11664,2025-08-28,Vertex Retail,Financial Services,51-200,APAC,Australia,Paid Search,Brand Search Q,cpc,SQL,2025-09-05,2025-09-29,,,,,,Sofia Martinez,
L-10126,2026-06-24,Clear Analytics,Education,51-200,EMEA,United Kingdom,Organic Search,SEO - Comparison Pages,organic,MQL,2026-07-05,,,,,,,,
L-10883,2025-05-22,Apex Capital,Media,201-1000,EMEA,France,Webinar,Webinar: Pipeline Masterclass,email,MQL,2025-06-10,,,,,,,,
